-- import to SQLite by running: sqlite3.exe db.sqlite3 -init sqlite.sql

PRAGMA journal_mode = MEMORY;
PRAGMA synchronous = OFF;
PRAGMA foreign_keys = OFF;
PRAGMA ignore_check_constraints = OFF;
PRAGMA auto_vacuum = NONE;
PRAGMA secure_delete = OFF;
BEGIN TRANSACTION;


CREATE TABLE `assembly` (
`assembly_id` INTEGER NOT NULL ,
`ucsc_name` TEXT DEFAULT NULL,
`accession` TEXT NOT NULL,
`level` TEXT NOT NULL,
`name` TEXT NOT NULL,
`tolid` TEXT DEFAULT NULL,
PRIMARY KEY (`assembly_id`)
);
INSERT INTO `assembly` VALUES (2,NULL,'GCA_009873245.2','chromosome','mBalMus1.v2',NULL),(254,NULL,'test accession','test level','test name',NULL),(255,NULL,'test accession','test level','test name',NULL);

CREATE TABLE `assembly_sequence` (
`assembly_sequence_id` INTEGER NOT NULL ,
`name` TEXT DEFAULT NULL,
`assembly_id` INTEGER NOT NULL,
`accession` TEXT NOT NULL,
`chromosomal` tinyINTEGER NOT NULL,
`length` INTEGER NOT NULL,
`sequence_location` TEXT,
`sequence_checksum` TEXT DEFAULT NULL,
`ga4gh_identifier` TEXT DEFAULT NULL,
PRIMARY KEY (`assembly_sequence_id`),
FOREIGN KEY (`assembly_id`) REFERENCES `assembly` (`assembly_id`) ON DELETE CASCADE ON UPDATE CASCADE
);
INSERT INTO `assembly_sequence` VALUES (37807,'1',2,'CM020941.1',1,185157308,'SO:0000738','bb967773a69d45e191a5e0fcfe277f7c',NULL),(37808,'2',2,'CM020942.1',1,176072231,'SO:0000738','90c2e479b8409db046e4173b1b7a8b6d',NULL),(37809,'3',2,'CM020943.1',1,171879439,'SO:0000738','56a1fe2fbc1616e2d170231446b90439',NULL),(37810,'4',2,'CM020944.1',1,145217739,'SO:0000738','c8f37a5852771a834199f90f1b6d225b',NULL),(37811,'5',2,'CM020945.1',1,140799745,'SO:0000738','9ef680c5cec0094df39d77320b3ef0b8',NULL),(37812,'6',2,'CM020946.1',1,116686506,'SO:0000738','89f42c7dc56a637350bec07774e499fa',NULL),(37813,'7',2,'CM020947.1',1,113670270,'SO:0000738','5183a4ce43b196d8238079404b5a10ed',NULL),(37814,'8',2,'CM020948.1',1,110470125,'SO:0000738','568d9cfc8f87c9495feb66bc433aa10e',NULL),(37815,'9',2,'CM020949.1',1,107551276,'SO:0000738','882a644e777612deaafbffbdc717da68',NULL),(37816,'10',2,'CM020950.1',1,104923904,'SO:0000738','c6e49f4c3093df10929595b7ac04844b',NULL),(37817,'11',2,'CM020951.1',1,104095770,'SO:0000738','a4843d0e76f8b18fb1dbd5da120bcf0f',NULL),(37818,'12',2,'CM020952.1',1,91686959,'SO:0000738','d33a428eb5763292700675a9f15f8741',NULL),(37819,'13',2,'CM020953.1',1,90777659,'SO:0000738','279b3f89ba4d579ee1c2767300502d43',NULL),(37820,'14',2,'CM020954.1',1,90457485,'SO:0000738','c44baba509fd7918d6e84d30c9b59665',NULL),(37821,'15',2,'CM020955.1',1,88610610,'SO:0000738','b61d9e105950e4bdcb1d12ab49e9df32',NULL),(37822,'16',2,'CM020956.1',1,86440296,'SO:0000738','3a5224ee55ce3286503c860ae08c8c74',NULL),(37823,'17',2,'CM020957.1',1,81249696,'SO:0000738','076d3ed5934d6f23ce9785573e874dba',NULL),(37824,'18',2,'CM020958.1',1,79721659,'SO:0000738','d6fe34473e30e9a3a58fc6fd14b3ed30',NULL),(37825,'19',2,'CM020959.1',1,60794681,'SO:0000738','36515a4aa66ee95ce1ce304420f01b25',NULL),(37826,'20',2,'CM020960.1',1,60500852,'SO:0000738','9a9b6d7f0b6225de70737aba776ec6ff',NULL),(37827,'21',2,'CM020961.1',1,36476527,'SO:0000738','5ea24ce750bfcfedcb579e01c2b51311',NULL),(37828,'X',2,'CM020962.1',1,129330052,'SO:0000738','0c5969bd1ce7eb1e3112fd451687b9d4',NULL),(37829,'Y',2,'CM020963.1',1,2427530,'SO:0000738','dc5eb343ef18f6bf94ed208fa59159ac',NULL),(37830,NULL,2,'VNFC02000024.1',0,43245,'SO:0000738','7cb0391a7dab01021aeeaf4e8f83fb2e',NULL),(37831,NULL,2,'VNFC02000025.1',0,42862,'SO:0000738','6a91ec9788f7a608e583c0cdf5730672',NULL),(37832,NULL,2,'VNFC02000026.1',0,41596,'SO:0000738','a845c4d31341382e789df0c135dfe31d',NULL),(37833,NULL,2,'VNFC02000027.1',0,41704,'SO:0000738','5ea3c948a202ae12d515caa41b7245f1',NULL),(37834,NULL,2,'VNFC02000028.1',0,41010,'SO:0000738','43a1140793d4d24d3b0fad99e5236051',NULL),(37835,NULL,2,'VNFC02000029.1',0,39805,'SO:0000738','20ded00db1e58fbccba32a251bf58191',NULL),(37836,NULL,2,'VNFC02000030.1',0,39300,'SO:0000738','fadba4664b11ceddc4816c82356d2af2',NULL),(37837,NULL,2,'VNFC02000031.1',0,38399,'SO:0000738','3889ccb7bfc7522eae8b2a3c1a5cbc11',NULL),(37838,NULL,2,'VNFC02000032.1',0,37772,'SO:0000738','62ca7c1e09a7bf93371ad198a4787bd9',NULL),(37839,NULL,2,'VNFC02000033.1',0,37309,'SO:0000738','38521e47bf1632cc554c96ad8df8ea07',NULL),(37840,NULL,2,'VNFC02000034.1',0,37603,'SO:0000738','11df99dc29356a66310f5c60beff7566',NULL),(37841,NULL,2,'VNFC02000035.1',0,36953,'SO:0000738','06c2121a0478c15d8510b786e01f6515',NULL),(37842,NULL,2,'VNFC02000036.1',0,36232,'SO:0000738','aff9334dcd14bd84253060ae739bc9e0',NULL),(37843,NULL,2,'VNFC02000037.1',0,36088,'SO:0000738','c4666e45764b931519bf7d06a44dd28c',NULL),(37844,NULL,2,'VNFC02000038.1',0,36105,'SO:0000738','5f4e6493d8978179732fb414d932b89c',NULL),(37845,NULL,2,'VNFC02000039.1',0,36034,'SO:0000738','c55034ffe54c17b2dfdce2d47851f37c',NULL),(37846,NULL,2,'VNFC02000040.1',0,35504,'SO:0000738','8ed1e3c9db021fcbef7243215380d26b',NULL),(37847,NULL,2,'VNFC02000041.1',0,35455,'SO:0000738','7080d39fbf932a47982a70a570767867',NULL),(37848,NULL,2,'VNFC02000042.1',0,35402,'SO:0000738','df81eb86382e86d31210d8f68cc699fb',NULL),(37849,NULL,2,'VNFC02000043.1',0,35252,'SO:0000738','80ca6d90c6a3545a7abe25a04b8ea986',NULL),(37850,NULL,2,'VNFC02000044.1',0,34460,'SO:0000738','409a649b1eb8a2fc28ccc3462bb8800f',NULL),(37851,NULL,2,'VNFC02000045.1',0,34447,'SO:0000738','9b509172e96b92a56c419dd56c7de2d7',NULL),(37852,NULL,2,'VNFC02000046.1',0,34006,'SO:0000738','144e0db70c4153dc9f37032c47fd00bf',NULL),(37853,NULL,2,'VNFC02000047.1',0,33942,'SO:0000738','d7e3c73ba050c5aedc507a3cff23fdd6',NULL),(37854,NULL,2,'VNFC02000048.1',0,33588,'SO:0000738','88679ffa00d423d2720bcc41b2f8907f',NULL),(37855,NULL,2,'VNFC02000049.1',0,33401,'SO:0000738','f31762cea37a53e81d487d611e9f7999',NULL),(37856,NULL,2,'VNFC02000050.1',0,33307,'SO:0000738','383fd18738f1989dc268c15e5b252f3b',NULL),(37857,NULL,2,'VNFC02000051.1',0,32670,'SO:0000738','c0d951301d5b4886d4ed4e734810abce',NULL),(37858,NULL,2,'VNFC02000052.1',0,32610,'SO:0000738','23d89df4c997045a42154bc8b3b5e0d9',NULL),(37859,NULL,2,'VNFC02000053.1',0,31690,'SO:0000738','27a1a86624d76c09939c35eb82d8bde9',NULL),(37860,NULL,2,'VNFC02000054.1',0,31229,'SO:0000738','048f9cd290942f70f34dedaea9193c96',NULL),(37861,NULL,2,'VNFC02000055.1',0,31080,'SO:0000738','41686616f774c22348f32002d50e53ad',NULL),(37862,NULL,2,'VNFC02000056.1',0,30867,'SO:0000738','66690c90ac2702249d91d26f1b30aaad',NULL),(37863,NULL,2,'VNFC02000057.1',0,30796,'SO:0000738','3f3afcc6bae4f1cc3111bddda068fa75',NULL),(37864,NULL,2,'VNFC02000058.1',0,30108,'SO:0000738','438bf4aec96f63bd09320cea4e33404a',NULL),(37865,NULL,2,'VNFC02000059.1',0,29993,'SO:0000738','7282d9c69a63c5b0a471820a4bd3682b',NULL),(37866,NULL,2,'VNFC02000060.1',0,29730,'SO:0000738','c73d3a74255327e912c9c06b63ba4d12',NULL),(37867,NULL,2,'VNFC02000061.1',0,29502,'SO:0000738','8e7888913c4b205756f7ab88490c7bc3',NULL),(37868,NULL,2,'VNFC02000062.1',0,28687,'SO:0000738','790e9e0ba002573fe98349b77bc6959c',NULL),(37869,NULL,2,'VNFC02000063.1',0,28476,'SO:0000738','d7913ae2e3ee8210b00f13faa076da7b',NULL),(37870,NULL,2,'VNFC02000064.1',0,27894,'SO:0000738','0ec6cdcf21e3e7784cf7cd52d226b7ce',NULL),(37871,NULL,2,'VNFC02000065.1',0,27194,'SO:0000738','399fc50d50828a921bd20e1158c215bb',NULL),(37872,NULL,2,'VNFC02000066.1',0,27044,'SO:0000738','bb35f7b2c3038cc820e2d43c3c05a22f',NULL),(37873,NULL,2,'VNFC02000067.1',0,26796,'SO:0000738','8da1f5dd5383032b83e44b856b3ca37d',NULL),(37874,NULL,2,'VNFC02000068.1',0,26759,'SO:0000738','d372197b43ffebc6020126218a6bfdd2',NULL),(37875,NULL,2,'VNFC02000069.1',0,26721,'SO:0000738','04bd037ef41a9239cdf4705331813350',NULL),(37876,NULL,2,'VNFC02000070.1',0,26527,'SO:0000738','4e6dd8ab44098ebe793027bd0212e26b',NULL),(37877,NULL,2,'VNFC02000071.1',0,26171,'SO:0000738','ab700a5315afa9076046e84f81722987',NULL),(37878,NULL,2,'VNFC02000072.1',0,26090,'SO:0000738','823fd93baa164c5f754d3036597e8c37',NULL),(37879,NULL,2,'VNFC02000073.1',0,24981,'SO:0000738','1b6015a0c6f3a068999abfca3fac13dc',NULL),(37880,NULL,2,'VNFC02000074.1',0,24212,'SO:0000738','788a0ca68e1c2889ad12f1764e7edb1c',NULL),(37881,NULL,2,'VNFC02000075.1',0,25585,'SO:0000738','f6a806bcef7dbd57dd693ee3d8761653',NULL),(37882,NULL,2,'VNFC02000076.1',0,25221,'SO:0000738','b2265a2fbf0cf617d1fbe1fd88f8c198',NULL),(37883,NULL,2,'VNFC02000077.1',0,25081,'SO:0000738','c7f30f039ed002935bfbd81e3115290b',NULL),(37884,NULL,2,'VNFC02000078.1',0,24858,'SO:0000738','99ec6cab4ee14b7311cf95b500bf029a',NULL),(37885,NULL,2,'VNFC02000079.1',0,24591,'SO:0000738','53e4d45822fcdd2d626c6b121555ceee',NULL),(37886,NULL,2,'VNFC02000080.1',0,24330,'SO:0000738','213d2f5d56ede0241abb5edf7bd45861',NULL),(37887,NULL,2,'VNFC02000081.1',0,24329,'SO:0000738','1e8dc5aee72cbe1938ce2162fc756af6',NULL),(37888,NULL,2,'VNFC02000082.1',0,23985,'SO:0000738','0d9ed8a5387f101dd9bf20f915188af8',NULL),(37889,NULL,2,'VNFC02000083.1',0,23069,'SO:0000738','35bb196f120cc753c5246902b0071420',NULL),(37890,NULL,2,'VNFC02000084.1',0,22438,'SO:0000738','fda27d931bdb79852de312720bb48c89',NULL),(37891,NULL,2,'VNFC02000085.1',0,22303,'SO:0000738','5facbe8ba27d0e5bb5368b564f25a0bf',NULL),(37892,NULL,2,'VNFC02000086.1',0,21115,'SO:0000738','eddc1cf3461f12d9f017e4ee797d191f',NULL),(37893,NULL,2,'VNFC02000087.1',0,20793,'SO:0000738','202a5ad612129e8c275398fca925eb22',NULL),(37894,NULL,2,'VNFC02000088.1',0,20703,'SO:0000738','9ee9457b792c6426ee28b3a96128b914',NULL),(37895,NULL,2,'VNFC02000089.1',0,20579,'SO:0000738','8a6c74b2116ed2adb159f5dd03975991',NULL),(37896,NULL,2,'VNFC02000090.1',0,16970,'SO:0000738','ece273af010281eb431ea6a4c9490cfd',NULL),(37897,NULL,2,'VNFC02000091.1',0,610,'SO:0000738','4ae5e949dd1aef97903a19dff1bfcf2e',NULL),(37898,NULL,2,'VNFC02000092.1',0,414552,'SO:0000738','017bfab8fcb0e3d3beaea21537ce072d',NULL),(37899,NULL,2,'VNFC02000093.1',0,230261,'SO:0000738','a69cb862d9244bad535903a88c02f7b8',NULL),(37900,NULL,2,'VNFC02000094.1',0,172977,'SO:0000738','4f5d3ebe6dc3bc3c06b92b3a866b893f',NULL),(37901,NULL,2,'VNFC02000095.1',0,126946,'SO:0000738','8cd5c4b878761749f65a3d71e227cc6c',NULL),(37902,NULL,2,'VNFC02000096.1',0,101605,'SO:0000738','330f170e419637597dce8ff040c1773d',NULL),(37903,NULL,2,'VNFC02000097.1',0,95387,'SO:0000738','e3ff5550bbd4108a2e696d8c4773f9c0',NULL),(37904,NULL,2,'VNFC02000098.1',0,94174,'SO:0000738','2f88d7e59bc92e0463b0c928404be691',NULL),(37905,NULL,2,'VNFC02000099.1',0,77553,'SO:0000738','609ba45e5897ece407bd48841c896ed0',NULL),(37906,NULL,2,'VNFC02000100.1',0,70156,'SO:0000738','1876d54de8881c7600422e4d5d4c8c29',NULL),(37907,NULL,2,'VNFC02000101.1',0,67718,'SO:0000738','dd86725d9ab8901c8d2ef57e101e0d58',NULL),(37908,NULL,2,'VNFC02000102.1',0,65836,'SO:0000738','0fde50c748c03716bf54a3e522b1d763',NULL),(37909,NULL,2,'VNFC02000103.1',0,62110,'SO:0000738','928101768f6460b04a6550f4b634dcb8',NULL),(37910,NULL,2,'VNFC02000104.1',0,59528,'SO:0000738','da9c531114f3fbe4fce23d49ac3d9bed',NULL),(37911,NULL,2,'VNFC02000105.1',0,58865,'SO:0000738','0fd397ed435a8eec3b7764b3f6e7f32f',NULL),(37912,NULL,2,'VNFC02000106.1',0,57688,'SO:0000738','cc92142a5b5171fadb5cbf6fce3ed2c5',NULL),(37913,NULL,2,'VNFC02000107.1',0,57190,'SO:0000738','2eafae41df2acfc298433c8bb8a4f7a1',NULL),(37914,NULL,2,'VNFC02000108.1',0,57125,'SO:0000738','501865d1e2aa0a33e382133517e7cf39',NULL),(37915,NULL,2,'VNFC02000109.1',0,57100,'SO:0000738','c220908b599cc5dfa795e22fc2acc06d',NULL),(37916,NULL,2,'VNFC02000110.1',0,57158,'SO:0000738','473b0d6f35bfa156ba1760e22ff4fc13',NULL),(37917,NULL,2,'VNFC02000111.1',0,57170,'SO:0000738','bf1edd0391bc1a7ebcee85993dafde6d',NULL),(37918,NULL,2,'VNFC02000112.1',0,56060,'SO:0000738','969f48cc6ed20f73183433324d3dbf80',NULL),(37919,NULL,2,'VNFC02000113.1',0,54956,'SO:0000738','60b2ee19fea1b79fe38c459b592109dd',NULL),(37920,NULL,2,'VNFC02000114.1',0,54932,'SO:0000738','f49867596d4a44d70396c39c565a2cbb',NULL),(37921,NULL,2,'VNFC02000115.1',0,53536,'SO:0000738','24554b7a304f9883de517e45f5a49aee',NULL),(37922,NULL,2,'VNFC02000116.1',0,52805,'SO:0000738','572ea5b8e35a5ca244be0f4a8da7bb85',NULL),(37923,NULL,2,'VNFC02000117.1',0,52561,'SO:0000738','0c56726def3a2b92a4c8681be90e5bac',NULL),(37924,NULL,2,'VNFC02000118.1',0,51884,'SO:0000738','59d0bd91655ba1929d0e1ba9ddac02be',NULL),(37925,NULL,2,'VNFC02000119.1',0,50884,'SO:0000738','23e374f0f6698d99982ae3e13f2293d1',NULL),(37926,NULL,2,'VNFC02000120.1',0,50594,'SO:0000738','b9d13066923de8e161e91e28c98cef19',NULL),(37927,NULL,2,'VNFC02000121.1',0,50551,'SO:0000738','fbaad2c3769fb9946ac584ea4404a89f',NULL),(37928,NULL,2,'VNFC02000122.1',0,50361,'SO:0000738','a631d983eddb94a4a59ab9a8757fcefe',NULL),(37929,NULL,2,'VNFC02000123.1',0,50352,'SO:0000738','8f45a6d74a1075ab8d08735574d76503',NULL),(37930,NULL,2,'VNFC02000124.1',0,47414,'SO:0000738','425caf9667a2a763a4a15f5572e2f08f',NULL),(37931,NULL,2,'VNFC02000125.1',0,46677,'SO:0000738','f2c6df0b64dbe802e53432fb7c381794',NULL),(37932,NULL,2,'VNFC02000126.1',0,46137,'SO:0000738','fb101506d493da60a7814952c0e7dd88',NULL),(37933,NULL,2,'VNFC02000127.1',0,44424,'SO:0000738','c14f9e40dd454699cf50c380513b807f',NULL),(37934,NULL,2,'VNFC02000128.1',0,43560,'SO:0000738','048d6f9f7310d2e6a7c01f80cb9e2d70',NULL),(37935,NULL,2,'VNFC02000129.1',0,43707,'SO:0000738','4863ba027c506a9c1959c5dc9bfd0423',NULL);

CREATE TABLE `attribute` (
`attribute_id` INTEGER NOT NULL ,
`name` TEXT NOT NULL,
`label` TEXT NOT NULL,
`description` TEXT DEFAULT NULL,
PRIMARY KEY (`attribute_id`)
);
INSERT INTO `attribute` VALUES (17019,'cdd','CDD',NULL),(17020,'cdna_alignment','cDNA alignment',NULL),(17021,'cdna_coding','Protein-coding cDNA',NULL),(17022,'cdna_lnoncoding','Long ncRNA cDNA',NULL),(17023,'cdna_mnoncoding','Non-coding cDNA',NULL),(17024,'cdna_pseudogene','Pseudogenic cDNA',NULL),(17025,'cdna_snoncoding','Short ncRNA cDNA',NULL),(17026,'cmscan_rfam_14.2','Rfam Models',NULL),(17027,'cmscan_rfam_14.2_lca','Rfam Models (LCA)',NULL),(17028,'cmscan_rfam_14.5_lca','Rfam Models (LCA)',NULL),(17029,'dust','Low complexity (Dust)',NULL),(17030,'ena_covid','ENA annotation',NULL),(17031,'exon_coding','Protein-coding exon',NULL),(17032,'exon_lnoncoding','Long ncRNA exon',NULL),(17033,'exon_mnoncoding','Non-coding exon',NULL),(17034,'exon_pseudogene','Pseudogenic exon',NULL),(17035,'exon_snoncoding','Short ncRNA exon',NULL),(17036,'gene','Gene',NULL),(17037,'gene3d','Gene3D',NULL),(17038,'gene_coding','Protein-coding gene',NULL),(17039,'gene_genomic_coding','Protein-coding gene',NULL),(17040,'gene_genomic_lnoncoding','Long ncRNA gene',NULL),(17041,'gene_genomic_mnoncoding','Non-coding gene',NULL),(17042,'gene_genomic_pseudogene','Pseudogene',NULL),(17043,'gene_genomic_snoncoding','Short ncRNA gene',NULL),(17044,'gene_isoseq','Iso-seq genes',NULL),(17045,'gene_lnoncoding','Long ncRNA gene',NULL),(17046,'gene_mnoncoding','Non-coding gene',NULL),(17047,'gene_pseudogene','Pseudogene',NULL),(17048,'gene_rnaseq','RNA-seq genes',NULL),(17049,'gene_snoncoding','Short ncRNA gene',NULL),(17050,'goa_import','GOA annotation',NULL),(17051,'hamap','HAMAP',NULL),(17052,'hmmpanther','PANTHER',NULL),(17053,'interpro2go','InterPro2GO mapping',NULL),(17054,'isoseq','Isoseq',NULL),(17055,'location','Location',NULL),(17056,'mobidblite','MobiDB lite',NULL),(17057,'nanopore','Nanopore',NULL),(17058,'ncoils','Coiled-coils (Ncoils)',NULL),(17059,'ncrna','ncRNAs',NULL),(17060,'other_protein','Other species proteins',NULL),(17061,'pfam','Pfam',NULL),(17062,'pfscan','PROSITE profiles',NULL),(17063,'pig_brain_isoseq','Pig brain IsoSeq',NULL),(17064,'pig_cdna_of','Pig cDNAs',NULL),(17065,'pig_diaphragm_isoseq','Pig diaphragm IsoSeq',NULL),(17066,'pig_hypothalamus_isoseq','Pig hypothalamus IsoSeq',NULL),(17067,'pig_liver_isoseq','Pig liver IsoSeq',NULL),(17068,'pig_longissimus_muscle_isoseq','Pig longissimus muscle IsoSeq',NULL),(17069,'pig_pituitary_isoseq','Pig pituitary IsoSeq',NULL),(17070,'pig_small_intestine_isoseq','Pig small intestine IsoSeq',NULL),(17071,'pig_spleen_isoseq','Pig spleen IsoSeq',NULL),(17072,'pig_thymus_isoseq','Pig thymus IsoSeq',NULL),(17073,'pirsf','PIRSF',NULL),(17074,'prints','Prints',NULL),(17075,'refseq_import','RefSeq GFF3 annotation import',NULL),(17076,'repeatdetector','Repeats: Red',NULL),(17077,'repeatdetector_annotated','Repeats: Red (annotated)',NULL),(17078,'repeatmask_customlib','Repeats: Custom library',NULL),(17079,'repeatmask_nrplants','Repeats: nrplants',NULL),(17080,'repeatmask_redat','Repeats: REdat',NULL),(17081,'repeatmask_repbase','Repeats: Repbase',NULL),(17082,'repeatmask_repbase_aves','Repeats (Aves)',NULL),(17083,'repeatmask_repbase_chicken','Repeats (Chicken)',NULL),(17084,'repeatmask_repbase_mammals','Repeats (mammal)',NULL),(17085,'repeatmask_repbase_metazoa','Repeats (Metazoa)',NULL),(17086,'repeatmask_repbase_primates','Repeats (Primates)',NULL),(17087,'repeatmask_repbase_rodents','Repeats (Rodent)',NULL),(17088,'repeatmask_repbase_sus_scrofa','Repeats (Pig)',NULL),(17089,'repeatmask_repbase_teleost','Repeats (Teleost)',NULL),(17090,'repeatmask_repbase_vertebrates','Repeats (Vertebrates)',NULL),(17091,'repeatmask_repeatmodeler','Repeats (RepeatModeler)',NULL),(17092,'sample','RNA-seq samples',NULL),(17093,'scanprosite','PROSITE patterns',NULL),(17094,'seg','Low complexity (Seg)',NULL),(17095,'sfld','SFLD',NULL),(17096,'signalp','Cleavage site (Signalp)',NULL),(17097,'smart','SMART',NULL),(17098,'superfamily','Superfamily',NULL),(17099,'tigrfam','TIGRFAM',NULL),(17100,'tmhmm','Transmembrane helices',NULL),(17101,'transcript_coding','Protein-coding transcript',NULL),(17102,'transcript_genomic_coding','Protein-coding transcript',NULL),(17103,'transcript_genomic_lnoncoding','Long ncRNA transcript',NULL),(17104,'transcript_genomic_mnoncoding','Non-coding transcript',NULL),(17105,'transcript_genomic_pseudogene','Pseudogenic transcript',NULL),(17106,'transcript_genomic_snoncoding','Short ncRNA transcript',NULL),(17107,'transcript_lnoncoding','Long ncRNA transcript',NULL),(17108,'transcript_mnoncoding','Non-coding transcript',NULL),(17109,'transcript_pseudogene','Pseudogenic transcript',NULL),(17110,'transcript_rnacentral_xref','RNAcentral',NULL),(17111,'transcript_snoncoding','Short ncRNA transcript',NULL),(17112,'transcript_uniparc_xref','UniParc',NULL),(17113,'transcript_uniprotkb_all_xref','UniProt',NULL),(17114,'trf','Tandem repeats (TRF)',NULL),(17115,'trnascan_align','tRNA Models',NULL),(17116,'ungapped_genome','Base pairs',NULL),(17117,'unigene','EST cluster (Unigene)',NULL),(17118,'vertrna','Vertebrate cDNAs (ENA)',NULL);

CREATE TABLE `dataset` (
`dataset_id` INTEGER NOT NULL ,
`dataset_uuid` TEXT NOT NULL,
`dataset_type_id` INTEGER NOT NULL,
`name` TEXT NOT NULL,
`version` TEXT DEFAULT NULL,
`created` datetime(6) NOT NULL,
`dataset_source_id` INTEGER NOT NULL,
`label` TEXT NOT NULL,
PRIMARY KEY (`dataset_id`),
FOREIGN KEY (`dataset_source_id`) REFERENCES `dataset_source` (`dataset_source_id`),
FOREIGN KEY (`dataset_type_id`) REFERENCES `dataset_type` (`dataset_type_id`)
);
INSERT INTO `dataset` VALUES (31458,'40a85c63-fb69-11eb-8dac-005056b32883',1,'assembly',NULL,'2020-11-11 10:16:03.000000',3316,'GCA_000002285.4'),(31459,'40a85da5-fb69-11eb-8dac-005056b32883',1,'assembly',NULL,'2020-11-11 19:03:19.000000',3317,'GCA_000002285.4'),(31460,'40a85e5f-fb69-11eb-8dac-005056b32883',1,'assembly',NULL,'2021-02-12 16:35:28.000000',3318,'GCA_000002285.4'),(31461,'40a85ef8-fb69-11eb-8dac-005056b32883',1,'assembly',NULL,'2021-04-29 15:56:03.000000',3319,'GCA_000002285.4'),(31463,'40a86044-fb69-11eb-8dac-005056b32883',1,'assembly',NULL,'2021-07-19 13:22:26.000000',4276,'GCA_000003025.6'),(31527,'40a88cd0-fb69-11eb-8dac-005056b32883',1,'assembly',NULL,'2020-06-11 14:27:57.000000',3365,'GCA_001704415.1'),(31528,'40a88d6b-fb69-11eb-8dac-005056b32883',1,'assembly',NULL,'2020-07-20 18:01:38.000000',3366,'GCA_001704415.1'),(31529,'40a88e12-fb69-11eb-8dac-005056b32883',1,'assembly',NULL,'2020-11-11 19:23:38.000000',3367,'GCA_001704415.1'),(31530,'40a88ea7-fb69-11eb-8dac-005056b32883',1,'assembly',NULL,'2021-02-12 17:15:33.000000',3368,'GCA_001704415.1'),(31531,'40a88f40-fb69-11eb-8dac-005056b32883',1,'assembly',NULL,'2021-04-29 15:43:41.000000',3369,'GCA_001704415.1'),(31720,'40a90942-fb69-11eb-8dac-005056b32883',1,'assembly',NULL,'2021-01-29 14:29:29.000000',3327,'GCA_004886185.1'),(31721,'40a909c7-fb69-11eb-8dac-005056b32883',1,'assembly',NULL,'2021-02-12 16:55:07.000000',3328,'GCA_004886185.1'),(31722,'40a90a75-fb69-11eb-8dac-005056b32883',1,'assembly',NULL,'2021-04-29 15:47:22.000000',3329,'GCA_004886185.1'),(31723,'40a90b06-fb69-11eb-8dac-005056b32883',1,'assembly',NULL,'2021-03-30 16:56:27.000000',3333,'GCA_004886185.2'),(31724,'40a90b94-fb69-11eb-8dac-005056b32883',1,'assembly',NULL,'2021-04-29 15:46:53.000000',3334,'GCA_004886185.2'),(31735,'40a91157-fb69-11eb-8dac-005056b32883',1,'assembly',NULL,'2021-01-29 14:19:56.000000',3337,'GCA_005444595.1'),(31736,'40a911ea-fb69-11eb-8dac-005056b32883',1,'assembly',NULL,'2021-02-12 17:14:37.000000',3338,'GCA_005444595.1'),(31737,'40a912b2-fb69-11eb-8dac-005056b32883',1,'assembly',NULL,'2021-04-29 15:47:49.000000',3339,'GCA_005444595.1'),(31800,'40a93483-fb69-11eb-8dac-005056b32883',1,'assembly',NULL,'2020-06-11 13:58:06.000000',3311,'GCA_008641055.1'),(31801,'40a93509-fb69-11eb-8dac-005056b32883',1,'assembly',NULL,'2020-07-20 17:55:19.000000',3312,'GCA_008641055.1'),(31802,'40a935a0-fb69-11eb-8dac-005056b32883',1,'assembly',NULL,'2020-11-11 19:23:15.000000',3313,'GCA_008641055.1'),(31803,'40a9362e-fb69-11eb-8dac-005056b32883',1,'assembly',NULL,'2021-02-12 16:56:29.000000',3314,'GCA_008641055.1'),(31804,'40a93e16-fb69-11eb-8dac-005056b32883',1,'assembly',NULL,'2021-04-29 15:44:56.000000',3315,'GCA_008641055.1'),(31805,'40a93ec0-fb69-11eb-8dac-005056b32883',1,'assembly',NULL,'2021-03-31 09:26:35.000000',3343,'GCA_008641055.3'),(31806,'40a93f59-fb69-11eb-8dac-005056b32883',1,'assembly',NULL,'2021-04-29 15:44:33.000000',3344,'GCA_008641055.3'),(31928,'40a9822c-fb69-11eb-8dac-005056b32883',1,'assembly',NULL,'2020-05-01 13:28:33.000000',3222,'GCA_009873245.2'),(31929,'40a982ac-fb69-11eb-8dac-005056b32883',1,'assembly',NULL,'2020-07-20 17:52:14.000000',3223,'GCA_009873245.2'),(31930,'40a9832b-fb69-11eb-8dac-005056b32883',1,'assembly',NULL,'2020-11-11 19:10:19.000000',3224,'GCA_009873245.2'),(31931,'40a983ba-fb69-11eb-8dac-005056b32883',1,'assembly',NULL,'2021-02-12 16:42:03.000000',3225,'GCA_009873245.2'),(31932,'40a98446-fb69-11eb-8dac-005056b32883',1,'assembly',NULL,'2021-04-29 15:25:21.000000',3226,'GCA_009873245.2'),(31933,'40a984cc-fb69-11eb-8dac-005056b32883',1,'assembly',NULL,'2021-01-27 15:19:47.000000',3227,'GCA_009873245.3'),(31934,'40a9854e-fb69-11eb-8dac-005056b32883',1,'assembly',NULL,'2021-02-12 16:44:33.000000',3228,'GCA_009873245.3'),(31935,'40a985cb-fb69-11eb-8dac-005056b32883',1,'assembly',NULL,'2021-04-29 15:30:39.000000',3229,'GCA_009873245.3'),(32021,'40a9b6be-fb69-11eb-8dac-005056b32883',1,'assembly',NULL,'2021-03-30 17:26:27.000000',3345,'GCA_011100685.1'),(32022,'40a9b74a-fb69-11eb-8dac-005056b32883',1,'assembly',NULL,'2021-04-29 15:54:02.000000',3346,'GCA_011100685.1'),(32135,'40a9f717-fb69-11eb-8dac-005056b32883',1,'assembly',NULL,'2020-11-10 15:13:32.000000',3351,'GCA_014441545.1'),(32136,'40a9f798-fb69-11eb-8dac-005056b32883',1,'assembly',NULL,'2020-11-11 19:03:32.000000',3352,'GCA_014441545.1'),(32137,'40a9f82c-fb69-11eb-8dac-005056b32883',1,'assembly',NULL,'2021-02-12 17:31:01.000000',3353,'GCA_014441545.1'),(32138,'40a9f8ba-fb69-11eb-8dac-005056b32883',1,'assembly',NULL,'2021-04-29 15:46:06.000000',3354,'GCA_014441545.1'),(32151,'40aa0176-fb69-11eb-8dac-005056b32883',1,'assembly',NULL,'2021-03-04 08:29:38.000000',4150,'GCA_015227675.2'),(32152,'40aa0201-fb69-11eb-8dac-005056b32883',1,'assembly',NULL,'2021-04-29 16:27:50.000000',4151,'GCA_015227675.2'),(32250,'40aa3834-fb69-11eb-8dac-005056b32883',1,'assembly',NULL,'2020-07-08 10:13:19.000000',4420,'GCA_902150015.1'),(32251,'40aa38ce-fb69-11eb-8dac-005056b32883',1,'assembly',NULL,'2020-07-20 18:37:32.000000',4421,'GCA_902150015.1'),(32252,'40aa3950-fb69-11eb-8dac-005056b32883',1,'assembly',NULL,'2020-11-11 20:02:03.000000',4422,'GCA_902150015.1'),(32253,'40aa39d6-fb69-11eb-8dac-005056b32883',1,'assembly',NULL,'2021-02-12 17:37:47.000000',4423,'GCA_902150015.1'),(32254,'40aa3a57-fb69-11eb-8dac-005056b32883',1,'assembly',NULL,'2021-04-29 16:17:52.000000',4424,'GCA_902150015.1'),(32300,'40aa548f-fb69-11eb-8dac-005056b32883',1,'assembly',NULL,'2020-05-14 18:24:12.000000',3431,'GCA_902728285.1'),(32301,'40aa5516-fb69-11eb-8dac-005056b32883',1,'assembly',NULL,'2020-07-20 17:41:23.000000',3432,'GCA_902728285.1'),(32302,'40aa5597-fb69-11eb-8dac-005056b32883',1,'assembly',NULL,'2020-11-11 19:34:55.000000',3433,'GCA_902728285.1'),(32303,'40aa561c-fb69-11eb-8dac-005056b32883',1,'assembly',NULL,'2021-02-12 16:53:18.000000',3434,'GCA_902728285.1'),(32304,'40aa56fc-fb69-11eb-8dac-005056b32883',1,'assembly',NULL,'2021-04-29 15:46:47.000000',3435,'GCA_902728285.1'),(32347,'40aa7070-fb69-11eb-8dac-005056b32883',1,'assembly',NULL,'2021-05-10 17:50:04.000000',3502,'GCA_902859565.1'),(32381,'40aa82fa-fb69-11eb-8dac-005056b32883',1,'assembly',NULL,'2021-06-08 18:28:11.000000',3849,'GCA_905220555.1'),(32382,'40aa8388-fb69-11eb-8dac-005056b32883',1,'assembly',NULL,'2021-06-08 19:37:40.000000',3850,'GCA_905220565.1'),(32477,'43ec55ee-fb69-11eb-8dac-005056b32883',5,'gene_core',NULL,'2021-07-19 13:22:26.000000',4276,'2017-01-Ensembl/2019-12'),(32535,'43ec6f95-fb69-11eb-8dac-005056b32883',5,'gene_core',NULL,'2021-01-29 14:29:29.000000',3327,'2019-07-Ensembl/2019-08'),(32536,'43ec6fec-fb69-11eb-8dac-005056b32883',5,'gene_core',NULL,'2021-02-12 16:55:07.000000',3328,'2019-07-Ensembl/2019-08'),(32537,'43ec703f-fb69-11eb-8dac-005056b32883',5,'gene_core',NULL,'2021-04-29 15:47:22.000000',3329,'2019-07-Ensembl/2019-08'),(32538,'43ec7092-fb69-11eb-8dac-005056b32883',5,'gene_core',NULL,'2021-01-29 14:19:56.000000',3337,'2019-07-Ensembl/2019-08'),(32539,'43ec70e8-fb69-11eb-8dac-005056b32883',5,'gene_core',NULL,'2021-02-12 17:14:37.000000',3338,'2019-07-Ensembl/2019-08'),(32540,'43ec7142-fb69-11eb-8dac-005056b32883',5,'gene_core',NULL,'2021-04-29 15:47:49.000000',3339,'2019-07-Ensembl/2019-08'),(32612,'43ec955d-fb69-11eb-8dac-005056b32883',5,'gene_core',NULL,'2020-06-11 13:58:06.000000',3311,'2019-11-Ensembl/2020-03'),(32613,'43ec95a4-fb69-11eb-8dac-005056b32883',5,'gene_core',NULL,'2020-07-20 17:55:19.000000',3312,'2019-11-Ensembl/2020-03'),(32614,'43ec95eb-fb69-11eb-8dac-005056b32883',5,'gene_core',NULL,'2020-11-11 19:23:15.000000',3313,'2019-11-Ensembl/2020-03'),(32615,'43ec9630-fb69-11eb-8dac-005056b32883',5,'gene_core',NULL,'2021-02-12 16:56:29.000000',3314,'2019-11-Ensembl/2020-03'),(32616,'43ec9678-fb69-11eb-8dac-005056b32883',5,'gene_core',NULL,'2021-04-29 15:44:56.000000',3315,'2019-11-Ensembl/2020-03'),(32617,'43ec96c0-fb69-11eb-8dac-005056b32883',5,'gene_core',NULL,'2020-06-11 14:27:57.000000',3365,'2019-11-Ensembl/2020-04'),(32623,'43ec9873-fb69-11eb-8dac-005056b32883',5,'gene_core',NULL,'2020-07-21 11:20:47.000000',3365,'2019-11-Ensembl/2020-05'),(32624,'43ec98bc-fb69-11eb-8dac-005056b32883',5,'gene_core',NULL,'2020-07-20 18:01:38.000000',3366,'2019-11-Ensembl/2020-05'),(32625,'43ec9901-fb69-11eb-8dac-005056b32883',5,'gene_core',NULL,'2020-11-11 19:23:38.000000',3367,'2019-11-Ensembl/2020-05'),(32626,'43ec9947-fb69-11eb-8dac-005056b32883',5,'gene_core',NULL,'2021-02-12 17:15:33.000000',3368,'2019-11-Ensembl/2020-05'),(32627,'43ec998b-fb69-11eb-8dac-005056b32883',5,'gene_core',NULL,'2021-04-29 15:43:41.000000',3369,'2019-11-Ensembl/2020-05'),(32697,'43ecaf29-fb69-11eb-8dac-005056b32883',5,'gene_core',NULL,'2020-05-01 13:28:33.000000',3222,'2020-02-Ensembl/2020-02'),(32698,'43ecaf70-fb69-11eb-8dac-005056b32883',5,'gene_core',NULL,'2020-07-20 17:52:14.000000',3223,'2020-02-Ensembl/2020-02'),(32699,'43ecafb5-fb69-11eb-8dac-005056b32883',5,'gene_core',NULL,'2020-11-11 19:10:19.000000',3224,'2020-02-Ensembl/2020-02'),(32700,'43ecaffb-fb69-11eb-8dac-005056b32883',5,'gene_core',NULL,'2021-02-12 16:42:03.000000',3225,'2020-02-Ensembl/2020-02'),(32701,'43ecb041-fb69-11eb-8dac-005056b32883',5,'gene_core',NULL,'2021-04-29 15:25:21.000000',3226,'2020-02-Ensembl/2020-02'),(32873,'43ecfc7c-fb69-11eb-8dac-005056b32883',5,'gene_core',NULL,'2020-07-08 10:13:19.000000',4420,'2020-04-Ensembl/2020-05'),(32874,'43ecfcca-fb69-11eb-8dac-005056b32883',5,'gene_core',NULL,'2020-07-20 18:37:32.000000',4421,'2020-04-Ensembl/2020-05'),(32875,'43ecfd0f-fb69-11eb-8dac-005056b32883',5,'gene_core',NULL,'2020-11-11 20:02:03.000000',4422,'2020-04-Ensembl/2020-05'),(32876,'43ecfd58-fb69-11eb-8dac-005056b32883',5,'gene_core',NULL,'2021-02-12 17:37:47.000000',4423,'2020-04-Ensembl/2020-05'),(32877,'43ecfda2-fb69-11eb-8dac-005056b32883',5,'gene_core',NULL,'2021-04-29 16:17:52.000000',4424,'2020-04-Ensembl/2020-05'),(33048,'43ed2e50-fb69-11eb-8dac-005056b32883',5,'gene_core',NULL,'2020-05-14 18:24:12.000000',3431,'2020-05-EnsemblMetazoa/2020-05'),(33049,'43ed2e9b-fb69-11eb-8dac-005056b32883',5,'gene_core',NULL,'2020-07-20 17:41:23.000000',3432,'2020-05-EnsemblMetazoa/2020-05'),(33050,'43ed2ee5-fb69-11eb-8dac-005056b32883',5,'gene_core',NULL,'2020-11-11 19:34:55.000000',3433,'2020-05-EnsemblMetazoa/2020-05'),(33051,'43ed2f2e-fb69-11eb-8dac-005056b32883',5,'gene_core',NULL,'2021-02-12 16:53:18.000000',3434,'2020-05-EnsemblMetazoa/2020-05'),(33052,'43ed2f76-fb69-11eb-8dac-005056b32883',5,'gene_core',NULL,'2021-04-29 15:46:47.000000',3435,'2020-05-EnsemblMetazoa/2020-05'),(33283,'43ed75e3-fb69-11eb-8dac-005056b32883',5,'gene_core',NULL,'2020-11-11 10:16:03.000000',3316,'2020-10-Ensembl/2020-10'),(33284,'43ed7629-fb69-11eb-8dac-005056b32883',5,'gene_core',NULL,'2020-11-11 19:03:19.000000',3317,'2020-10-Ensembl/2020-10'),(33285,'43ed766e-fb69-11eb-8dac-005056b32883',5,'gene_core',NULL,'2021-02-12 16:35:28.000000',3318,'2020-10-Ensembl/2020-10'),(33286,'43ed76b8-fb69-11eb-8dac-005056b32883',5,'gene_core',NULL,'2021-04-29 15:56:03.000000',3319,'2020-10-Ensembl/2020-10'),(33296,'43ed7984-fb69-11eb-8dac-005056b32883',5,'gene_core',NULL,'2020-11-10 15:13:32.000000',3351,'2020-10-Ensembl/2020-10'),(33297,'43ed79ca-fb69-11eb-8dac-005056b32883',5,'gene_core',NULL,'2020-11-11 19:03:32.000000',3352,'2020-10-Ensembl/2020-10'),(33298,'43ed7a11-fb69-11eb-8dac-005056b32883',5,'gene_core',NULL,'2021-02-12 17:31:01.000000',3353,'2020-10-Ensembl/2020-10'),(33299,'43ed7a58-fb69-11eb-8dac-005056b32883',5,'gene_core',NULL,'2021-04-29 15:46:06.000000',3354,'2020-10-Ensembl/2020-10'),(33326,'43ed81f9-fb69-11eb-8dac-005056b32883',5,'gene_core',NULL,'2021-01-27 15:19:47.000000',3227,'2020-11-Ensembl/2020-12'),(33327,'43ed827c-fb69-11eb-8dac-005056b32883',5,'gene_core',NULL,'2021-02-12 16:44:33.000000',3228,'2020-11-Ensembl/2020-12'),(33328,'43ed82c2-fb69-11eb-8dac-005056b32883',5,'gene_core',NULL,'2021-04-29 15:30:39.000000',3229,'2020-11-Ensembl/2020-12'),(33338,'43ed8582-fb69-11eb-8dac-005056b32883',5,'gene_core',NULL,'2021-03-04 08:29:38.000000',4150,'2020-11-Ensembl/2021-02'),(33339,'43ed85cb-fb69-11eb-8dac-005056b32883',5,'gene_core',NULL,'2021-04-29 16:27:50.000000',4151,'2020-11-Ensembl/2021-02'),(33349,'43ed89eb-fb69-11eb-8dac-005056b32883',5,'gene_core',NULL,'2021-05-10 17:50:04.000000',3502,'2021-01-KAUST'),(33370,'43ed8ff1-fb69-11eb-8dac-005056b32883',5,'gene_core',NULL,'2021-03-30 16:56:27.000000',3333,'2021-03-Ensembl/2021-03'),(33371,'43ed903a-fb69-11eb-8dac-005056b32883',5,'gene_core',NULL,'2021-04-29 15:46:53.000000',3334,'2021-03-Ensembl/2021-03'),(33372,'43ed9082-fb69-11eb-8dac-005056b32883',5,'gene_core',NULL,'2021-03-31 09:26:35.000000',3343,'2021-03-Ensembl/2021-03'),(33373,'43ed90cc-fb69-11eb-8dac-005056b32883',5,'gene_core',NULL,'2021-04-29 15:44:33.000000',3344,'2021-03-Ensembl/2021-03'),(33374,'43ed9111-fb69-11eb-8dac-005056b32883',5,'gene_core',NULL,'2021-03-30 17:26:27.000000',3345,'2021-03-Ensembl/2021-03'),(33375,'43ed9159-fb69-11eb-8dac-005056b32883',5,'gene_core',NULL,'2021-04-29 15:54:02.000000',3346,'2021-03-Ensembl/2021-03'),(33401,'43ed9955-fb69-11eb-8dac-005056b32883',5,'gene_core',NULL,'2021-06-08 18:28:11.000000',3849,'2021-05-Ensembl/2021-05'),(33402,'43ed999d-fb69-11eb-8dac-005056b32883',5,'gene_core',NULL,'2021-06-08 19:37:40.000000',3850,'2021-05-Ensembl/2021-05'),(33502,'56cb3217-fb69-11eb-8dac-005056b32883',3,'xref_alignment','2021-03-09','2021-04-29 16:27:50.000000',4151,'Alignment-based cross-references'),(33503,'56cb34e9-fb69-11eb-8dac-005056b32883',3,'xref_alignment','2017-07-03','2021-07-19 13:22:26.000000',4276,'Alignment-based cross-references'),(33577,'56cb7f7c-fb69-11eb-8dac-005056b32883',2,'rnacentral_checksum','2021-03-02','2021-04-29 15:25:21.000000',3226,'RNAcentral'),(33578,'56cb809c-fb69-11eb-8dac-005056b32883',2,'uniparc_checksum','2021-02-17','2021-04-29 15:25:21.000000',3226,'UniParc'),(33579,'56cb8139-fb69-11eb-8dac-005056b32883',2,'rnacentral_checksum','2021-03-02','2021-04-29 15:30:39.000000',3229,'RNAcentral'),(33580,'56cb81bc-fb69-11eb-8dac-005056b32883',2,'uniparc_checksum','2021-02-17','2021-04-29 15:30:39.000000',3229,'UniParc'),(33616,'56cba014-fb69-11eb-8dac-005056b32883',2,'rnacentral_checksum','2021-03-02','2021-04-29 15:44:56.000000',3315,'RNAcentral'),(33617,'56cba0fe-fb69-11eb-8dac-005056b32883',2,'uniparc_checksum','2021-02-17','2021-04-29 15:44:56.000000',3315,'UniParc'),(33618,'56cba1df-fb69-11eb-8dac-005056b32883',2,'uniprot_checksum','2021-04-08','2021-04-29 15:44:56.000000',3315,'UniProt'),(33619,'56cba2d9-fb69-11eb-8dac-005056b32883',2,'rnacentral_checksum','2021-03-02','2021-04-29 15:56:03.000000',3319,'RNAcentral'),(33620,'56cba3e6-fb69-11eb-8dac-005056b32883',2,'uniparc_checksum','2021-02-17','2021-04-29 15:56:03.000000',3319,'UniParc'),(33621,'56cba4bb-fb69-11eb-8dac-005056b32883',2,'uniprot_checksum','2021-04-08','2021-04-29 15:56:03.000000',3319,'UniProt'),(33622,'56cba5a5-fb69-11eb-8dac-005056b32883',2,'rnacentral_checksum','2021-03-02','2021-04-29 15:47:22.000000',3329,'RNAcentral'),(33623,'56cbb1db-fb69-11eb-8dac-005056b32883',2,'uniparc_checksum','2021-02-17','2021-04-29 15:47:22.000000',3329,'UniParc'),(33624,'56cbb399-fb69-11eb-8dac-005056b32883',2,'uniprot_checksum','2021-04-08','2021-04-29 15:47:22.000000',3329,'UniProt'),(33625,'56cbb4a5-fb69-11eb-8dac-005056b32883',2,'rnacentral_checksum','2021-03-02','2021-04-29 15:46:53.000000',3334,'RNAcentral'),(33626,'56cbb584-fb69-11eb-8dac-005056b32883',2,'uniparc_checksum','2021-02-17','2021-04-29 15:46:53.000000',3334,'UniParc'),(33627,'56cbb655-fb69-11eb-8dac-005056b32883',2,'uniprot_checksum','2021-04-08','2021-04-29 15:46:53.000000',3334,'UniProt'),(33628,'56cbb748-fb69-11eb-8dac-005056b32883',2,'rnacentral_checksum','2021-03-02','2021-04-29 15:47:49.000000',3339,'RNAcentral'),(33629,'56cbb829-fb69-11eb-8dac-005056b32883',2,'uniparc_checksum','2021-02-17','2021-04-29 15:47:49.000000',3339,'UniParc'),(33630,'56cbb8f1-fb69-11eb-8dac-005056b32883',2,'uniprot_checksum','2021-04-08','2021-04-29 15:47:49.000000',3339,'UniProt'),(33631,'56cbb9d0-fb69-11eb-8dac-005056b32883',2,'rnacentral_checksum','2021-03-02','2021-04-29 15:44:33.000000',3344,'RNAcentral'),(33632,'56cbbd89-fb69-11eb-8dac-005056b32883',2,'uniparc_checksum','2021-02-17','2021-04-29 15:44:33.000000',3344,'UniParc'),(33633,'56cbbe80-fb69-11eb-8dac-005056b32883',2,'uniprot_checksum','2021-04-08','2021-04-29 15:44:33.000000',3344,'UniProt'),(33634,'56cbbf6a-fb69-11eb-8dac-005056b32883',2,'rnacentral_checksum','2021-03-02','2021-04-29 15:54:02.000000',3346,'RNAcentral'),(33635,'56cbc030-fb69-11eb-8dac-005056b32883',2,'uniparc_checksum','2021-02-17','2021-04-29 15:54:02.000000',3346,'UniParc'),(33636,'56cbc0e4-fb69-11eb-8dac-005056b32883',2,'uniprot_checksum','2021-04-08','2021-04-29 15:54:02.000000',3346,'UniProt'),(33637,'56cbc1b4-fb69-11eb-8dac-005056b32883',2,'rnacentral_checksum','2021-03-02','2021-04-29 15:46:06.000000',3354,'RNAcentral'),(33638,'56cbc276-fb69-11eb-8dac-005056b32883',2,'uniparc_checksum','2021-02-17','2021-04-29 15:46:06.000000',3354,'UniParc'),(33639,'56cbc328-fb69-11eb-8dac-005056b32883',2,'uniprot_checksum','2021-04-08','2021-04-29 15:46:06.000000',3354,'UniProt'),(33643,'56cbc604-fb69-11eb-8dac-005056b32883',2,'rnacentral_checksum','2021-03-02','2021-04-29 15:43:41.000000',3369,'RNAcentral'),(33644,'56cbc6af-fb69-11eb-8dac-005056b32883',2,'uniparc_checksum','2021-02-17','2021-04-29 15:43:41.000000',3369,'UniParc'),(33645,'56cbc761-fb69-11eb-8dac-005056b32883',2,'uniprot_checksum','2021-04-08','2021-04-29 15:43:41.000000',3369,'UniProt'),(33675,'56cbdd7b-fb69-11eb-8dac-005056b32883',2,'rnacentral_checksum','2021-03-02','2021-04-29 15:46:47.000000',3435,'RNAcentral'),(33676,'56cbde35-fb69-11eb-8dac-005056b32883',2,'uniparc_checksum','2021-02-17','2021-04-29 15:46:47.000000',3435,'UniParc'),(33677,'56cbdef0-fb69-11eb-8dac-005056b32883',2,'uniprot_checksum','2021-04-08','2021-04-29 15:46:47.000000',3435,'UniProt'),(33719,'56cc017f-fb69-11eb-8dac-005056b32883',2,'uniparc_checksum','2021-05-01','2021-05-10 17:50:04.000000',3502,'UniParc'),(33878,'56cd316b-fb69-11eb-8dac-005056b32883',2,'rnacentral_checksum','2021-06-16','2021-06-08 18:28:11.000000',3849,'RNAcentral'),(33879,'56cd3244-fb69-11eb-8dac-005056b32883',2,'uniparc_checksum','2021-05-01','2021-06-08 18:28:11.000000',3849,'UniParc'),(33880,'56cd3325-fb69-11eb-8dac-005056b32883',2,'uniprot_checksum','2021-04-08','2021-06-08 18:28:11.000000',3849,'UniProt'),(33881,'56cd33f7-fb69-11eb-8dac-005056b32883',2,'rnacentral_checksum','2021-06-16','2021-06-08 19:37:40.000000',3850,'RNAcentral'),(33882,'56cd34d5-fb69-11eb-8dac-005056b32883',2,'uniparc_checksum','2021-05-01','2021-06-08 19:37:40.000000',3850,'UniParc'),(33883,'56cd35ce-fb69-11eb-8dac-005056b32883',2,'uniprot_checksum','2021-04-08','2021-06-08 19:37:40.000000',3850,'UniProt'),(34038,'56cdbf20-fb69-11eb-8dac-005056b32883',2,'rnacentral_checksum','2021-03-09','2021-04-29 16:27:50.000000',4151,'RNAcentral'),(34039,'56cdbfad-fb69-11eb-8dac-005056b32883',2,'uniparc_checksum','2021-02-17','2021-04-29 16:27:50.000000',4151,'UniParc'),(34040,'56cdc01c-fb69-11eb-8dac-005056b32883',2,'uniparc_checksum','2021-03-09','2021-04-29 16:27:50.000000',4151,'UniParc'),(34041,'56cdc083-fb69-11eb-8dac-005056b32883',2,'uniprot_checksum','2021-04-08','2021-04-29 16:27:50.000000',4151,'UniProt'),(34098,'56cde2fe-fb69-11eb-8dac-005056b32883',2,'rnacentral_checksum','2019-07-05','2021-07-19 13:22:26.000000',4276,'RNAcentral'),(34099,'56cde369-fb69-11eb-8dac-005056b32883',2,'rnacentral_checksum','2021-07-23','2021-07-19 13:22:26.000000',4276,'RNAcentral'),(34100,'56cde3cc-fb69-11eb-8dac-005056b32883',2,'uniparc_checksum','2019-07-05','2021-07-19 13:22:26.000000',4276,'UniParc'),(34101,'56cde430-fb69-11eb-8dac-005056b32883',2,'uniparc_checksum','2021-05-01','2021-07-19 13:22:26.000000',4276,'UniParc'),(34102,'56cde494-fb69-11eb-8dac-005056b32883',2,'uniprot_checksum','2021-06-16','2021-07-19 13:22:26.000000',4276,'UniProt'),(34166,'56ce0453-fb69-11eb-8dac-005056b32883',2,'rnacentral_checksum','2021-03-02','2021-04-29 16:17:52.000000',4424,'RNAcentral'),(34167,'56ce04b9-fb69-11eb-8dac-005056b32883',2,'uniparc_checksum','2021-02-17','2021-04-29 16:17:52.000000',4424,'UniParc'),(34168,'56ce0518-fb69-11eb-8dac-005056b32883',2,'uniprot_checksum','2021-04-08','2021-04-29 16:17:52.000000',4424,'UniProt'),(34215,'56ce1964-fb69-11eb-8dac-005056b32883',20,'xref_dependent','2021-03-09','2021-04-29 16:27:50.000000',4151,'Dependent cross-references'),(34216,'56ce1a18-fb69-11eb-8dac-005056b32883',20,'xref_dependent','2017-07-03','2021-07-19 13:22:26.000000',4276,'Dependent cross-references'),(34221,'56ce1d2f-fb69-11eb-8dac-005056b32883',21,'xref_direct','2021-03-09','2021-04-29 16:27:50.000000',4151,'Direct cross-references'),(34222,'56ce1da8-fb69-11eb-8dac-005056b32883',21,'xref_direct','2017-07-03','2021-07-19 13:22:26.000000',4276,'Direct cross-references'),(34232,'56ce2371-fb69-11eb-8dac-005056b32883',4,'cmscan_rfam_14.2_lca','14.2','2021-04-29 15:46:47.000000',3435,'Rfam Models (LCA)'),(34233,'56ce23e1-fb69-11eb-8dac-005056b32883',4,'trnascan_align','2020-05-13','2021-04-29 15:46:47.000000',3435,'tRNA Models'),(34241,'56ce2816-fb69-11eb-8dac-005056b32883',4,'unigene','2016_10','2021-07-19 13:22:26.000000',4276,'EST cluster (Unigene)'),(34242,'56ce2885-fb69-11eb-8dac-005056b32883',4,'vertrna','130','2021-07-19 13:22:26.000000',4276,'Vertebrate cDNAs (ENA)'),(34289,'56ce40c0-fb69-11eb-8dac-005056b32883',10,'interpro2go','2021-04-10','2021-04-29 15:25:21.000000',3226,'InterPro2GO mapping'),(34290,'56ce4141-fb69-11eb-8dac-005056b32883',10,'interpro2go','2021-04-10','2021-04-29 15:30:39.000000',3229,'InterPro2GO mapping'),(34314,'56ce4d45-fb69-11eb-8dac-005056b32883',10,'goa_import','2021-05-05','2021-04-29 15:44:56.000000',3315,'GOA annotation'),(34315,'56ce4db5-fb69-11eb-8dac-005056b32883',10,'interpro2go','2021-04-10','2021-04-29 15:44:56.000000',3315,'InterPro2GO mapping'),(34316,'56ce4e32-fb69-11eb-8dac-005056b32883',10,'goa_import','2021-05-05','2021-04-29 15:56:03.000000',3319,'GOA annotation'),(34317,'56ce4e9e-fb69-11eb-8dac-005056b32883',10,'interpro2go','2021-04-10','2021-04-29 15:56:03.000000',3319,'InterPro2GO mapping'),(34318,'56ce4f1c-fb69-11eb-8dac-005056b32883',10,'goa_import','2021-05-05','2021-04-29 15:47:22.000000',3329,'GOA annotation'),(34319,'56ce4f8c-fb69-11eb-8dac-005056b32883',10,'interpro2go','2021-04-10','2021-04-29 15:47:22.000000',3329,'InterPro2GO mapping'),(34320,'56ce5009-fb69-11eb-8dac-005056b32883',10,'goa_import','2021-05-05','2021-04-29 15:46:53.000000',3334,'GOA annotation'),(34321,'56ce5077-fb69-11eb-8dac-005056b32883',10,'interpro2go','2021-04-10','2021-04-29 15:46:53.000000',3334,'InterPro2GO mapping'),(34322,'56ce50f0-fb69-11eb-8dac-005056b32883',10,'goa_import','2021-05-05','2021-04-29 15:47:49.000000',3339,'GOA annotation'),(34323,'56ce515d-fb69-11eb-8dac-005056b32883',10,'interpro2go','2021-04-10','2021-04-29 15:47:49.000000',3339,'InterPro2GO mapping'),(34324,'56ce51d9-fb69-11eb-8dac-005056b32883',10,'goa_import','2021-05-05','2021-04-29 15:44:33.000000',3344,'GOA annotation'),(34325,'56ce5247-fb69-11eb-8dac-005056b32883',10,'interpro2go','2021-04-10','2021-04-29 15:44:33.000000',3344,'InterPro2GO mapping'),(34326,'56ce52be-fb69-11eb-8dac-005056b32883',10,'goa_import','2021-05-05','2021-04-29 15:54:02.000000',3346,'GOA annotation'),(34327,'56ce532e-fb69-11eb-8dac-005056b32883',10,'interpro2go','2021-04-10','2021-04-29 15:54:02.000000',3346,'InterPro2GO mapping'),(34328,'56ce53ad-fb69-11eb-8dac-005056b32883',10,'goa_import','2021-05-05','2021-04-29 15:46:06.000000',3354,'GOA annotation'),(34329,'56ce541f-fb69-11eb-8dac-005056b32883',10,'interpro2go','2021-04-10','2021-04-29 15:46:06.000000',3354,'InterPro2GO mapping'),(34332,'56ce55ea-fb69-11eb-8dac-005056b32883',10,'goa_import','2021-05-05','2021-04-29 15:43:41.000000',3369,'GOA annotation'),(34333,'56ce565e-fb69-11eb-8dac-005056b32883',10,'interpro2go','2021-04-10','2021-04-29 15:43:41.000000',3369,'InterPro2GO mapping'),(34351,'56ce5ee8-fb69-11eb-8dac-005056b32883',10,'goa_import','2021-05-05','2021-04-29 15:46:47.000000',3435,'GOA annotation'),(34352,'56ce5f5d-fb69-11eb-8dac-005056b32883',10,'interpro2go','2021-04-10','2021-04-29 15:46:47.000000',3435,'InterPro2GO mapping'),(34381,'56ce6e0b-fb69-11eb-8dac-005056b32883',10,'interpro2go','2021-04-10','2021-05-10 17:50:04.000000',3502,'InterPro2GO mapping'),(34481,'56cea149-fb69-11eb-8dac-005056b32883',10,'goa_import','2021-06-18','2021-06-08 18:28:11.000000',3849,'GOA annotation'),(34482,'56cea214-fb69-11eb-8dac-005056b32883',10,'interpro2go','2021-04-10','2021-06-08 18:28:11.000000',3849,'InterPro2GO mapping'),(34483,'56cea2dc-fb69-11eb-8dac-005056b32883',10,'goa_import','2021-06-18','2021-06-08 19:37:40.000000',3850,'GOA annotation'),(34484,'56cea42f-fb69-11eb-8dac-005056b32883',10,'interpro2go','2021-04-10','2021-06-08 19:37:40.000000',3850,'InterPro2GO mapping'),(34583,'56cee6b7-fb69-11eb-8dac-005056b32883',10,'goa_import','2021-05-05','2021-04-29 16:27:50.000000',4151,'GOA annotation'),(34584,'56cee730-fb69-11eb-8dac-005056b32883',10,'interpro2go','2021-04-10','2021-04-29 16:27:50.000000',4151,'InterPro2GO mapping'),(34621,'56cefbed-fb69-11eb-8dac-005056b32883',10,'goa_import','2021-07-26','2021-07-19 13:22:26.000000',4276,'GOA annotation'),(34622,'56cefc55-fb69-11eb-8dac-005056b32883',10,'interpro2go','2021-06-07','2021-07-19 13:22:26.000000',4276,'InterPro2GO mapping'),(34663,'56cf0f17-fb69-11eb-8dac-005056b32883',10,'goa_import','2021-05-05','2021-04-29 16:17:52.000000',4424,'GOA annotation'),(34664,'56cf0f7c-fb69-11eb-8dac-005056b32883',10,'interpro2go','2021-04-10','2021-04-29 16:17:52.000000',4424,'InterPro2GO mapping'),(34741,'56cf3296-fb69-11eb-8dac-005056b32883',15,'interproscan','5.48-83.0','2021-04-29 15:25:21.000000',3226,'InterProScan'),(34742,'56cf32fe-fb69-11eb-8dac-005056b32883',15,'seg',NULL,'2021-04-29 15:25:21.000000',3226,'seg'),(34743,'56cf336b-fb69-11eb-8dac-005056b32883',15,'interproscan','5.48-83.0','2021-04-29 15:30:39.000000',3229,'InterProScan'),(34744,'56cf33d2-fb69-11eb-8dac-005056b32883',15,'seg',NULL,'2021-04-29 15:30:39.000000',3229,'seg'),(34771,'56cf4093-fb69-11eb-8dac-005056b32883',15,'interproscan','5.48-83.0','2021-04-29 15:44:56.000000',3315,'InterProScan'),(34772,'56cf40fb-fb69-11eb-8dac-005056b32883',15,'seg',NULL,'2021-04-29 15:44:56.000000',3315,'seg'),(34773,'56cf4164-fb69-11eb-8dac-005056b32883',15,'interproscan','5.48-83.0','2021-04-29 15:56:03.000000',3319,'InterProScan'),(34774,'56cf41cf-fb69-11eb-8dac-005056b32883',15,'seg',NULL,'2021-04-29 15:56:03.000000',3319,'seg'),(34775,'56cf423f-fb69-11eb-8dac-005056b32883',15,'interproscan','5.48-83.0','2021-04-29 15:47:22.000000',3329,'InterProScan'),(34776,'56cf42a5-fb69-11eb-8dac-005056b32883',15,'seg',NULL,'2021-04-29 15:47:22.000000',3329,'seg'),(34777,'56cf4310-fb69-11eb-8dac-005056b32883',15,'interproscan','5.48-83.0','2021-04-29 15:46:53.000000',3334,'InterProScan'),(34778,'56cf4375-fb69-11eb-8dac-005056b32883',15,'seg',NULL,'2021-04-29 15:46:53.000000',3334,'seg'),(34779,'56cf43e3-fb69-11eb-8dac-005056b32883',15,'interproscan','5.48-83.0','2021-04-29 15:47:49.000000',3339,'InterProScan'),(34780,'56cf444a-fb69-11eb-8dac-005056b32883',15,'seg',NULL,'2021-04-29 15:47:49.000000',3339,'seg'),(34781,'56cf44b8-fb69-11eb-8dac-005056b32883',15,'interproscan','5.48-83.0','2021-04-29 15:44:33.000000',3344,'InterProScan'),(34782,'56cf451c-fb69-11eb-8dac-005056b32883',15,'seg',NULL,'2021-04-29 15:44:33.000000',3344,'seg'),(34783,'56cf458a-fb69-11eb-8dac-005056b32883',15,'interproscan','5.48-83.0','2021-04-29 15:54:02.000000',3346,'InterProScan'),(34784,'56cf45ef-fb69-11eb-8dac-005056b32883',15,'seg',NULL,'2021-04-29 15:54:02.000000',3346,'seg'),(34785,'56cf465c-fb69-11eb-8dac-005056b32883',15,'interproscan','5.48-83.0','2021-04-29 15:46:06.000000',3354,'InterProScan'),(34786,'56cf46be-fb69-11eb-8dac-005056b32883',15,'seg',NULL,'2021-04-29 15:46:06.000000',3354,'seg'),(34789,'56cf4801-fb69-11eb-8dac-005056b32883',15,'interproscan','5.48-83.0','2021-04-29 15:43:41.000000',3369,'InterProScan'),(34790,'56cf4865-fb69-11eb-8dac-005056b32883',15,'seg',NULL,'2021-04-29 15:43:41.000000',3369,'seg'),(34815,'56cf52cf-fb69-11eb-8dac-005056b32883',15,'interproscan','5.48-83.0','2021-04-29 15:46:47.000000',3435,'InterProScan'),(34816,'56cf5338-fb69-11eb-8dac-005056b32883',15,'seg',NULL,'2021-04-29 15:46:47.000000',3435,'seg'),(34847,'56cf650f-fb69-11eb-8dac-005056b32883',15,'interproscan','5.51-85.0','2021-05-10 17:50:04.000000',3502,'InterProScan'),(34848,'56cf656f-fb69-11eb-8dac-005056b32883',15,'seg',NULL,'2021-05-10 17:50:04.000000',3502,'seg'),(34965,'56cf99d3-fb69-11eb-8dac-005056b32883',15,'interproscan','5.51-85.0','2021-06-08 18:28:11.000000',3849,'InterProScan'),(34966,'56cf9a33-fb69-11eb-8dac-005056b32883',15,'seg',NULL,'2021-06-08 18:28:11.000000',3849,'seg'),(34967,'56cf9aa0-fb69-11eb-8dac-005056b32883',15,'interproscan','5.51-85.0','2021-06-08 19:37:40.000000',3850,'InterProScan'),(34968,'56cf9b06-fb69-11eb-8dac-005056b32883',15,'seg',NULL,'2021-06-08 19:37:40.000000',3850,'seg'),(35079,'56cfd0f6-fb69-11eb-8dac-005056b32883',15,'interproscan','5.48-83.0','2021-04-29 16:27:50.000000',4151,'InterProScan'),(35080,'56cfd164-fb69-11eb-8dac-005056b32883',15,'seg',NULL,'2021-04-29 16:27:50.000000',4151,'seg'),(35121,'56cfe32a-fb69-11eb-8dac-005056b32883',15,'interproscan','5.52-86.0','2021-07-19 13:22:26.000000',4276,'InterProScan'),(35122,'56cfe38c-fb69-11eb-8dac-005056b32883',15,'seg',NULL,'2021-07-19 13:22:26.000000',4276,'seg'),(35169,'56cffa6e-fb69-11eb-8dac-005056b32883',15,'interproscan','5.48-83.0','2021-04-29 16:17:52.000000',4424,'InterProScan'),(35170,'56cffad1-fb69-11eb-8dac-005056b32883',15,'seg',NULL,'2021-04-29 16:17:52.000000',4424,'seg'),(35293,'56d0358f-fb69-11eb-8dac-005056b32883',16,'dust','2020-02-10','2021-04-29 15:25:21.000000',3226,'Low complexity (Dust)'),(35294,'56d035fa-fb69-11eb-8dac-005056b32883',16,'repeatmask_repbase_mammals','2020-02-10','2021-04-29 15:25:21.000000',3226,'Repeats (mammal)'),(35295,'56d0365c-fb69-11eb-8dac-005056b32883',16,'trf','2020-02-10','2021-04-29 15:25:21.000000',3226,'Tandem repeats (TRF)'),(35296,'56d036cd-fb69-11eb-8dac-005056b32883',16,'dust','2020-11-09','2021-04-29 15:30:39.000000',3229,'Low complexity (Dust)'),(35297,'56d03733-fb69-11eb-8dac-005056b32883',16,'repeatmask_repbase_mammals','2020-11-09','2021-04-29 15:30:39.000000',3229,'Repeats (mammal)'),(35298,'56d03794-fb69-11eb-8dac-005056b32883',16,'repeatmask_repeatmodeler','2020-11-09','2021-04-29 15:30:39.000000',3229,'Repeats (RepeatModeler)'),(35299,'56d03800-fb69-11eb-8dac-005056b32883',16,'trf','2020-11-09','2021-04-29 15:30:39.000000',3229,'Tandem repeats (TRF)'),(35344,'56d04d40-fb69-11eb-8dac-005056b32883',16,'dust','2019-11-27','2021-04-29 15:44:56.000000',3315,'Low complexity (Dust)'),(35345,'56d04da7-fb69-11eb-8dac-005056b32883',16,'repeatmask_repbase_mammals','2019-11-27','2021-04-29 15:44:56.000000',3315,'Repeats (mammal)'),(35346,'56d04e09-fb69-11eb-8dac-005056b32883',16,'repeatmask_repeatmodeler','2019-11-27','2021-04-29 15:44:56.000000',3315,'Repeats (RepeatModeler)'),(35347,'56d04e6a-fb69-11eb-8dac-005056b32883',16,'trf','2019-11-27','2021-04-29 15:44:56.000000',3315,'Tandem repeats (TRF)'),(35348,'56d04edb-fb69-11eb-8dac-005056b32883',16,'dust','2020-10-08','2021-04-29 15:56:03.000000',3319,'Low complexity (Dust)'),(35349,'56d04f44-fb69-11eb-8dac-005056b32883',16,'repeatmask_repbase_mammals','2020-10-08','2021-04-29 15:56:03.000000',3319,'Repeats (mammal)'),(35350,'56d04fa9-fb69-11eb-8dac-005056b32883',16,'trf','2020-10-08','2021-04-29 15:56:03.000000',3319,'Tandem repeats (TRF)'),(35351,'56d0501b-fb69-11eb-8dac-005056b32883',16,'dust','2019-07-15','2021-04-29 15:47:22.000000',3329,'Low complexity (Dust)'),(35352,'56d05083-fb69-11eb-8dac-005056b32883',16,'repeatmask_repbase_mammals','2019-07-15','2021-04-29 15:47:22.000000',3329,'Repeats (mammal)'),(35353,'56d0514b-fb69-11eb-8dac-005056b32883',16,'repeatmask_repeatmodeler','2019-07-15','2021-04-29 15:47:22.000000',3329,'Repeats (RepeatModeler)'),(35354,'56d051ba-fb69-11eb-8dac-005056b32883',16,'trf','2019-07-15','2021-04-29 15:47:22.000000',3329,'Tandem repeats (TRF)'),(35355,'56d0522f-fb69-11eb-8dac-005056b32883',16,'dust','2021-03-08','2021-04-29 15:46:53.000000',3334,'Low complexity (Dust)'),(35356,'56d05295-fb69-11eb-8dac-005056b32883',16,'repeatdetector','05/22/2015','2021-04-29 15:46:53.000000',3334,'Repeats: Red'),(35357,'56d052f8-fb69-11eb-8dac-005056b32883',16,'repeatmask_repbase_mammals','2021-03-08','2021-04-29 15:46:53.000000',3334,'Repeats (mammal)'),(35358,'56d05359-fb69-11eb-8dac-005056b32883',16,'trf','2021-03-08','2021-04-29 15:46:53.000000',3334,'Tandem repeats (TRF)'),(35359,'56d053cb-fb69-11eb-8dac-005056b32883',16,'dust','2019-07-15','2021-04-29 15:47:49.000000',3339,'Low complexity (Dust)'),(35360,'56d0542f-fb69-11eb-8dac-005056b32883',16,'repeatmask_repbase_mammals','2019-07-15','2021-04-29 15:47:49.000000',3339,'Repeats (mammal)'),(35361,'56d05493-fb69-11eb-8dac-005056b32883',16,'repeatmask_repeatmodeler','2019-07-15','2021-04-29 15:47:49.000000',3339,'Repeats (RepeatModeler)'),(35362,'56d054f4-fb69-11eb-8dac-005056b32883',16,'trf','2019-07-15','2021-04-29 15:47:49.000000',3339,'Tandem repeats (TRF)'),(35363,'56d05562-fb69-11eb-8dac-005056b32883',16,'dust','2021-03-08','2021-04-29 15:44:33.000000',3344,'Low complexity (Dust)'),(35364,'56d055c8-fb69-11eb-8dac-005056b32883',16,'repeatdetector','05/22/2015','2021-04-29 15:44:33.000000',3344,'Repeats: Red'),(35365,'56d0578f-fb69-11eb-8dac-005056b32883',16,'repeatmask_repbase_mammals','2021-03-08','2021-04-29 15:44:33.000000',3344,'Repeats (mammal)'),(35366,'56d058ae-fb69-11eb-8dac-005056b32883',16,'trf','2021-03-08','2021-04-29 15:44:33.000000',3344,'Tandem repeats (TRF)'),(35367,'56d05938-fb69-11eb-8dac-005056b32883',16,'dust','2021-03-08','2021-04-29 15:54:02.000000',3346,'Low complexity (Dust)'),(35368,'56d059a0-fb69-11eb-8dac-005056b32883',16,'repeatdetector','05/22/2015','2021-04-29 15:54:02.000000',3346,'Repeats: Red'),(35369,'56d05a02-fb69-11eb-8dac-005056b32883',16,'repeatmask_repbase_mammals','2021-03-08','2021-04-29 15:54:02.000000',3346,'Repeats (mammal)'),(35370,'56d05a64-fb69-11eb-8dac-005056b32883',16,'trf','2021-03-08','2021-04-29 15:54:02.000000',3346,'Tandem repeats (TRF)'),(35371,'56d05ade-fb69-11eb-8dac-005056b32883',16,'dust','2020-10-06','2021-04-29 15:46:06.000000',3354,'Low complexity (Dust)'),(35372,'56d05b44-fb69-11eb-8dac-005056b32883',16,'repeatmask_repbase_mammals','2020-10-06','2021-04-29 15:46:06.000000',3354,'Repeats (mammal)'),(35373,'56d05ba5-fb69-11eb-8dac-005056b32883',16,'trf','2020-10-06','2021-04-29 15:46:06.000000',3354,'Tandem repeats (TRF)'),(35378,'56d05dad-fb69-11eb-8dac-005056b32883',16,'dust','2019-11-27','2021-04-29 15:43:41.000000',3369,'Low complexity (Dust)'),(35379,'56d05e12-fb69-11eb-8dac-005056b32883',16,'repeatmask_repbase_mammals','2019-11-27','2021-04-29 15:43:41.000000',3369,'Repeats (mammal)'),(35380,'56d05e72-fb69-11eb-8dac-005056b32883',16,'repeatmask_repeatmodeler','2019-11-27','2021-04-29 15:43:41.000000',3369,'Repeats (RepeatModeler)'),(35381,'56d05ed1-fb69-11eb-8dac-005056b32883',16,'trf','2019-11-27','2021-04-29 15:43:41.000000',3369,'Tandem repeats (TRF)'),(35423,'56d07333-fb69-11eb-8dac-005056b32883',16,'dust','2020-05-13','2021-04-29 15:46:47.000000',3435,'Low complexity (Dust)'),(35424,'56d0739b-fb69-11eb-8dac-005056b32883',16,'repeatmask_customlib','4.0.5','2021-04-29 15:46:47.000000',3435,'Repeats: Custom library'),(35425,'56d0740b-fb69-11eb-8dac-005056b32883',16,'repeatmask_repbase','4.0.5','2021-04-29 15:46:47.000000',3435,'Repeats: Repbase'),(35426,'56d0746a-fb69-11eb-8dac-005056b32883',16,'trf','4.0','2021-04-29 15:46:47.000000',3435,'Tandem repeats (TRF)'),(35483,'56d08e6e-fb69-11eb-8dac-005056b32883',16,'dust','2021-02-16','2021-05-10 17:50:04.000000',3502,'Low complexity (Dust)'),(35484,'56d08ed9-fb69-11eb-8dac-005056b32883',16,'repeatdetector_annotated','2.17-r974-dirty','2021-05-10 17:50:04.000000',3502,'Repeats: Red (annotated)'),(35485,'56d08f3c-fb69-11eb-8dac-005056b32883',16,'repeatdetector','2.0','2021-05-10 17:50:04.000000',3502,'Repeats: Red'),(35486,'56d08fa1-fb69-11eb-8dac-005056b32883',16,'repeatmask_nrplants','4.0.5','2021-05-10 17:50:04.000000',3502,'Repeats: nrplants'),(35487,'56d09002-fb69-11eb-8dac-005056b32883',16,'repeatmask_redat','4.0.5','2021-05-10 17:50:04.000000',3502,'Repeats: REdat'),(35488,'56d09060-fb69-11eb-8dac-005056b32883',16,'repeatmask_repbase','4.0.5','2021-05-10 17:50:04.000000',3502,'Repeats: Repbase'),(35489,'56d090c2-fb69-11eb-8dac-005056b32883',16,'trf','4.0','2021-05-10 17:50:04.000000',3502,'Tandem repeats (TRF)'),(35693,'56d10197-fb69-11eb-8dac-005056b32883',16,'dust','2021-05-09','2021-06-08 18:28:11.000000',3849,'Low complexity (Dust)'),(35694,'56d10245-fb69-11eb-8dac-005056b32883',16,'repeatdetector','2021-05-17','2021-06-08 18:28:11.000000',3849,'Repeats: Red'),(35695,'56d10300-fb69-11eb-8dac-005056b32883',16,'trf','2021-05-09','2021-06-08 18:28:11.000000',3849,'Tandem repeats (TRF)'),(35696,'56d10385-fb69-11eb-8dac-005056b32883',16,'dust','2021-05-09','2021-06-08 19:37:40.000000',3850,'Low complexity (Dust)'),(35697,'56d103ea-fb69-11eb-8dac-005056b32883',16,'repeatdetector','2021-05-17','2021-06-08 19:37:40.000000',3850,'Repeats: Red'),(35698,'56d1044c-fb69-11eb-8dac-005056b32883',16,'trf','2021-05-09','2021-06-08 19:37:40.000000',3850,'Tandem repeats (TRF)'),(35895,'56d16b99-fb69-11eb-8dac-005056b32883',16,'dust','2020-11-26','2021-04-29 16:27:50.000000',4151,'Low complexity (Dust)'),(35896,'56d16c03-fb69-11eb-8dac-005056b32883',16,'repeatmask_repbase_rodents','2020-11-25','2021-04-29 16:27:50.000000',4151,'Repeats (Rodent)'),(35897,'56d16c65-fb69-11eb-8dac-005056b32883',16,'repeatmask_repeatmodeler','2020-11-25','2021-04-29 16:27:50.000000',4151,'Repeats (RepeatModeler)'),(35898,'56d16cc9-fb69-11eb-8dac-005056b32883',16,'trf','2020-11-26','2021-04-29 16:27:50.000000',4151,'Tandem repeats (TRF)'),(35973,'56d193b4-fb69-11eb-8dac-005056b32883',16,'dust','2017-01-06','2021-07-19 13:22:26.000000',4276,'Low complexity (Dust)'),(35974,'56d1941a-fb69-11eb-8dac-005056b32883',16,'repeatmask_repbase_sus_scrofa','2017-01-04','2021-07-19 13:22:26.000000',4276,'Repeats (Pig)'),(35975,'56d1947c-fb69-11eb-8dac-005056b32883',16,'trf','2017-01-06','2021-07-19 13:22:26.000000',4276,'Tandem repeats (TRF)'),(36056,'56d1baab-fb69-11eb-8dac-005056b32883',16,'dust','2020-04-30','2021-04-29 16:17:52.000000',4424,'Low complexity (Dust)'),(36057,'56d1bb10-fb69-11eb-8dac-005056b32883',16,'repeatmask_repbase_aves','2020-04-30','2021-04-29 16:17:52.000000',4424,'Repeats (Aves)'),(36058,'56d1bb72-fb69-11eb-8dac-005056b32883',16,'trf','2020-04-30','2021-04-29 16:17:52.000000',4424,'Tandem repeats (TRF)'),(36113,'56d1d7e8-fb69-11eb-8dac-005056b32883',4,'cdna_alignment','2020-10-23','2021-08-12 13:32:21.000000',3322,'cDNA alignment'),(36114,'56d1d8a0-fb69-11eb-8dac-005056b32883',4,'cdna_alignment','2021-03-15','2021-08-12 13:32:21.000000',3348,'cDNA alignment'),(36115,'56d1d92e-fb69-11eb-8dac-005056b32883',4,'cdna_alignment','2020-10-26','2021-08-12 13:32:21.000000',3355,'cDNA alignment'),(36138,'56d1e5f2-fb69-11eb-8dac-005056b32883',4,'cdna_alignment','2021-03-03 16:33:42','2021-08-12 13:32:21.000000',4153,'cDNA alignment'),(36144,'56d1e9ab-fb69-11eb-8dac-005056b32883',4,'alignment_isoseq','2017-06-27','2021-08-12 13:32:21.000000',4277,'Iso-seq alignments'),(36145,'56d1ea49-fb69-11eb-8dac-005056b32883',4,'pig_cdna_of','embl_131,refseq_81','2021-08-12 13:32:21.000000',4277,'Pig cDNAs'),(36150,'56d1edd5-fb69-11eb-8dac-005056b32883',4,'cdna_alignment','2020-05-01','2021-08-12 13:32:21.000000',4428,'cDNA alignment'),(36155,'56d1f689-fb69-11eb-8dac-005056b32883',5,'gene_isoseq',NULL,'2021-08-12 13:32:21.000000',3233,'Iso-seq gene models'),(36160,'56d1f8f4-fb69-11eb-8dac-005056b32883',5,'cdna_alignment','2020-10-23','2021-08-12 13:32:21.000000',3322,'cDNA alignment'),(36161,'56d1f969-fb69-11eb-8dac-005056b32883',5,'refseq_import','2021-02-02 12:55:27','2021-08-12 13:32:21.000000',3322,'RefSeq GFF3 annotation import'),(36162,'56d1f9e6-fb69-11eb-8dac-005056b32883',5,'cdna_alignment','2021-03-15','2021-08-12 13:32:21.000000',3348,'cDNA alignment'),(36163,'56d1fa61-fb69-11eb-8dac-005056b32883',5,'refseq_import','2021-03-08 14:29:25','2021-08-12 13:32:21.000000',3348,'RefSeq GFF3 annotation import'),(36164,'56d1fadc-fb69-11eb-8dac-005056b32883',5,'cdna_alignment','2020-10-26','2021-08-12 13:32:21.000000',3355,'cDNA alignment'),(36165,'56d1fb4e-fb69-11eb-8dac-005056b32883',5,'refseq_import','2021-06-08 15:02:22','2021-08-12 13:32:21.000000',3355,'RefSeq GFF3 annotation import'),(36225,'56d21ec9-fb69-11eb-8dac-005056b32883',5,'cdna_alignment','2021-03-03 16:33:42','2021-08-12 13:32:21.000000',4153,'cDNA alignment'),(36226,'56d21f3a-fb69-11eb-8dac-005056b32883',5,'nanopore','2021-03-03 16:33:42','2021-08-12 13:32:21.000000',4153,'Nanopore'),(36227,'56d21fa9-fb69-11eb-8dac-005056b32883',5,'refseq_import','2021-02-18 16:52:54','2021-08-12 13:32:21.000000',4153,'RefSeq GFF3 annotation import'),(36240,'56d22779-fb69-11eb-8dac-005056b32883',5,'gene_isoseq','2019-06-06','2021-08-12 13:32:21.000000',4277,'Iso-seq gene models'),(36241,'56d227ec-fb69-11eb-8dac-005056b32883',5,'pig_cdna_of','embl_131,refseq_81','2021-08-12 13:32:21.000000',4277,'Pig cDNAs'),(36242,'56d2285e-fb69-11eb-8dac-005056b32883',5,'refseq_import','2017_05','2021-08-12 13:32:21.000000',4277,'RefSeq GFF3 annotation import'),(36252,'56d22d36-fb69-11eb-8dac-005056b32883',5,'cdna_alignment','2020-05-01','2021-08-12 13:32:21.000000',4428,'cDNA alignment'),(36253,'56d22d9f-fb69-11eb-8dac-005056b32883',5,'refseq_import','2020-04-30 13:38:09','2021-08-12 13:32:21.000000',4428,'RefSeq GFF3 annotation import'),(36254,'56d22e19-fb69-11eb-8dac-005056b32883',14,'other_protein',NULL,'2021-08-12 13:32:21.000000',3233,'Other species proteins'),(36259,'56d230bd-fb69-11eb-8dac-005056b32883',14,'other_protein',NULL,'2021-08-12 13:32:21.000000',4277,'Other species proteins'),(36272,'56d237c8-fb69-11eb-8dac-005056b32883',5,'gene_rnaseq','2020-02-18','2021-08-12 13:32:21.000000',3235,'RNA-seq gene models'),(36278,'56d23cda-fb69-11eb-8dac-005056b32883',5,'gene_rnaseq','2020-10-26','2021-08-12 13:32:21.000000',3326,'RNA-seq gene models'),(36279,'56d23d6b-fb69-11eb-8dac-005056b32883',5,'gene_rnaseq','2019-07-26','2021-08-12 13:32:21.000000',3332,'RNA-seq gene models'),(36280,'56d23df3-fb69-11eb-8dac-005056b32883',5,'gene_rnaseq','2021-03-18','2021-08-12 13:32:21.000000',3336,'RNA-seq gene models'),(36281,'56d23e80-fb69-11eb-8dac-005056b32883',5,'gene_rnaseq','2019-07-26','2021-08-12 13:32:21.000000',3342,'RNA-seq gene models'),(36282,'56d23f0c-fb69-11eb-8dac-005056b32883',5,'gene_rnaseq','2021-03-16','2021-08-12 13:32:21.000000',3350,'RNA-seq gene models'),(36283,'56d23f95-fb69-11eb-8dac-005056b32883',5,'gene_rnaseq','2020-10-16','2021-08-12 13:32:21.000000',3359,'RNA-seq gene models'),(36328,'56d260f5-fb69-11eb-8dac-005056b32883',5,'gene_rnaseq','2021-02-08','2021-08-12 13:32:21.000000',4155,'RNA-seq gene models'),(36336,'56d26556-fb69-11eb-8dac-005056b32883',5,'gene_rnaseq','2021-05-18','2021-08-12 13:32:21.000000',4278,'RNA-seq gene models'),(36345,'56d26d78-fb69-11eb-8dac-005056b32883',5,'gene_rnaseq','2020-05-02','2021-08-12 13:32:21.000000',4432,'RNA-seq gene models'),(36362,'56d2774f-fb69-11eb-8dac-005056b32883',17,'datafiles_bamcov','2020-02-18','2021-08-12 13:32:21.000000',3235,'BAM coverage files'),(36368,'56d27a56-fb69-11eb-8dac-005056b32883',17,'datafiles_bamcov','2020-10-26','2021-08-12 13:32:21.000000',3326,'BAM coverage files'),(36369,'56d27ad9-fb69-11eb-8dac-005056b32883',17,'datafiles_bamcov','2019-07-26','2021-08-12 13:32:21.000000',3332,'BAM coverage files'),(36370,'56d27b55-fb69-11eb-8dac-005056b32883',17,'datafiles_bamcov','2021-03-18','2021-08-12 13:32:21.000000',3336,'BAM coverage files'),(36371,'56d27bd3-fb69-11eb-8dac-005056b32883',17,'datafiles_bamcov','2019-07-26','2021-08-12 13:32:21.000000',3342,'BAM coverage files'),(36372,'56d27c55-fb69-11eb-8dac-005056b32883',17,'datafiles_bamcov','2021-03-16','2021-08-12 13:32:21.000000',3350,'BAM coverage files'),(36373,'56d27cdd-fb69-11eb-8dac-005056b32883',17,'datafiles_bamcov','2020-10-16','2021-08-12 13:32:21.000000',3359,'BAM coverage files'),(36418,'56d29554-fb69-11eb-8dac-005056b32883',17,'datafiles_bamcov','2021-03-03','2021-08-12 13:32:21.000000',4155,'BAM coverage files'),(36434,'56d29cba-fb69-11eb-8dac-005056b32883',17,'datafiles_bamcov','2020-05-02','2021-08-12 13:32:21.000000',4432,'BAM coverage files');

CREATE TABLE `dataset_attribute` (
`dataset_attribute_id` INTEGER NOT NULL ,
`type` TEXT NOT NULL,
`value` TEXT NOT NULL,
`attribute_id` INTEGER NOT NULL,
`dataset_id` INTEGER NOT NULL,
PRIMARY KEY (`dataset_attribute_id`),
FOREIGN KEY (`attribute_id`) REFERENCES `attribute` (`attribute_id`),
FOREIGN KEY (`dataset_id`) REFERENCES `dataset` (`dataset_id`) ON DELETE CASCADE ON UPDATE CASCADE
);
INSERT INTO `dataset_attribute` VALUES (110680,'length_bp','2312785471',17116,31461),(110828,'length_bp','2501912388',17116,31463),(111099,'length_bp','2922813246',17116,31531),(110764,'length_bp','2410429933',17116,31722),(110765,'length_bp','2410429933',17116,31724),(110703,'length_bp','2343202000',17116,31737),(110759,'length_bp','2407291559',17116,31804),(110758,'length_bp','2407226110',17116,31806),(110740,'length_bp','2379995981',17116,31932),(110734,'length_bp','2374852541',17116,31935),(110806,'length_bp','2481983352',17116,32022),(110751,'length_bp','2396858295',17116,32138),(110931,'length_bp','2647915728',17116,32152),(109759,'length_bp','1219191878',17116,32254),(111696,'length_bp','420978673',17116,32304),(112665,'length_bp','716471022',17116,32347),(111803,'length_bp','449465048',17116,32381),(111966,'length_bp','499397863',17116,32382),(110297,'length_bp','175100352',17021,32477),(110954,'length_bp','26820448',17022,32477),(111870,'length_bp','4743',17023,32477),(111887,'length_bp','4797217',17024,32477),(110754,'length_bp','240620',17025,32477),(106625,'count','611394',17031,32477),(102118,'count','26595',17032,32477),(100182,'count','17',17033,32477),(106352,'count','5833',17034,32477),(101135,'count','2165',17035,32477),(109272,'example','ENSSSCG00000004244',17036,32477),(101083,'count','21303',17038,32477),(109730,'length_bp','1197458880',17039,32477),(113668,'max_bp','2270087',17039,32477),(115605,'min_bp','60',17039,32477),(110115,'length_bp','155122191',17040,32477),(114477,'max_bp','683645',17040,32477),(114835,'min_bp','188',17040,32477),(111871,'length_bp','4743',17041,32477),(113945,'max_bp','307',17041,32477),(114644,'min_bp','113',17041,32477),(113337,'length_bp','9943023',17042,32477),(114448,'max_bp','607688',17042,32477),(115695,'min_bp','73',17042,32477),(110755,'length_bp','240620',17043,32477),(113567,'max_bp','1870',17043,32477),(115495,'min_bp','54',17043,32477),(107222,'count','6797',17045,32477),(100189,'count','17',17046,32477),(100044,'count','1626',17047,32477),(101136,'count','2165',17049,32477),(108989,'example','1:90744429-90875118',17055,32477),(105498,'count','49859',17101,32477),(111367,'length_bp','3404406813',17102,32477),(110663,'length_bp','229576978',17103,32477),(111872,'length_bp','4743',17104,32477),(113338,'length_bp','9943023',17105,32477),(110756,'length_bp','240620',17106,32477),(108677,'count','9374',17107,32477),(100199,'count','17',17108,32477),(100045,'count','1626',17109,32477),(101137,'count','2165',17111,32477),(113305,'length_bp','98027303',17021,32537),(111645,'length_bp','4072619',17022,32537),(112270,'length_bp','5873',17023,32537),(112712,'length_bp','739040',17024,32537),(111424,'length_bp','353016',17025,32537),(105683,'count','514166',17031,32537),(105572,'count','5040',17032,32537),(101201,'count','22',17033,32537),(103883,'count','3669',17034,32537),(102549,'count','2888',17035,32537),(109103,'example','ENSCAFG00030025815',17036,32537),(100972,'count','20804',17038,32537),(109419,'length_bp','1002164587',17039,32537),(114444,'max_bp','6023202',17039,32537),(115659,'min_bp','66',17039,32537),(111423,'length_bp','35254504',17040,32537),(114255,'max_bp','439344',17040,32537),(114875,'min_bp','219',17040,32537),(112272,'length_bp','5873',17041,32537),(113897,'max_bp','302',17041,32537),(114605,'min_bp','105',17041,32537),(111305,'length_bp','3305648',17042,32537),(113696,'max_bp','251372',17042,32537),(115696,'min_bp','73',17042,32537),(111425,'length_bp','353016',17043,32537),(114221,'max_bp','4217',17043,32537),(115301,'min_bp','37',17043,32537),(100401,'count','1817',17045,32537),(101208,'count','22',17046,32537),(108006,'count','793',17047,32537),(102550,'count','2888',17049,32537),(108914,'example','13:58350733-58427395',17055,32537),(104688,'count','42651',17101,32537),(111039,'length_bp','2809332293',17102,32537),(111883,'length_bp','47795451',17103,32537),(112274,'length_bp','5873',17104,32537),(111306,'length_bp','3305648',17105,32537),(111426,'length_bp','353016',17106,32537),(101613,'count','2383',17107,32537),(101217,'count','22',17108,32537),(108007,'count','793',17109,32537),(102552,'count','2888',17111,32537),(113310,'length_bp','98403541',17021,32540),(111699,'length_bp','4218282',17022,32540),(112378,'length_bp','6057',17023,32540),(112790,'length_bp','767561',17024,32540),(111256,'length_bp','320285',17025,32540),(105717,'count','518694',17031,32540),(106050,'count','5539',17032,32540),(101202,'count','22',17033,32540),(104241,'count','3935',17034,32540),(102477,'count','2848',17035,32540),(109104,'example','ENSCAFG00040023596',17036,32540),(100902,'count','20477',17038,32540),(109426,'length_bp','1005942410',17039,32540),(113648,'max_bp','2179182',17039,32540),(115660,'min_bp','66',17039,32540),(111570,'length_bp','38663021',17040,32540),(114460,'max_bp','640203',17040,32540),(114876,'min_bp','219',17040,32540),(112380,'length_bp','6057',17041,32540),(113898,'max_bp','302',17041,32540),(114628,'min_bp','111',17041,32540),(111924,'length_bp','4888686',17042,32540),(114537,'max_bp','853314',17042,32540),(115697,'min_bp','73',17042,32540),(111257,'length_bp','320285',17043,32540),(114207,'max_bp','417',17043,32540),(115302,'min_bp','37',17043,32540),(100513,'count','1877',17045,32540),(101209,'count','22',17046,32540),(108131,'count','813',17047,32540),(102478,'count','2848',17049,32540),(108915,'example','13:58892392-58968960',17055,32540),(104680,'count','42573',17101,32540),(111069,'length_bp','2874130974',17102,32540),(112161,'length_bp','56064670',17103,32540),(112382,'length_bp','6057',17104,32540),(111925,'length_bp','4888686',17105,32540),(111258,'length_bp','320285',17106,32540),(101791,'count','2481',17107,32540),(101218,'count','22',17108,32540),(108133,'count','813',17109,32540),(102479,'count','2848',17111,32540),(109581,'length_bp','110788661',17021,32616),(111763,'length_bp','4420974',17022,32616),(112613,'length_bp','6929',17023,32616),(111907,'length_bp','483510',17024,32616),(111540,'length_bp','379126',17025,32616),(106228,'count','571608',17031,32616),(106093,'count','5595',17032,32616),(101815,'count','25',17033,32616),(101870,'count','2528',17034,32616),(102736,'count','2997',17035,32616),(109105,'example','ENSCAFG00050020410',17036,32616),(100969,'count','20801',17038,32616),(109478,'length_bp','1040627126',17039,32616),(113642,'max_bp','2161348',17039,32616),(115691,'min_bp','72',17039,32616),(111652,'length_bp','40960778',17040,32616),(114355,'max_bp','498171',17040,32616),(114877,'min_bp','219',17040,32616),(112615,'length_bp','6929',17041,32616),(113899,'max_bp','302',17041,32616),(114629,'min_bp','111',17041,32616),(110381,'length_bp','1879680',17042,32616),(113586,'max_bp','196839',17042,32616),(114683,'min_bp','123',17042,32616),(111541,'length_bp','379126',17043,32616),(114304,'max_bp','4758',17043,32616),(115303,'min_bp','37',17043,32616),(100584,'count','1918',17045,32616),(101819,'count','25',17046,32616),(107192,'count','675',17047,32616),(102737,'count','2997',17049,32616),(109416,'example','X:37342-51481',17055,32616),(105002,'count','45425',17101,32616),(111254,'length_bp','3191681035',17102,32616),(112197,'length_bp','56729953',17103,32616),(112617,'length_bp','6929',17104,32616),(110382,'length_bp','1879680',17105,32616),(111542,'length_bp','379126',17106,32616),(102038,'count','2609',17107,32616),(101825,'count','25',17108,32616),(107193,'count','675',17109,32616),(102738,'count','2997',17111,32616),(109630,'length_bp','114090809',17021,32627),(113233,'length_bp','942391',17022,32627),(112232,'length_bp','5790',17023,32627),(110556,'length_bp','2135705',17024,32627),(111273,'length_bp','324103',17025,32627),(106448,'count','593947',17031,32627),(101459,'count','2310',17032,32627),(100799,'count','20',17033,32627),(104832,'count','4404',17034,32627),(101775,'count','2476',17035,32627),(109115,'example','ENSCHIG00000010079',17036,32627),(101194,'count','21965',17038,32627),(109526,'length_bp','1076767771',17039,32627),(113675,'max_bp','2331052',17039,32627),(115714,'min_bp','75',17039,32627),(111534,'length_bp','3779955',17040,32627),(113456,'max_bp','147083',17040,32627),(115146,'min_bp','282',17040,32627),(112233,'length_bp','5790',17041,32627),(113844,'max_bp','300',17041,32627),(114907,'min_bp','224',17041,32627),(111829,'length_bp','4616917',17042,32627),(114334,'max_bp','488428',17042,32627),(114594,'min_bp','102',17042,32627),(111274,'length_bp','324103',17043,32627),(114344,'max_bp','4932',17043,32627),(115314,'min_bp','39',17043,32627),(103931,'count','370',17045,32627),(100806,'count','20',17046,32627),(100639,'count','1949',17047,32627),(101776,'count','2476',17049,32627),(108981,'example','1:72259-79641',17055,32627),(105301,'count','48048',17101,32627),(111382,'length_bp','3442285993',17102,32627),(112544,'length_bp','6665621',17103,32627),(112234,'length_bp','5790',17104,32627),(111830,'length_bp','4616917',17105,32627),(111275,'length_bp','324103',17106,32627),(105500,'count','499',17107,32627),(100815,'count','20',17108,32627),(100640,'count','1949',17109,32627),(101777,'count','2476',17111,32627),(112624,'length_bp','69535149',17021,32701),(111165,'length_bp','304869',17022,32701),(111519,'length_bp','3764',17023,32701),(113030,'length_bp','879436',17024,32701),(110649,'length_bp','226705',17025,32701),(103461,'count','338148',17031,32701),(106765,'count','628',17032,32701),(99212,'count','13',17033,32701),(106024,'count','5517',17034,32701),(100917,'count','2059',17035,32701),(109094,'example','ENSBMSG00010000025',17036,32701),(100648,'count','19518',17038,32701),(113346,'length_bp','996518077',17039,32701),(114524,'max_bp','82016439',17039,32701),(115715,'min_bp','75',17039,32701),(110861,'length_bp','2555981',17040,32701),(113492,'max_bp','160911',17040,32701),(114697,'min_bp','135',17040,32701),(111521,'length_bp','3764',17041,32701),(113958,'max_bp','310',17041,32701),(114886,'min_bp','220',17041,32701),(112691,'length_bp','7269092',17042,32701),(114418,'max_bp','556164',17042,32701),(115684,'min_bp','71',17042,32701),(110650,'length_bp','226705',17043,32701),(114211,'max_bp','420',17043,32701),(115346,'min_bp','43',17043,32701),(100358,'count','179',17045,32701),(99217,'count','13',17046,32701),(108177,'count','822',17047,32701),(100918,'count','2059',17049,32701),(108962,'example','1:40639-58208',17055,32701),(103068,'count','31354',17101,32701),(110342,'length_bp','1828250893',17102,32701),(111366,'length_bp','3404404',17103,32701),(111523,'length_bp','3764',17104,32701),(112692,'length_bp','7269092',17105,32701),(110651,'length_bp','226705',17106,32701),(101046,'count','211',17107,32701),(99223,'count','13',17108,32701),(108179,'count','822',17109,32701),(100919,'count','2059',17111,32701),(112511,'length_bp','65591499',17021,32877),(109469,'length_bp','1035002',17022,32877),(113124,'length_bp','898',17023,32877),(110358,'length_bp','184850',17024,32877),(111929,'length_bp','49018',17025,32877),(103276,'count','326970',17031,32877),(101834,'count','2505',17032,32877),(102755,'count','3',17033,32877),(99300,'count','1328',17034,32877),(104278,'count','397',17035,32877),(109277,'example','ENSTALG00005013372',17036,32877),(99909,'count','15646',17038,32877),(111879,'length_bp','476375731',17039,32877),(113407,'max_bp','1202253',17039,32877),(115722,'min_bp','75',17039,32877),(113157,'length_bp','9067150',17040,32877),(114258,'max_bp','440052',17040,32877),(115311,'min_bp','384',17040,32877),(113129,'length_bp','898',17041,32877),(113864,'max_bp','300',17041,32877),(115222,'min_bp','299',17041,32877),(112467,'length_bp','640302',17042,32877),(114570,'max_bp','94590',17042,32877),(115037,'min_bp','259',17042,32877),(111930,'length_bp','49018',17043,32877),(114189,'max_bp','4107',17043,32877),(115539,'min_bp','56',17043,32877),(105877,'count','537',17045,32877),(102787,'count','3',17046,32877),(108396,'count','87',17047,32877),(104279,'count','397',17049,32877),(109033,'example','CABFVR010011489.1:360986-379371',17055,32877),(101950,'count','25767',17101,32877),(109518,'length_bp','1070016075',17102,32877),(110002,'length_bp','14343428',17103,32877),(113134,'length_bp','898',17104,32877),(112468,'length_bp','640302',17105,32877),(111931,'length_bp','49018',17106,32877),(108297,'count','849',17107,32877),(102820,'count','3',17108,32877),(108398,'count','87',17109,32877),(104280,'count','397',17111,32877),(112534,'length_bp','66109818',17021,33052),(110899,'length_bp','261306',17025,33052),(101242,'count','220858',17031,33052),(102337,'count','2771',17035,33052),(109060,'example','CLYHEMG008601',17036,33052),(100575,'count','19132',17038,33052),(110776,'length_bp','243771108',17039,33052),(114131,'max_bp','388080',17039,33052),(115194,'min_bp','297',17039,33052),(110900,'length_bp','261306',17043,33052),(114122,'max_bp','382',17043,33052),(115651,'min_bp','63',17043,33052),(102338,'count','2771',17049,33052),(109037,'example','CACVBU010000351.1:361410-366261',17055,33052),(101972,'count','25895',17101,33052),(111448,'length_bp','356042183',17102,33052),(110901,'length_bp','261306',17106,33052),(102340,'count','2771',17111,33052),(109816,'length_bp','125783229',17021,33286),(110427,'length_bp','19514769',17022,33286),(112158,'length_bp','5591',17023,33286),(111898,'length_bp','480836',17024,33286),(111513,'length_bp','374444',17025,33286),(105574,'count','504160',17031,33286),(99139,'count','12718',17032,33286),(101006,'count','21',17033,33286),(101671,'count','2409',17034,33286),(103301,'count','3286',17035,33286),(109101,'example','ENSCAFG00000000001',17036,33286),(100714,'count','19843',17038,33286),(109477,'length_bp','1040612513',17039,33286),(113602,'max_bp','2036421',17039,33286),(115638,'min_bp','63',17039,33286),(112456,'length_bp','63233487',17040,33286),(114342,'max_bp','491942',17040,33286),(114878,'min_bp','219',17040,33286),(112159,'length_bp','5591',17041,33286),(113910,'max_bp','302',17041,33286),(114607,'min_bp','105',17041,33286),(110269,'length_bp','1708507',17042,33286),(113448,'max_bp','142944',17042,33286),(115702,'min_bp','73',17042,33286),(111514,'length_bp','374444',17043,33286),(114303,'max_bp','4752',17043,33286),(115131,'min_bp','28',17043,33286),(106851,'count','6352',17045,33286),(101014,'count','21',17046,33286),(105414,'count','491',17047,33286),(103302,'count','3286',17049,33286),(108926,'example','1:1248021-1317801',17055,33286),(104592,'count','41817',17101,33286),(111093,'length_bp','2906538671',17102,33286),(113280,'length_bp','96938911',17103,33286),(112160,'length_bp','5591',17104,33286),(110270,'length_bp','1708507',17105,33286),(111515,'length_bp','374444',17106,33286),(107765,'count','7499',17107,33286),(101021,'count','21',17108,33286),(105416,'count','491',17109,33286),(103303,'count','3286',17111,33286),(109852,'length_bp','128659246',17021,33299),(110428,'length_bp','19530001',17022,33299),(112261,'length_bp','5862',17023,33299),(112576,'length_bp','679754',17024,33299),(111577,'length_bp','387380',17025,33299),(105737,'count','520223',17031,33299),(99269,'count','13160',17032,33299),(101205,'count','22',17033,33299),(102905,'count','3037',17034,33299),(103571,'count','3437',17035,33299),(109108,'example','ENSCAFG00845019526',17036,33299),(100916,'count','20567',17038,33299),(109525,'length_bp','1075977163',17039,33299),(113609,'max_bp','2057682',17039,33299),(115639,'min_bp','63',17039,33299),(112529,'length_bp','66043943',17040,33299),(114393,'max_bp','532320',17040,33299),(114879,'min_bp','219',17040,33299),(112262,'length_bp','5862',17041,33299),(113911,'max_bp','302',17041,33299),(114608,'min_bp','105',17041,33299),(111075,'length_bp','2889438',17042,33299),(113701,'max_bp','251657',17042,33299),(114581,'min_bp','100',17042,33299),(111578,'length_bp','387380',17043,33299),(114416,'max_bp','5550',17043,33299),(115132,'min_bp','28',17043,33299),(106966,'count','6485',17045,33299),(101212,'count','22',17046,33299),(106607,'count','610',17047,33299),(103572,'count','3437',17049,33299),(109414,'example','X:25125-40747',17055,33299),(104782,'count','43525',17101,33299),(111147,'length_bp','3021057351',17102,33299),(109443,'length_bp','101307442',17103,33299),(112263,'length_bp','5862',17104,33299),(111076,'length_bp','2889438',17105,33299),(111579,'length_bp','387380',17106,33299),(107909,'count','7741',17107,33299),(101221,'count','22',17108,33299),(106608,'count','610',17109,33299),(103573,'count','3437',17111,33299),(112872,'length_bp','80946184',17021,33328),(111657,'length_bp','412530',17022,33328),(111520,'length_bp','3764',17023,33328),(112713,'length_bp','739346',17024,33328),(110641,'length_bp','226288',17025,33328),(103991,'count','375013',17031,33328),(108493,'count','891',17032,33328),(99215,'count','13',17033,33328),(104953,'count','4503',17034,33328),(100909,'count','2054',17035,33328),(109095,'example','ENSBMSG00010006181',17036,33328),(100641,'count','19493',17038,33328),(109453,'length_bp','1020533477',17039,33328),(114523,'max_bp','81994635',17039,33328),(115641,'min_bp','63',17039,33328),(111565,'length_bp','3845871',17040,33328),(113559,'max_bp','185289',17040,33328),(114708,'min_bp','137',17040,33328),(111522,'length_bp','3764',17041,33328),(113959,'max_bp','310',17041,33328),(114887,'min_bp','220',17041,33328),(112147,'length_bp','5578196',17042,33328),(114117,'max_bp','378798',17042,33328),(115674,'min_bp','68',17042,33328),(110642,'length_bp','226288',17043,33328),(114216,'max_bp','420',17043,33328),(115351,'min_bp','43',17043,33328),(101653,'count','240',17045,33328),(99220,'count','13',17046,33328),(107809,'count','757',17047,33328),(100910,'count','2054',17049,33328),(108983,'example','1:7373338-7399890',17055,33328),(103412,'count','33405',17101,33328),(110482,'length_bp','2029443199',17102,33328),(112096,'length_bp','5396816',17103,33328),(111524,'length_bp','3764',17104,33328),(112148,'length_bp','5578196',17105,33328),(110643,'length_bp','226288',17106,33328),(103009,'count','310',17107,33328),(99226,'count','13',17108,33328),(107810,'count','757',17109,33328),(100911,'count','2054',17111,33328),(109898,'length_bp','131757227',17021,33339),(112808,'length_bp','7722949',17022,33339),(112804,'length_bp','7705',17023,33339),(112783,'length_bp','764292',17024,33339),(111894,'length_bp','480720',17025,33339),(105611,'count','506947',17031,33339),(98967,'count','12067',17032,33339),(102186,'count','27',17033,33339),(103880,'count','3666',17034,33339),(104258,'count','3952',17035,33339),(109254,'example','ENSRNOG00000070168',17036,33339),(101465,'count','23138',17038,33339),(109495,'length_bp','1047167402',17039,33339),(113737,'max_bp','2726413',17039,33339),(115622,'min_bp','60',17039,33339),(111603,'length_bp','39444367',17040,33339),(114482,'max_bp','710647',17040,33339),(114613,'min_bp','106',17040,33339),(112805,'length_bp','7705',17041,33339),(113992,'max_bp','319',17041,33339),(114674,'min_bp','120',17041,33339),(111616,'length_bp','3984801',17042,33339),(114380,'max_bp','516626',17042,33339),(114600,'min_bp','102',17042,33339),(111895,'length_bp','480720',17043,33339),(114318,'max_bp','4801',17043,33339),(115377,'min_bp','46',17043,33339),(101863,'count','2524',17045,33339),(102193,'count','27',17046,33339),(108621,'count','918',17047,33339),(104259,'count','3952',17049,33339),(108936,'example','1:157231467-157232417',17055,33339),(105063,'count','45937',17101,33339),(110842,'length_bp','2517209249',17102,33339),(112560,'length_bp','67199650',17103,33339),(112806,'length_bp','7705',17104,33339),(111617,'length_bp','3984801',17105,33339),(111896,'length_bp','480720',17106,33339),(104569,'count','4158',17107,33339),(102200,'count','27',17108,33339),(108622,'count','918',17109,33339),(104260,'count','3952',17111,33339),(112466,'length_bp','63960932',17021,33349),(102351,'count','277619',17031,33349),(109061,'example','Dexi5A01G0027680',17036,33349),(106496,'count','59844',17038,33349),(110081,'length_bp','151500409',17039,33349),(114405,'max_bp','54394',17039,33349),(114672,'min_bp','12',17039,33349),(109018,'example','5A:31113557-31113862',17055,33349),(106512,'count','59985',17101,33349),(110082,'length_bp','151584864',17102,33349),(109826,'length_bp','126253286',17021,33371),(110367,'length_bp','18617434',17022,33371),(112271,'length_bp','5873',17023,33371),(109492,'length_bp','1044228',17024,33371),(111429,'length_bp','353544',17025,33371),(105626,'count','508538',17031,33371),(99487,'count','13919',17032,33371),(101206,'count','22',17033,33371),(103703,'count','3540',17034,33371),(102559,'count','2892',17035,33371),(109102,'example','ENSCAFG00030000046',17036,33371),(100936,'count','20661',17038,33371),(109499,'length_bp','1053675211',17039,33371),(114445,'max_bp','6023604',17039,33371),(115644,'min_bp','63',17039,33371),(112567,'length_bp','67469464',17040,33371),(114348,'max_bp','494530',17040,33371),(114880,'min_bp','219',17040,33371),(112273,'length_bp','5873',17041,33371),(113915,'max_bp','302',17041,33371),(114610,'min_bp','105',17041,33371),(111496,'length_bp','3682670',17042,33371),(113717,'max_bp','260516',17042,33371),(115704,'min_bp','73',17042,33371),(111430,'length_bp','353544',17043,33371),(114222,'max_bp','4217',17043,33371),(115307,'min_bp','37',17043,33371),(106616,'count','6108',17045,33371),(101213,'count','22',17046,33371),(108159,'count','819',17047,33371),(102560,'count','2892',17049,33371),(108979,'example','1:668856-722579',17055,33371),(104777,'count','43394',17101,33371),(111101,'length_bp','2923515331',17102,33371),(109552,'length_bp','109062061',17103,33371),(112275,'length_bp','5873',17104,33371),(111497,'length_bp','3682670',17105,33371),(111431,'length_bp','353544',17106,33371),(107854,'count','7651',17107,33371),(101222,'count','22',17108,33371),(108160,'count','819',17109,33371),(102561,'count','2892',17111,33371),(109928,'length_bp','134943466',17021,33373),(110496,'length_bp','20513946',17022,33373),(112614,'length_bp','6929',17023,33373),(112545,'length_bp','667097',17024,33373),(111543,'length_bp','379276',17025,33373),(105884,'count','537365',17031,33373),(100274,'count','17383',17032,33373),(101818,'count','25',17033,33373),(101583,'count','2368',17034,33373),(102865,'count','3000',17035,33373),(109106,'example','ENSCAFG00050020410',17036,33373),(100940,'count','20682',17038,33373),(109551,'length_bp','1090021473',17039,33373),(113607,'max_bp','2050555',17039,33373),(115645,'min_bp','63',17039,33373),(113022,'length_bp','87546492',17040,33373),(114356,'max_bp','499333',17040,33373),(114881,'min_bp','219',17040,33373),(112616,'length_bp','6929',17041,33373),(113916,'max_bp','302',17041,33373),(114638,'min_bp','111',17041,33373),(110040,'length_bp','1466358',17042,33373),(114540,'max_bp','86684',17042,33373),(114583,'min_bp','100',17042,33373),(111544,'length_bp','379276',17043,33373),(114305,'max_bp','4758',17043,33373),(115308,'min_bp','37',17043,33373),(107183,'count','6730',17045,33373),(101822,'count','25',17046,33373),(107181,'count','673',17047,33373),(102866,'count','3000',17049,33373),(109399,'example','VSDE02000202.1:36064-51481',17055,33373),(104970,'count','45123',17101,33373),(111237,'length_bp','3155433691',17102,33373),(110039,'length_bp','146605227',17103,33373),(112618,'length_bp','6929',17104,33373),(110041,'length_bp','1466358',17105,33373),(111545,'length_bp','379276',17106,33373),(108472,'count','8871',17107,33373),(101828,'count','25',17108,33373),(107182,'count','673',17109,33373),(102867,'count','3000',17111,33373),(109908,'length_bp','132880776',17021,33375),(110447,'length_bp','19770758',17022,33375),(112379,'length_bp','6057',17023,33375),(112575,'length_bp','679204',17024,33375),(111787,'length_bp','446203',17025,33375),(105829,'count','530328',17031,33375),(100046,'count','16274',17032,33375),(101207,'count','22',17033,33375),(101641,'count','2399',17034,33375),(102989,'count','3097',17035,33375),(109107,'example','ENSCAFG00805015734',17036,33375),(101037,'count','21063',17038,33375),(109542,'length_bp','1086196209',17039,33375),(113616,'max_bp','2084004',17039,33375),(115646,'min_bp','63',17039,33375),(112937,'length_bp','83897090',17040,33375),(114351,'max_bp','496064',17040,33375),(114882,'min_bp','219',17040,33375),(112381,'length_bp','6057',17041,33375),(113917,'max_bp','302',17041,33375),(114639,'min_bp','111',17041,33375),(110563,'length_bp','2148301',17042,33375),(114244,'max_bp','432872',17042,33375),(114584,'min_bp','100',17042,33375),(111788,'length_bp','446203',17043,33375),(114313,'max_bp','4784',17043,33375),(115309,'min_bp','37',17043,33375),(107019,'count','6540',17045,33375),(101214,'count','22',17046,33375),(107196,'count','676',17047,33375),(102990,'count','3097',17049,33375),(109415,'example','X:28534-44082',17055,33375),(104963,'count','45108',17101,33375),(111206,'length_bp','3109865568',17102,33375),(109948,'length_bp','137028422',17103,33375),(112383,'length_bp','6057',17104,33375),(110564,'length_bp','2148301',17105,33375),(111789,'length_bp','446203',17106,33375),(108269,'count','8405',17107,33375),(101223,'count','22',17108,33375),(107198,'count','676',17109,33375),(102992,'count','3097',17111,33375),(112748,'length_bp','75417778',17021,33401),(111102,'length_bp','2938600',17022,33401),(112319,'length_bp','594',17023,33401),(112831,'length_bp','78330',17025,33401),(101287,'count','222863',17031,33401),(98448,'count','10236',17032,33401),(100759,'count','2',17033,33401),(108114,'count','810',17035,33401),(109186,'example','ENSMCXG00000011030',17036,33401),(99113,'count','12636',17038,33401),(111088,'length_bp','289814143',17039,33401),(114098,'max_bp','363867',17039,33401),(114690,'min_bp','132',17039,33401),(111090,'length_bp','29029428',17040,33401),(113695,'max_bp','250764',17040,33401),(114912,'min_bp','225',17040,33401),(112320,'length_bp','594',17041,33401),(113799,'max_bp','298',17041,33401),(115186,'min_bp','296',17041,33401),(112832,'length_bp','78330',17043,33401),(113573,'max_bp','1897',17043,33401),(115546,'min_bp','56',17043,33401),(103881,'count','3666',17045,33401),(100772,'count','2',17046,33401),(108115,'count','810',17049,33401),(109056,'example','CAJNAH010000043.1:436939-506514',17055,33401),(102260,'count','27354',17101,33401),(112407,'length_bp','612045635',17102,33401),(111494,'length_bp','36693619',17103,33401),(112321,'length_bp','594',17104,33401),(112833,'length_bp','78330',17106,33401),(104997,'count','4531',17107,33401),(100787,'count','2',17108,33401),(108117,'count','810',17111,33401),(112888,'length_bp','81732428',17021,33402),(111228,'length_bp','3144484',17022,33402),(110054,'length_bp','1482',17023,33402),(112884,'length_bp','81527',17025,33402),(101673,'count','240958',17031,33402),(98625,'count','10811',17032,33402),(105517,'count','5',17033,33402),(108357,'count','862',17035,33402),(109187,'example','ENSMCXG00005011056',17036,33402),(99402,'count','13666',17038,33402),(111270,'length_bp','323142544',17039,33402),(114097,'max_bp','363647',17039,33402),(114769,'min_bp','156',17039,33402),(111169,'length_bp','30566844',17040,33402),(113623,'max_bp','209869',17040,33402),(114896,'min_bp','222',17040,33402),(110055,'length_bp','1482',17041,33402),(113800,'max_bp','298',17041,33402),(115187,'min_bp','296',17041,33402),(112885,'length_bp','81527',17043,33402),(113723,'max_bp','264',17043,33402),(115547,'min_bp','56',17043,33402),(104135,'count','3863',17045,33402),(105524,'count','5',17046,33402),(108359,'count','862',17049,33402),(109005,'example','3:15619978-15673083',17055,33402),(102676,'count','29593',17101,33402),(112577,'length_bp','679876544',17102,33402),(111568,'length_bp','38566577',17103,33402),(110056,'length_bp','1482',17104,33402),(112886,'length_bp','81527',17106,33402),(105267,'count','4775',17107,33402),(105533,'count','5',17108,33402),(108363,'count','862',17111,33402),(101378,'count','2270',17110,33577),(103069,'count','31354',17112,33578),(101059,'count','2119',17110,33579),(102582,'count','29004',17112,33580),(102897,'count','3029',17110,33616),(103106,'count','31558',17112,33617),(100253,'count','17239',17113,33618),(102535,'count','2880',17110,33619),(102872,'count','30077',17112,33620),(100467,'count','18557',17113,33621),(105802,'count','5271',17110,33622),(104683,'count','42604',17112,33623),(99771,'count','15054',17113,33624),(102726,'count','2991',17110,33625),(103054,'count','31289',17112,33626),(99622,'count','14376',17113,33627),(105843,'count','5328',17110,33628),(104675,'count','42529',17112,33629),(100077,'count','16431',17113,33630),(102546,'count','2886',17110,33631),(102563,'count','28946',17112,33632),(99957,'count','15892',17113,33633),(102649,'count','2946',17110,33634),(102709,'count','29780',17112,33635),(99954,'count','15888',17113,33636),(102602,'count','2915',17110,33637),(102679,'count','29606',17112,33638),(100028,'count','16174',17113,33639),(101469,'count','2316',17110,33643),(100956,'count','20725',17112,33644),(98977,'count','12119',17113,33645),(102339,'count','2771',17110,33675),(101973,'count','25895',17112,33676),(101974,'count','25895',17113,33677),(106408,'count','58803',17112,33719),(105571,'count','504',17110,33878),(105599,'count','506',17112,33879),(105535,'count','5',17113,33880),(106089,'count','559',17110,33881),(105826,'count','530',17112,33882),(104368,'count','4',17113,33883),(102299,'count','27538',17112,34039),(102300,'count','27538',17112,34040),(100102,'count','16573',17113,34041),(98808,'count','11539',17110,34098),(98809,'count','11539',17110,34099),(105495,'count','49836',17112,34100),(105496,'count','49836',17112,34101),(105493,'count','49820',17113,34102),(101908,'count','255',17110,34166),(108181,'count','8223',17112,34167),(103914,'count','369',17113,34168),(107688,'count','739',17027,34232),(102489,'count','2851',17115,34233),(105297,'count','4801230',17117,34241),(104843,'count','4414040',17118,34242),(107200,'count','67619',17053,34289),(107659,'count','73491',17053,34290),(100393,'count','181116',17050,34314),(98459,'count','103143',17053,34315),(100630,'count','194279',17050,34316),(108728,'count','95191',17053,34317),(108906,'count','99880',17050,34318),(108752,'count','95722',17053,34319),(99916,'count','156827',17050,34320),(108813,'count','97142',17053,34321),(98609,'count','107681',17050,34322),(108765,'count','96160',17053,34323),(100168,'count','169126',17050,34324),(98427,'count','101771',17053,34325),(100162,'count','168915',17050,34326),(108884,'count','99270',17053,34327),(100211,'count','170023',17050,34328),(108843,'count','98154',17053,34329),(99326,'count','134082',17050,34332),(98595,'count','107199',17053,34333),(107203,'count','67665',17050,34351),(103389,'count','33261',17053,34352),(107977,'count','78833',17053,34381),(105188,'count','471',17050,34481),(104679,'count','42567',17053,34482),(105337,'count','483',17050,34483),(105056,'count','45854',17053,34484),(105950,'count','543618',17050,34583),(98417,'count','101594',17053,34584),(103637,'count','34935',17050,34621),(98703,'count','110795',17053,34622),(100811,'count','20',17050,34663),(106462,'count','59465',17053,34664),(102229,'count','27111',17019,34741),(106599,'count','60990',17037,34741),(107029,'count','655',17051,34741),(107071,'count','66099',17052,34741),(107476,'count','70999',17056,34741),(100105,'count','16577',17058,34741),(107106,'count','66600',17061,34741),(105368,'count','48599',17062,34741),(103283,'count','3271',17073,34741),(105367,'count','48591',17074,34741),(101259,'count','22154',17093,34741),(103786,'count','360',17095,34741),(104667,'count','4244',17096,34741),(106260,'count','57494',17097,34741),(105315,'count','48169',17098,34741),(101061,'count','2120',17099,34741),(101868,'count','25267',17100,34741),(108526,'count','89939',17094,34742),(102700,'count','29718',17019,34743),(107094,'count','66319',17037,34743),(107351,'count','697',17051,34743),(107845,'count','76349',17052,34743),(108149,'count','81734',17056,34743),(100610,'count','19320',17058,34743),(107604,'count','72552',17061,34743),(105847,'count','53305',17062,34743),(103639,'count','3497',17073,34743),(105709,'count','51787',17074,34743),(101624,'count','23870',17093,34743),(104235,'count','393',17095,34743),(104830,'count','4401',17096,34743),(106772,'count','62820',17097,34743),(105798,'count','52670',17098,34743),(101327,'count','2247',17099,34743),(102136,'count','26705',17100,34743),(98421,'count','101710',17094,34744),(105203,'count','47264',17019,34771),(108820,'count','97356',17037,34771),(108611,'count','914',17051,34771),(98623,'count','108105',17052,34771),(99279,'count','132102',17056,34771),(103021,'count','31067',17058,34771),(98627,'count','108152',17061,34771),(108030,'count','79756',17062,34771),(104921,'count','4486',17073,34771),(107758,'count','74799',17074,34771),(103534,'count','34159',17093,34771),(106848,'count','635',17095,34771),(106078,'count','5579',17096,34771),(108727,'count','95034',17097,34771),(107975,'count','78829',17098,34771),(103127,'count','3167',17099,34771),(104453,'count','40510',17100,34771),(100115,'count','166504',17094,34772),(104475,'count','40793',17019,34773),(108405,'count','87099',17037,34773),(108376,'count','865',17051,34773),(108793,'count','96807',17052,34773),(98711,'count','111181',17056,34773),(102213,'count','27062',17058,34773),(108753,'count','95725',17061,34773),(107472,'count','70955',17062,34773),(104702,'count','4275',17073,34773),(107437,'count','70542',17074,34773),(103098,'count','31530',17093,34773),(106566,'count','604',17095,34773),(105650,'count','5101',17096,34773),(108273,'count','84144',17097,34773),(107372,'count','69959',17098,34773),(102705,'count','2976',17099,34773),(103993,'count','37509',17100,34773),(99483,'count','139043',17094,34774),(104546,'count','41347',17019,34775),(108440,'count','88099',17037,34775),(108205,'count','827',17051,34775),(108882,'count','99248',17052,34775),(98791,'count','114787',17056,34775),(102321,'count','27645',17058,34775),(108832,'count','97746',17061,34775),(107542,'count','71875',17062,34775),(104586,'count','4175',17073,34775),(107438,'count','70556',17074,34775),(103151,'count','31801',17093,34775),(106270,'count','576',17095,34775),(105725,'count','5194',17096,34775),(108333,'count','85609',17097,34775),(107494,'count','71172',17098,34775),(102487,'count','2850',17099,34775),(104072,'count','38159',17100,34775),(99647,'count','145097',17094,34776),(104281,'count','39702',17019,34777),(108416,'count','87635',17037,34777),(108434,'count','880',17051,34777),(108900,'count','99769',17052,34777),(98642,'count','108640',17056,34777),(102005,'count','25996',17058,34777),(108783,'count','96474',17061,34777),(107495,'count','71198',17062,34777),(104745,'count','4307',17073,34777),(107520,'count','71448',17074,34777),(103174,'count','31989',17093,34777),(106567,'count','604',17095,34777),(105841,'count','5327',17096,34777),(108232,'count','83155',17097,34777),(107405,'count','70053',17098,34777),(102643,'count','2939',17099,34777),(104104,'count','38431',17100,34777),(99420,'count','137048',17094,34778),(104545,'count','41346',17019,34779),(108444,'count','88141',17037,34779),(108256,'count','837',17051,34779),(108883,'count','99267',17052,34779),(98861,'count','116637',17056,34779),(102281,'count','27433',17058,34779),(108829,'count','97621',17061,34779),(107508,'count','71328',17062,34779),(104563,'count','4153',17073,34779),(107402,'count','70009',17074,34779),(103070,'count','31357',17093,34779),(106319,'count','581',17095,34779),(105678,'count','5137',17096,34779),(108267,'count','84026',17097,34779),(107492,'count','71125',17098,34779),(102701,'count','2972',17099,34779),(104028,'count','37826',17100,34779),(99684,'count','146877',17094,34780),(104752,'count','43166',17019,34781),(108703,'count','94238',17037,34781),(108648,'count','925',17051,34781),(98524,'count','104865',17052,34781),(98896,'count','118182',17056,34781),(102424,'count','28146',17058,34781),(98468,'count','103333',17061,34781),(107865,'count','76801',17062,34781),(105062,'count','4592',17073,34781),(107738,'count','74576',17074,34781),(103579,'count','34443',17093,34781),(106914,'count','643',17095,34781),(106042,'count','5532',17096,34781),(108570,'count','90106',17097,34781),(107790,'count','75289',17098,34781),(103120,'count','3164',17099,34781),(104458,'count','40551',17100,34781),(99710,'count','148445',17094,34782),(104519,'count','41100',17019,34783),(108583,'count','90535',17037,34783),(108597,'count','909',17051,34783),(98436,'count','101959',17052,34783),(98835,'count','115919',17056,34783),(102336,'count','27704',17058,34783),(108878,'count','99101',17061,34783),(107663,'count','73511',17062,34783),(104852,'count','4427',17073,34783),(107640,'count','73113',17074,34783),(103390,'count','33267',17093,34783),(106425,'count','590',17095,34783),(105996,'count','5492',17096,34783),(108346,'count','85851',17097,34783),(107593,'count','72395',17098,34783),(102902,'count','3034',17099,34783),(104447,'count','40498',17100,34783),(99363,'count','135531',17094,34784),(104575,'count','41640',17019,34785),(108524,'count','89933',17037,34785),(108367,'count','863',17051,34785),(98408,'count','101306',17052,34785),(98763,'count','113376',17056,34785),(102202,'count','27001',17058,34785),(108863,'count','98703',17061,34785),(107652,'count','73373',17062,34785),(104755,'count','4321',17073,34785),(107686,'count','73855',17074,34785),(103245,'count','32446',17093,34785),(106890,'count','639',17095,34785),(105837,'count','5320',17096,34785),(108370,'count','86367',17097,34785),(107576,'count','72173',17098,34785),(102921,'count','3048',17099,34785),(104245,'count','39393',17100,34785),(99579,'count','141946',17094,34786),(105396,'count','48986',17019,34789),(98384,'count','100586',17037,34789),(108656,'count','928',17051,34789),(98760,'count','113096',17052,34789),(99206,'count','129736',17056,34789),(103385,'count','33245',17058,34789),(98730,'count','112131',17061,34789),(108310,'count','85148',17062,34789),(105309,'count','4812',17073,34789),(107952,'count','78295',17074,34789),(103728,'count','35592',17093,34789),(107466,'count','709',17095,34789),(106322,'count','5810',17096,34789),(98399,'count','100920',17097,34789),(108217,'count','82958',17098,34789),(103365,'count','3312',17099,34789),(104803,'count','43754',17100,34789),(100070,'count','163992',17094,34790),(99011,'count','12230',17019,34815),(103770,'count','35965',17037,34815),(103113,'count','316',17051,34815),(103829,'count','36289',17052,34815),(105777,'count','52474',17056,34815),(99454,'count','13837',17058,34815),(103737,'count','35680',17061,34815),(102557,'count','28918',17062,34815),(98365,'count','1002',17073,34815),(100569,'count','19085',17074,34815),(98815,'count','11563',17093,34815),(99759,'count','150',17095,34815),(105265,'count','4773',17096,34815),(103311,'count','32890',17097,34815),(102881,'count','30128',17098,34815),(108849,'count','983',17099,34815),(101392,'count','22760',17100,34815),(106387,'count','58681',17094,34816),(100445,'count','18457',17019,34847),(106483,'count','59694',17037,34847),(99263,'count','1315',17051,34847),(99297,'count','132703',17052,34847),(107648,'count','73315',17056,34847),(98731,'count','11218',17058,34847),(106939,'count','64599',17061,34847),(103139,'count','31739',17062,34847),(102486,'count','2850',17073,34847),(103635,'count','34913',17074,34847),(99092,'count','12565',17093,34847),(107507,'count','713',17095,34847),(106968,'count','6488',17096,34847),(101935,'count','25661',17097,34847),(105048,'count','45790',17098,34847),(106876,'count','6372',17099,34847),(104021,'count','37794',17100,34847),(99545,'count','140605',17094,34848),(99455,'count','13841',17019,34965),(104244,'count','39375',17037,34965),(105596,'count','506',17051,34965),(105210,'count','47360',17052,34965),(105007,'count','45456',17056,34965),(98796,'count','11505',17058,34965),(104160,'count','38867',17061,34965),(102243,'count','27219',17062,34965),(99652,'count','1453',17073,34965),(101363,'count','22673',17074,34965),(98868,'count','11707',17093,34965),(101349,'count','226',17095,34965),(103615,'count','3471',17096,34965),(103229,'count','32337',17097,34965),(102895,'count','30258',17098,34965),(99362,'count','1355',17099,34965),(101603,'count','23745',17100,34965),(107028,'count','65492',17094,34966),(99715,'count','14876',17019,34967),(104687,'count','42647',17037,34967),(106070,'count','557',17051,34967),(105675,'count','51320',17052,34967),(105605,'count','50629',17056,34967),(99005,'count','12206',17058,34967),(104611,'count','41994',17061,34967),(102690,'count','29670',17062,34967),(99952,'count','1587',17073,34967),(101773,'count','24750',17074,34967),(99167,'count','12824',17093,34967),(101883,'count','254',17095,34967),(104116,'count','3857',17096,34967),(103697,'count','35363',17097,34967),(103321,'count','32922',17098,34967),(99900,'count','1562',17099,34967),(101860,'count','25233',17100,34967),(107512,'count','71354',17094,34968),(104459,'count','40553',17019,35079),(108527,'count','89977',17037,35079),(108735,'count','955',17051,35079),(98425,'count','101756',17052,35079),(98599,'count','107301',17056,35079),(101879,'count','25381',17058,35079),(108864,'count','98725',17061,35079),(107774,'count','75074',17062,35079),(104903,'count','4474',17073,35079),(108403,'count','87081',17074,35079),(103508,'count','34032',17093,35079),(105918,'count','541',17095,35079),(106488,'count','5973',17096,35079),(108364,'count','86216',17097,35079),(107572,'count','72123',17098,35079),(102922,'count','3049',17099,35079),(105278,'count','47844',17100,35079),(99091,'count','125638',17094,35080),(104900,'count','44715',17019,35121),(98432,'count','101885',17037,35121),(98398,'count','1009',17051,35121),(98754,'count','112991',17052,35121),(98840,'count','116069',17056,35121),(102691,'count','29691',17058,35121),(98645,'count','108693',17061,35121),(107949,'count','78191',17062,35121),(105667,'count','5123',17073,35121),(108306,'count','85001',17074,35121),(103726,'count','35588',17093,35121),(107331,'count','694',17095,35121),(106426,'count','5905',17096,35121),(108667,'count','93178',17097,35121),(108016,'count','79475',17098,35121),(103616,'count','3472',17099,35121),(105317,'count','48181',17100,35121),(99726,'count','149233',17094,35122),(102083,'count','26407',17019,35169),(105980,'count','54695',17037,35169),(105472,'count','496',17051,35169),(106459,'count','59432',17052,35169),(106477,'count','59603',17056,35169),(100265,'count','17313',17058,35169),(106326,'count','58128',17061,35169),(104699,'count','42731',17062,35169),(101768,'count','2472',17073,35169),(104446,'count','40489',17074,35169),(100074,'count','16410',17093,35169),(103262,'count','326',17095,35169),(101195,'count','2198',17096,35169),(105742,'count','52068',17097,35169),(104810,'count','43833',17098,35169),(100647,'count','1951',17099,35169),(101479,'count','23194',17100,35169),(107791,'count','75293',17094,35170),(104046,'count','3797274',17029,35293),(103808,'count','3613352',17084,35294),(98380,'count','1005157',17114,35295),(104044,'count','3793820',17029,35296),(103797,'count','3604844',17084,35297),(102673,'count','2958223',17091,35298),(98366,'count','1002086',17114,35299),(105470,'count','4956330',17029,35344),(104399,'count','4011816',17084,35345),(104420,'count','4030018',17091,35346),(100173,'count','1693797',17114,35347),(105316,'count','4817157',17029,35348),(104139,'count','3865712',17084,35349),(100025,'count','1613627',17114,35350),(105458,'count','4941876',17029,35351),(104298,'count','3987346',17084,35352),(104274,'count','3967318',17091,35353),(100149,'count','1685077',17114,35354),(105459,'count','4941877',17029,35355),(103218,'count','3222252',17076,35356),(101622,'count','2386534',17084,35357),(100151,'count','1685547',17114,35358),(105385,'count','4874095',17029,35359),(104164,'count','3889424',17084,35360),(104269,'count','3961865',17091,35361),(100036,'count','1620913',17114,35362),(105469,'count','4956318',17029,35363),(103160,'count','3186347',17076,35364),(106858,'count','635643',17084,35365),(100172,'count','1693794',17114,35366),(105620,'count','5078178',17029,35367),(102525,'count','2874683',17076,35368),(99429,'count','1373075',17084,35369),(100320,'count','1760971',17114,35370),(105506,'count','4998199',17029,35371),(104376,'count','4000831',17084,35372),(100170,'count','1692463',17114,35373),(103355,'count','3304119',17029,35378),(104784,'count','4356812',17084,35379),(103353,'count','3303605',17091,35380),(98608,'count','1076532',17114,35381),(108817,'count','971898',17029,35423),(106140,'count','563362',17078,35424),(108082,'count','8039',17081,35425),(101255,'count','221349',17114,35426),(108374,'count','864588',17029,35483),(104846,'count','44164',17077,35484),(105135,'count','465879',17076,35485),(101989,'count','259489',17079,35486),(102629,'count','293200',17080,35487),(107122,'count','6686',17081,35488),(101353,'count','226034',17114,35489),(107725,'count','744427',17029,35693),(98636,'count','1084626',17076,35694),(101076,'count','212760',17114,35695),(108189,'count','823308',17029,35696),(99018,'count','1226772',17076,35697),(101584,'count','236874',17114,35698),(103849,'count','3646907',17029,35895),(103958,'count','3719038',17087,35896),(105252,'count','4765862',17091,35897),(100415,'count','1826677',17114,35898),(105061,'count','4590612',17029,35973),(104289,'count','3979642',17088,35974),(99261,'count','1314713',17114,35975),(100471,'count','1858371',17029,36056),(100324,'count','176347',17082,36057),(105393,'count','489278',17114,36058),(98912,'count','1188359',17020,36113),(104978,'count','45188',17020,36114),(99041,'count','1236382',17020,36115),(105933,'count','542143',17020,36138),(103707,'count','354122',17063,36144),(104208,'count','391495',17065,36144),(101934,'count','256606',17066,36144),(104757,'count','432267',17067,36144),(103815,'count','361864',17068,36144),(101866,'count','252548',17069,36144),(104460,'count','405767',17070,36144),(104933,'count','449348',17071,36144),(103984,'count','374387',17072,36144),(105024,'count','45589',17064,36145),(98662,'count','11',17020,36150),(108684,'count','9399',17044,36155),(104170,'count','389341',17020,36160),(104438,'count','40405',17075,36161),(107108,'count','6665',17020,36162),(104772,'count','43363',17075,36163),(104454,'count','405330',17020,36164),(104649,'count','42272',17075,36165),(107531,'count','71558',17020,36225),(108365,'count','86256',17057,36226),(104776,'count','43387',17075,36227),(104176,'count','3899114',17044,36240),(105025,'count','45589',17064,36241),(101779,'count','24769',17075,36242),(108528,'count','9',17020,36252),(100615,'count','19354',17075,36253),(107945,'count','7808',17060,36254),(102037,'count','260855',17060,36259),(103162,'count','31891',17048,36272),(108338,'count','857389',17048,36278),(100153,'count','1685766',17048,36279),(108519,'count','897174',17048,36280),(100225,'count','1705686',17048,36281),(108658,'count','929713',17048,36282),(108568,'count','900550',17048,36283),(107566,'count','720049',17048,36328),(104048,'count','3798135',17048,36336),(100498,'count','187005',17048,36345),(116683,'name','skin',17092,36362),(115823,'name','adjacent normal bladder',17092,36368),(115827,'name','adrenal cortex',17092,36368),(115831,'name','adrenal gland',17092,36368),(115880,'name','brain',17092,36368),(115906,'name','cerebellum',17092,36368),(115918,'name','colorectal',17092,36368),(115928,'name','cortex',17092,36368),(116169,'name','gut colon',17092,36368),(116184,'name','heart',17092,36368),(116217,'name','intestine',17092,36368),(116228,'name','jejunum',17092,36368),(116234,'name','keratinocyte',17092,36368),(116241,'name','kidney',17092,36368),(116267,'name','liver',17092,36368),(116296,'name','lung',17092,36368),(116311,'name','lymph node',17092,36368),(116461,'name','mammary gland',17092,36368),(116479,'name','merged',17092,36368),(116549,'name','normal bladder',17092,36368),(116557,'name','olfactory bulb',17092,36368),(116576,'name','pancreas',17092,36368),(116592,'name','pituitary',17092,36368),(116625,'name','retina',17092,36368),(116674,'name','skeletal muscle',17092,36368),(116704,'name','spinal cord',17092,36368),(116714,'name','spleen',17092,36368),(116742,'name','testis',17092,36368),(116759,'name','thymus',17092,36368),(115832,'name','adrenal gland',17092,36369),(115881,'name','brain',17092,36369),(115907,'name','cerebellum',17092,36369),(115915,'name','colon',17092,36369),(115919,'name','colorectal',17092,36369),(115926,'name','corporea lutea',17092,36369),(115929,'name','cortex',17092,36369),(115963,'name','female biceps femoris muscle',17092,36369),(115965,'name','female blood',17092,36369),(115985,'name','female colorectal',17092,36369),(115987,'name','female cutaneous',17092,36369),(115991,'name','female dorsal root ganglion',17092,36369),(116008,'name','female hs bd cell line',17092,36369),(116027,'name','female intestine',17092,36369),(116051,'name','female lymph node',17092,36369),(116060,'name','female muscle',17092,36369),(116065,'name','female occipital lobe',17092,36369),(116067,'name','female occular',17092,36369),(116071,'name','female oral gingiva',17092,36369),(116076,'name','female ovary',17092,36369),(116115,'name','female skin',17092,36369),(116126,'name','female temporal lobe',17092,36369),(116133,'name','female vastus lateralis muscle',17092,36369),(116173,'name','hair follicle',17092,36369),(116185,'name','heart',17092,36369),(116204,'name','hypothalamus',17092,36369),(116215,'name','interfollicular epidermis',17092,36369),(116218,'name','intestine',17092,36369),(116229,'name','jejunum',17092,36369),(116235,'name','keratinocyte',17092,36369),(116242,'name','kidney',17092,36369),(116268,'name','liver',17092,36369),(116297,'name','lung',17092,36369),(116312,'name','lymph node',17092,36369),(116323,'name','male biceps femoris muscle',17092,36369),(116325,'name','male blood',17092,36369),(116337,'name','male colorectal',17092,36369),(116340,'name','male dorsal root ganglion',17092,36369),(116353,'name','male footpad',17092,36369),(116362,'name','male intestine',17092,36369),(116367,'name','male kidney',17092,36369),(116372,'name','male large intestine',17092,36369),(116376,'name','male liver',17092,36369),(116383,'name','male lung',17092,36369),(116387,'name','male lymph node',17092,36369),(116397,'name','male oral',17092,36369),(116399,'name','male oral buccal',17092,36369),(116401,'name','male oral gingiva',17092,36369),(116428,'name','male skin',17092,36369),(116430,'name','male small intestine',17092,36369),(116434,'name','male spleen',17092,36369),(116454,'name','male tongue',17092,36369),(116457,'name','male vastus lateralis muscle',17092,36369),(116462,'name','mammary gland',17092,36369),(116480,'name','merged',17092,36369),(116553,'name','nose',17092,36369),(116558,'name','olfactory bulb',17092,36369),(116577,'name','pancreas',17092,36369),(116588,'name','peripheral blood mononuclear cells',17092,36369),(116626,'name','retina',17092,36369),(116675,'name','skeletal muscle',17092,36369),(116684,'name','skin',17092,36369),(116705,'name','spinal cord',17092,36369),(116715,'name','spleen',17092,36369),(116743,'name','testis',17092,36369),(116760,'name','thymus',17092,36369),(116787,'name','whole skin',17092,36369),(115824,'name','adjacent normal bladder',17092,36370),(115828,'name','adrenal cortex',17092,36370),(115833,'name','adrenal gland',17092,36370),(115882,'name','brain',17092,36370),(115908,'name','cerebellum',17092,36370),(115920,'name','colorectal',17092,36370),(115930,'name','cortex',17092,36370),(116170,'name','gut colon',17092,36370),(116186,'name','heart',17092,36370),(116219,'name','intestine',17092,36370),(116230,'name','jejunum',17092,36370),(116236,'name','keratinocyte',17092,36370),(116243,'name','kidney',17092,36370),(116269,'name','liver',17092,36370),(116298,'name','lung',17092,36370),(116313,'name','lymph node',17092,36370),(116463,'name','mammary gland',17092,36370),(116481,'name','merged',17092,36370),(116550,'name','normal bladder',17092,36370),(116559,'name','olfactory bulb',17092,36370),(116578,'name','pancreas',17092,36370),(116593,'name','pituitary',17092,36370),(116627,'name','retina',17092,36370),(116676,'name','skeletal muscle',17092,36370),(116706,'name','spinal cord',17092,36370),(116716,'name','spleen',17092,36370),(116744,'name','testis',17092,36370),(116761,'name','thymus',17092,36370),(115834,'name','adrenal gland',17092,36371),(115883,'name','brain',17092,36371),(115909,'name','cerebellum',17092,36371),(115916,'name','colon',17092,36371),(115921,'name','colorectal',17092,36371),(115927,'name','corporea lutea',17092,36371),(115931,'name','cortex',17092,36371),(115964,'name','female biceps femoris muscle',17092,36371),(115966,'name','female blood',17092,36371),(115986,'name','female colorectal',17092,36371),(115988,'name','female cutaneous',17092,36371),(115992,'name','female dorsal root ganglion',17092,36371),(116009,'name','female hs bd cell line',17092,36371),(116028,'name','female intestine',17092,36371),(116052,'name','female lymph node',17092,36371),(116061,'name','female muscle',17092,36371),(116066,'name','female occipital lobe',17092,36371),(116068,'name','female occular',17092,36371),(116072,'name','female oral gingiva',17092,36371),(116077,'name','female ovary',17092,36371),(116116,'name','female skin',17092,36371),(116127,'name','female temporal lobe',17092,36371),(116134,'name','female vastus lateralis muscle',17092,36371),(116174,'name','hair follicle',17092,36371),(116187,'name','heart',17092,36371),(116205,'name','hypothalamus',17092,36371),(116216,'name','interfollicular epidermis',17092,36371),(116220,'name','intestine',17092,36371),(116231,'name','jejunum',17092,36371),(116237,'name','keratinocyte',17092,36371),(116244,'name','kidney',17092,36371),(116270,'name','liver',17092,36371),(116299,'name','lung',17092,36371),(116314,'name','lymph node',17092,36371),(116324,'name','male biceps femoris muscle',17092,36371),(116326,'name','male blood',17092,36371),(116338,'name','male colorectal',17092,36371),(116341,'name','male dorsal root ganglion',17092,36371),(116354,'name','male footpad',17092,36371),(116363,'name','male intestine',17092,36371),(116368,'name','male kidney',17092,36371),(116373,'name','male large intestine',17092,36371),(116377,'name','male liver',17092,36371),(116384,'name','male lung',17092,36371),(116388,'name','male lymph node',17092,36371),(116398,'name','male oral',17092,36371),(116400,'name','male oral buccal',17092,36371),(116402,'name','male oral gingiva',17092,36371),(116403,'name','male pancreas',17092,36371),(116429,'name','male skin',17092,36371),(116431,'name','male small intestine',17092,36371),(116435,'name','male spleen',17092,36371),(116455,'name','male tongue',17092,36371),(116458,'name','male vastus lateralis muscle',17092,36371),(116464,'name','mammary gland',17092,36371),(116482,'name','merged',17092,36371),(116554,'name','nose',17092,36371),(116560,'name','olfactory bulb',17092,36371),(116579,'name','pancreas',17092,36371),(116589,'name','peripheral blood mononuclear cells',17092,36371),(116628,'name','retina',17092,36371),(116677,'name','skeletal muscle',17092,36371),(116685,'name','skin',17092,36371),(116707,'name','spinal cord',17092,36371),(116717,'name','spleen',17092,36371),(116745,'name','testis',17092,36371),(116762,'name','thymus',17092,36371),(116788,'name','whole skin',17092,36371),(115825,'name','adjacent normal bladder',17092,36372),(115829,'name','adrenal cortex',17092,36372),(115835,'name','adrenal gland',17092,36372),(115884,'name','brain',17092,36372),(115910,'name','cerebellum',17092,36372),(115922,'name','colorectal',17092,36372),(115932,'name','cortex',17092,36372),(116171,'name','gut colon',17092,36372),(116188,'name','heart',17092,36372),(116221,'name','intestine',17092,36372),(116232,'name','jejunum',17092,36372),(116238,'name','keratinocyte',17092,36372),(116245,'name','kidney',17092,36372),(116271,'name','liver',17092,36372),(116300,'name','lung',17092,36372),(116315,'name','lymph node',17092,36372),(116465,'name','mammary gland',17092,36372),(116483,'name','merged',17092,36372),(116551,'name','normal bladder',17092,36372),(116561,'name','olfactory bulb',17092,36372),(116580,'name','pancreas',17092,36372),(116594,'name','pituitary',17092,36372),(116629,'name','retina',17092,36372),(116678,'name','skeletal muscle',17092,36372),(116708,'name','spinal cord',17092,36372),(116718,'name','spleen',17092,36372),(116746,'name','testis',17092,36372),(116763,'name','thymus',17092,36372),(115826,'name','adjacent normal bladder',17092,36373),(115830,'name','adrenal cortex',17092,36373),(115836,'name','adrenal gland',17092,36373),(115885,'name','brain',17092,36373),(115911,'name','cerebellum',17092,36373),(115923,'name','colorectal',17092,36373),(115933,'name','cortex',17092,36373),(116172,'name','gut colon',17092,36373),(116189,'name','heart',17092,36373),(116222,'name','intestine',17092,36373),(116233,'name','jejunum',17092,36373),(116239,'name','keratinocyte',17092,36373),(116246,'name','kidney',17092,36373),(116272,'name','liver',17092,36373),(116301,'name','lung',17092,36373),(116316,'name','lymph node',17092,36373),(116466,'name','mammary gland',17092,36373),(116484,'name','merged',17092,36373),(116552,'name','normal bladder',17092,36373),(116562,'name','olfactory bulb',17092,36373),(116581,'name','pancreas',17092,36373),(116595,'name','pituitary',17092,36373),(116630,'name','retina',17092,36373),(116679,'name','skeletal muscle',17092,36373),(116709,'name','spinal cord',17092,36373),(116719,'name','spleen',17092,36373),(116747,'name','testis',17092,36373),(116764,'name','thymus',17092,36373),(115848,'name','blood',17092,36418),(115894,'name','brain',17092,36418),(116196,'name','heart',17092,36418),(116255,'name','kidney',17092,36418),(116287,'name','liver',17092,36418),(116310,'name','lung',17092,36418),(116513,'name','merged',17092,36418),(116541,'name','muscle',17092,36418),(116563,'name','olfactory epithelium',17092,36418),(116568,'name','ovary',17092,36418),(116690,'name','skin',17092,36418),(116726,'name','spleen',17092,36418),(116753,'name','testis',17092,36418),(116767,'name','thymus',17092,36418),(116778,'name','vomeronasal organs',17092,36418),(115843,'name','back feather',17092,36434),(116198,'name','heart',17092,36434),(116257,'name','kidney',17092,36434),(116291,'name','liver',17092,36434),(116518,'name','merged',17092,36434),(116755,'name','testis',17092,36434),(116756,'name','thalamus',17092,36434);

CREATE TABLE `dataset_source` (
`dataset_source_id` INTEGER NOT NULL ,
`type` TEXT NOT NULL,
`name` TEXT NOT NULL,
PRIMARY KEY (`dataset_source_id`)
);
INSERT INTO `dataset_source` VALUES (3222,'core','balaenoptera_musculus_core_100_1'),(3223,'core','balaenoptera_musculus_core_101_1'),(3224,'core','balaenoptera_musculus_core_102_1'),(3225,'core','balaenoptera_musculus_core_103_1'),(3226,'core','balaenoptera_musculus_core_104_1'),(3227,'core','balaenoptera_musculus_gca009873245v3_core_102_1'),(3228,'core','balaenoptera_musculus_gca009873245v3_core_103_1'),(3229,'core','balaenoptera_musculus_gca009873245v3_core_104_1'),(3233,'otherfeatures','balaenoptera_musculus_otherfeatures_104_1'),(3235,'rnaseq','balaenoptera_musculus_rnaseq_104_1'),(3311,'core','canis_lupus_familiarisgermanshepherd_core_100_1'),(3312,'core','canis_lupus_familiarisgermanshepherd_core_101_1'),(3313,'core','canis_lupus_familiarisgermanshepherd_core_102_1'),(3314,'core','canis_lupus_familiarisgermanshepherd_core_103_1'),(3315,'core','canis_lupus_familiarisgermanshepherd_core_104_1'),(3316,'core','canis_lupus_gca000002285v4_core_101_1'),(3317,'core','canis_lupus_gca000002285v4_core_102_1'),(3318,'core','canis_lupus_gca000002285v4_core_103_1'),(3319,'core','canis_lupus_gca000002285v4_core_104_1'),(3322,'otherfeatures','canis_lupus_gca000002285v4_otherfeatures_104_1'),(3326,'rnaseq','canis_lupus_gca000002285v4_rnaseq_104_1'),(3327,'core','canis_lupus_gca004886185v1_core_102_1'),(3328,'core','canis_lupus_gca004886185v1_core_103_1'),(3329,'core','canis_lupus_gca004886185v1_core_104_1'),(3332,'rnaseq','canis_lupus_gca004886185v1_rnaseq_104_1'),(3333,'core','canis_lupus_gca004886185v2_core_103_1'),(3334,'core','canis_lupus_gca004886185v2_core_104_1'),(3336,'rnaseq','canis_lupus_gca004886185v2_rnaseq_104_1'),(3337,'core','canis_lupus_gca005444595v1_core_102_1'),(3338,'core','canis_lupus_gca005444595v1_core_103_1'),(3339,'core','canis_lupus_gca005444595v1_core_104_1'),(3342,'rnaseq','canis_lupus_gca005444595v1_rnaseq_104_1'),(3343,'core','canis_lupus_gca008641055v3_core_103_1'),(3344,'core','canis_lupus_gca008641055v3_core_104_1'),(3345,'core','canis_lupus_gca011100685v1_core_103_1'),(3346,'core','canis_lupus_gca011100685v1_core_104_1'),(3348,'otherfeatures','canis_lupus_gca011100685v1_otherfeatures_104_1'),(3350,'rnaseq','canis_lupus_gca011100685v1_rnaseq_104_1'),(3351,'core','canis_lupus_gca014441545v1_core_101_1'),(3352,'core','canis_lupus_gca014441545v1_core_102_1'),(3353,'core','canis_lupus_gca014441545v1_core_103_1'),(3354,'core','canis_lupus_gca014441545v1_core_104_1'),(3355,'otherfeatures','canis_lupus_gca014441545v1_otherfeatures_104_1'),(3359,'rnaseq','canis_lupus_gca014441545v1_rnaseq_104_1'),(3365,'core','capra_hircus_sanclemente_core_100_1'),(3366,'core','capra_hircus_sanclemente_core_101_1'),(3367,'core','capra_hircus_sanclemente_core_102_1'),(3368,'core','capra_hircus_sanclemente_core_103_1'),(3369,'core','capra_hircus_sanclemente_core_104_1'),(3431,'core','clytia_hemisphaerica_gca902728285_core_100_1'),(3432,'core','clytia_hemisphaerica_gca902728285_core_101_1'),(3433,'core','clytia_hemisphaerica_gca902728285_core_102_1'),(3434,'core','clytia_hemisphaerica_gca902728285_core_103_1'),(3435,'core','clytia_hemisphaerica_gca902728285_core_104_1'),(3502,'core','digitaria_exilis_gca902859565v1_core_104_1'),(3849,'core','melitaea_cinxia_gca905220555v1_core_104_1'),(3850,'core','melitaea_cinxia_gca905220565v1_core_104_1'),(4150,'core','rattus_norvegicus_gca015227675v2_core_103_1'),(4151,'core','rattus_norvegicus_gca015227675v2_core_104_1'),(4153,'otherfeatures','rattus_norvegicus_gca015227675v2_otherfeatures_104_1'),(4155,'rnaseq','rattus_norvegicus_gca015227675v2_rnaseq_104_1'),(4276,'core','sus_scrofa_gca000003025v6_core_104_1'),(4277,'otherfeatures','sus_scrofa_gca000003025v6_otherfeatures_104_1'),(4278,'rnaseq','sus_scrofa_gca000003025v6_rnaseq_104_1'),(4420,'core','tyto_alba_alba_core_100_1'),(4421,'core','tyto_alba_alba_core_101_1'),(4422,'core','tyto_alba_alba_core_102_1'),(4423,'core','tyto_alba_alba_core_103_1'),(4424,'core','tyto_alba_alba_core_104_1'),(4428,'otherfeatures','tyto_alba_alba_otherfeatures_104_1'),(4432,'rnaseq','tyto_alba_alba_rnaseq_104_1');

CREATE TABLE `dataset_type` (
`dataset_type_id` INTEGER NOT NULL ,
`name` TEXT NOT NULL,
`label` TEXT NOT NULL,
`topic` TEXT NOT NULL,
`description` TEXT DEFAULT NULL,
`details_uri` TEXT DEFAULT NULL,
PRIMARY KEY (`dataset_type_id`)
);
INSERT INTO `dataset_type` VALUES (1,'assembly','Genomic Assembly','assembly',NULL,NULL),(2,'checksum_xrefs','Cross-references','geneset_annotation','Cross-references assigned by checksum (i.e. sequence identity)',NULL),(3,'alignment_xrefs','Cross-references','geneset_annotation','Cross-references assigned by alignment (i.e. sequence similarity)',NULL),(4,'dna_alignments','DNA Alignments','assembly_annotation','Features aligned against the genome',NULL),(5,'geneset','Geneset','geneset_annotation',NULL,NULL),(6,'gene_families','Gene Families','comparative',NULL,NULL),(7,'gene_trees','Gene Trees','comparative',NULL,NULL),(8,'multiple_alignment','Multiple Genome Alignment','comparative',NULL,NULL),(9,'pairwise_alignment','Pairwise Genome Alignment','comparative',NULL,NULL),(10,'go_terms','GO Terms','geneset_annotation',NULL,NULL),(11,'homologies','Homologies','comparative',NULL,NULL),(12,'microarrays','Microarrays','geneset_annotation',NULL,NULL),(13,'phenotypes','Phenotypes','variation',NULL,NULL),(14,'protein_alignments','Protein Alignments','geneset_annotation','Features aligned against proteins',NULL),(15,'protein_features','Protein Domains and Features','geneset_annotation',NULL,NULL),(16,'repeat_features','Repeat Features','assembly_annotation',NULL,NULL),(17,'rnaseq_alignments','RNAseq Alignments','assembly_annotation','RNAseq data aligned against the genome',NULL),(18,'syntenies','Syntenies','comparative',NULL,NULL),(19,'variants','Variants','variation',NULL,NULL),(20,'dependent_xrefs','Cross-references','geneset_annotation','Cross-references assigned via an intermediate annotation',NULL),(21,'direct_xrefs','Cross-references','geneset_annotation','Cross-references imported from external annotation',NULL);

CREATE TABLE `django_migrations` (
`id` INTEGER NOT NULL ,
`app` TEXT NOT NULL,
`name` TEXT NOT NULL,
`applied` datetime(6) NOT NULL,
PRIMARY KEY (`id`)
);

CREATE TABLE `ensembl_release` (
`release_id` INTEGER NOT NULL ,
`version` FLOAT NOT NULL,
`release_date` date NOT NULL,
`label` TEXT DEFAULT NULL,
`is_current` tinyINTEGER NOT NULL,
`site_id` INTEGER DEFAULT NULL,
`release_type` TEXT NOT NULL,
PRIMARY KEY (`release_id`),
FOREIGN KEY (`site_id`) REFERENCES `ensembl_site` (`site_id`)
);
INSERT INTO `ensembl_release` VALUES (1,1,'2020-06-04',NULL,0,7,'partial'),(2,2,'2020-06-24',NULL,0,7,'partial'),(3,3,'2020-07-10',NULL,0,7,'partial'),(4,4,'2020-07-22',NULL,0,7,'partial'),(5,5,'2020-08-05',NULL,0,7,'partial'),(6,6,'2020-09-02',NULL,0,7,'partial'),(7,7,'2020-09-17',NULL,0,7,'partial'),(8,8,'2020-09-23',NULL,0,7,'partial'),(9,9,'2020-10-14',NULL,0,7,'partial'),(10,10,'2020-11-09',NULL,0,7,'partial'),(11,11,'2020-11-25',NULL,0,7,'partial'),(12,12,'2020-12-09',NULL,0,7,'partial'),(13,13,'2021-01-06',NULL,0,7,'partial'),(14,14,'2021-01-20',NULL,0,7,'partial'),(15,15,'2021-02-03',NULL,0,7,'partial'),(16,16,'2021-02-17',NULL,0,7,'partial'),(17,17,'2021-03-10',NULL,0,7,'partial'),(18,18,'2021-03-24',NULL,0,7,'partial'),(19,19,'2021-04-07',NULL,0,7,'partial'),(20,20,'2021-04-21',NULL,0,7,'partial'),(21,21,'2021-05-05',NULL,0,7,'partial'),(22,22,'2021-05-19',NULL,0,7,'partial'),(23,23,'2021-06-17',NULL,0,7,'partial'),(24,24,'2021-06-30',NULL,1,7,'partial'),(25,25,'2021-08-04',NULL,0,7,'partial'),(32,103,'2020-12-10',NULL,0,6,'integrated'),(33,104,'2021-03-25',NULL,1,6,'integrated');

CREATE TABLE `ensembl_site` (
`site_id` INTEGER NOT NULL ,
`name` TEXT NOT NULL,
`label` TEXT NOT NULL,
`uri` TEXT NOT NULL,
PRIMARY KEY (`site_id`)
);
INSERT INTO `ensembl_site` VALUES (7,'vertebrates','Ensembl','https://ensembl.org/');

CREATE TABLE `genome` (
`genome_id` INTEGER NOT NULL ,
`genome_uuid` TEXT NOT NULL,
`assembly_id` INTEGER NOT NULL,
`organism_id` INTEGER NOT NULL,
`created` datetime(6) NOT NULL,
PRIMARY KEY (`genome_id`),
FOREIGN KEY (`assembly_id`) REFERENCES `assembly` (`assembly_id`) ON DELETE CASCADE ON UPDATE CASCADE,
FOREIGN KEY (`organism_id`) REFERENCES `organism` (`organism_id`) ON DELETE CASCADE ON UPDATE CASCADE
);
INSERT INTO `genome` VALUES (3578,'3c4cec7f-fb69-11eb-8dac-005056b32883',2,26,'2020-05-01 13:28:33.000000'),(3603,'3c51a0c8-fb69-11eb-8dac-005056b32883',27,63,'2020-05-14 18:24:12.000000'),(3609,'3c51a614-fb69-11eb-8dac-005056b32883',33,44,'2020-06-11 13:58:06.000000'),(3618,'3c51aa3e-fb69-11eb-8dac-005056b32883',41,50,'2020-06-11 14:27:57.000000'),(3619,'3c51aaaa-fb69-11eb-8dac-005056b32883',41,50,'2020-07-20 18:01:38.000000'),(3661,'3c51bc4d-fb69-11eb-8dac-005056b32883',82,241,'2020-07-08 10:13:19.000000'),(3750,'3c51ed39-fb69-11eb-8dac-005056b32883',171,48,'2020-11-10 15:13:32.000000'),(3751,'3c51ed88-fb69-11eb-8dac-005056b32883',172,43,'2020-11-11 10:16:03.000000'),(3767,'3c51f335-fb69-11eb-8dac-005056b32883',188,27,'2021-01-27 15:19:47.000000'),(3768,'3c51f383-fb69-11eb-8dac-005056b32883',189,47,'2021-01-29 14:19:56.000000'),(3769,'3c51f3d2-fb69-11eb-8dac-005056b32883',190,41,'2021-01-29 14:29:29.000000'),(3787,'3c51fa9a-fb69-11eb-8dac-005056b32883',208,195,'2021-03-04 08:29:38.000000'),(3793,'3c51fcc1-fb69-11eb-8dac-005056b32883',214,42,'2021-03-30 16:56:27.000000'),(3794,'3c51fd10-fb69-11eb-8dac-005056b32883',215,46,'2021-03-30 17:26:27.000000'),(3795,'3c51fd65-fb69-11eb-8dac-005056b32883',216,45,'2021-03-31 09:26:35.000000'),(3800,'3c51ff24-fb69-11eb-8dac-005056b32883',221,79,'2021-05-10 17:50:04.000000'),(3808,'3c520192-fb69-11eb-8dac-005056b32883',229,138,'2021-06-08 18:28:11.000000'),(3814,'3c52036e-fb69-11eb-8dac-005056b32883',235,139,'2021-06-08 19:37:40.000000'),(3815,'b7fe2096-45e7-4554-9aa4-28cd0842f809',235,140,'2021-06-08 19:37:40.000000'),(3833,'3c52097a-fb69-11eb-8dac-005056b32883',254,217,'2021-07-19 13:22:26.000000'),(3834,'244fdac6-729f-4c05-a2e9-38021f9593dd',255,218,'2021-07-19 13:22:26.000000');

CREATE TABLE `genome_dataset` (
`genome_dataset_id` INTEGER NOT NULL ,
`dataset_id` INTEGER NOT NULL,
`genome_id` INTEGER NOT NULL,
`release_id` INTEGER NOT NULL,
`is_current` tinyINTEGER NOT NULL DEFAULT '0',
PRIMARY KEY (`genome_dataset_id`),
FOREIGN KEY (`dataset_id`) REFERENCES `dataset` (`dataset_id`) ON DELETE CASCADE ON UPDATE CASCADE,
FOREIGN KEY (`genome_id`) REFERENCES `genome` (`genome_id`) ON DELETE CASCADE ON UPDATE CASCADE,
FOREIGN KEY (`release_id`) REFERENCES `ensembl_release` (`release_id`)
);
INSERT INTO `genome_dataset` VALUES (1,31458,3751,11,1),(2,31459,3751,12,1),(3,31460,3751,17,1),(4,31461,3751,22,1),(5,31463,3833,24,1),(6,31527,3618,2,1),(7,31527,3619,3,1),(8,31528,3619,5,1),(9,31529,3619,12,1),(10,31530,3619,17,1),(11,31531,3619,22,1),(12,31720,3769,16,1),(13,31721,3769,17,1),(14,31722,3769,22,1),(15,31723,3793,19,1),(16,31724,3793,22,1),(17,31735,3768,16,1),(18,31736,3768,17,1),(19,31737,3768,22,1),(20,31800,3609,2,1),(21,31801,3609,5,1),(22,31802,3609,12,1),(23,31803,3609,17,1),(24,31804,3609,22,1),(25,31805,3795,19,1),(26,31806,3795,22,1),(27,31928,3578,1,1),(28,31929,3578,5,1),(29,31930,3578,12,1),(30,31931,3578,17,1),(31,31932,3578,22,1),(32,31933,3767,15,1),(33,31934,3767,17,1),(34,31935,3767,22,1),(35,32021,3794,19,1),(36,32022,3794,22,1),(37,32135,3750,11,1),(38,32136,3750,12,1),(39,32137,3750,17,1),(40,32138,3750,22,1),(41,32151,3787,17,1),(42,32152,3787,22,1),(43,32250,3661,4,1),(44,32251,3661,5,1),(45,32252,3661,12,1),(46,32253,3661,17,1),(47,32254,3661,22,1),(48,32300,3603,1,1),(49,32301,3603,5,1),(50,32302,3603,12,1),(51,32303,3603,17,1),(52,32304,3603,22,1),(53,32347,3800,22,1),(54,32381,3808,22,1),(55,32382,3814,22,1),(56,32477,3833,24,1),(57,32535,3769,16,1),(58,32536,3769,17,1),(59,32537,3769,22,1),(60,32538,3768,16,1),(61,32539,3768,17,1),(62,32540,3768,22,1),(63,32612,3609,2,1),(64,32613,3609,5,1),(65,32614,3609,12,1),(66,32615,3609,17,1),(67,32616,3609,22,1),(68,32617,3618,2,1),(69,32623,3619,3,1),(70,32624,3619,5,1),(71,32625,3619,12,1),(72,32626,3619,17,1),(73,32627,3619,22,1),(74,32697,3578,1,1),(75,32698,3578,5,1),(76,32699,3578,12,1),(77,32700,3578,17,1),(78,32701,3578,22,1),(79,32873,3661,4,1),(80,32874,3661,5,1),(81,32875,3661,12,1),(82,32876,3661,17,1),(83,32877,3661,22,1),(84,33048,3603,1,1),(85,33049,3603,5,1),(86,33050,3603,12,1),(87,33051,3603,17,1),(88,33052,3603,22,1),(89,33283,3751,11,1),(90,33284,3751,12,1),(91,33285,3751,17,1),(92,33286,3751,22,1),(93,33296,3750,11,1),(94,33297,3750,12,1),(95,33298,3750,17,1),(96,33299,3750,22,1),(97,33326,3767,15,1),(98,33327,3767,17,1),(99,33328,3767,22,1),(100,33338,3787,17,1),(101,33339,3787,22,1),(102,33349,3800,22,1),(103,33370,3793,19,1),(104,33371,3793,22,1),(105,33372,3795,19,1),(106,33373,3795,22,1),(107,33374,3794,19,1),(108,33375,3794,22,1),(109,33401,3808,22,1),(110,33402,3814,22,1),(111,33502,3787,22,1),(112,33503,3833,24,1),(113,33577,3578,22,1),(114,33578,3578,22,1),(115,33579,3767,22,1),(116,33580,3767,22,1),(117,33616,3609,22,1),(118,33617,3609,22,1),(119,33618,3609,22,1),(120,33619,3751,22,1),(121,33620,3751,22,1),(122,33621,3751,22,1),(123,33622,3769,22,1),(124,33623,3769,22,1),(125,33624,3769,22,1),(126,33625,3793,22,1),(127,33626,3793,22,1),(128,33627,3793,22,1),(129,33628,3768,22,1),(130,33629,3768,22,1),(131,33630,3768,22,1),(132,33631,3795,22,1),(133,33632,3795,22,1),(134,33633,3795,22,1),(135,33634,3794,22,1),(136,33635,3794,22,1),(137,33636,3794,22,1),(138,33637,3750,22,1),(139,33638,3750,22,1),(140,33639,3750,22,1),(141,33643,3619,22,1),(142,33644,3619,22,1),(143,33645,3619,22,1),(144,33675,3603,22,1),(145,33676,3603,22,1),(146,33677,3603,22,1),(147,33719,3800,22,1),(148,33878,3808,22,1),(149,33879,3808,22,1),(150,33880,3808,22,1),(151,33881,3814,22,1),(152,33882,3814,22,1),(153,33883,3814,22,1),(154,34038,3787,22,1),(155,34039,3787,22,1),(156,34040,3787,22,1),(157,34041,3787,22,1),(158,34098,3833,24,1),(159,34099,3833,24,1),(160,34100,3833,24,1),(161,34101,3833,24,1),(162,34102,3833,24,1),(163,34166,3661,22,1),(164,34167,3661,22,1),(165,34168,3661,22,1),(166,34215,3787,22,1),(167,34216,3833,24,1),(168,34221,3787,22,1),(169,34222,3833,24,1),(170,34232,3603,22,1),(171,34233,3603,22,1),(172,34241,3833,24,1),(173,34242,3833,24,1),(174,34289,3578,22,1),(175,34290,3767,22,1),(176,34314,3609,22,1),(177,34315,3609,22,1),(178,34316,3751,22,1),(179,34317,3751,22,1),(180,34318,3769,22,1),(181,34319,3769,22,1),(182,34320,3793,22,1),(183,34321,3793,22,1),(184,34322,3768,22,1),(185,34323,3768,22,1),(186,34324,3795,22,1),(187,34325,3795,22,1),(188,34326,3794,22,1),(189,34327,3794,22,1),(190,34328,3750,22,1),(191,34329,3750,22,1),(192,34332,3619,22,1),(193,34333,3619,22,1),(194,34351,3603,22,1),(195,34352,3603,22,1),(196,34381,3800,22,1),(197,34481,3808,22,1),(198,34482,3808,22,1),(199,34483,3814,22,1),(200,34484,3814,22,1),(201,34583,3787,22,1),(202,34584,3787,22,1),(203,34621,3833,24,1),(204,34622,3833,24,1),(205,34663,3661,22,1),(206,34664,3661,22,1),(207,34741,3578,22,1),(208,34742,3578,22,1),(209,34743,3767,22,1),(210,34744,3767,22,1),(211,34771,3609,22,1),(212,34772,3609,22,1),(213,34773,3751,22,1),(214,34774,3751,22,1),(215,34775,3769,22,1),(216,34776,3769,22,1),(217,34777,3793,22,1),(218,34778,3793,22,1),(219,34779,3768,22,1),(220,34780,3768,22,1),(221,34781,3795,22,1),(222,34782,3795,22,1),(223,34783,3794,22,1),(224,34784,3794,22,1),(225,34785,3750,22,1),(226,34786,3750,22,1),(227,34789,3619,22,1),(228,34790,3619,22,1),(229,34815,3603,22,1),(230,34816,3603,22,1),(231,34847,3800,22,1),(232,34848,3800,22,1),(233,34965,3808,22,1),(234,34966,3808,22,1),(235,34967,3814,22,1),(236,34968,3814,22,1),(237,35079,3787,22,1),(238,35080,3787,22,1),(239,35121,3833,24,1),(240,35122,3833,24,1),(241,35169,3661,22,1),(242,35170,3661,22,1),(243,35293,3578,22,1),(244,35294,3578,22,1),(245,35295,3578,22,1),(246,35296,3767,22,1),(247,35297,3767,22,1),(248,35298,3767,22,1),(249,35299,3767,22,1),(250,35344,3609,22,1),(251,35345,3609,22,1),(252,35346,3609,22,1),(253,35347,3609,22,1),(254,35348,3751,22,1),(255,35349,3751,22,1),(256,35350,3751,22,1),(257,35351,3769,22,1),(258,35352,3769,22,1),(259,35353,3769,22,1),(260,35354,3769,22,1),(261,35355,3793,22,1),(262,35356,3793,22,1),(263,35357,3793,22,1),(264,35358,3793,22,1),(265,35359,3768,22,1),(266,35360,3768,22,1),(267,35361,3768,22,1),(268,35362,3768,22,1),(269,35363,3795,22,1),(270,35364,3795,22,1),(271,35365,3795,22,1),(272,35366,3795,22,1),(273,35367,3794,22,1),(274,35368,3794,22,1),(275,35369,3794,22,1),(276,35370,3794,22,1),(277,35371,3750,22,1),(278,35372,3750,22,1),(279,35373,3750,22,1),(280,35378,3619,22,1),(281,35379,3619,22,1),(282,35380,3619,22,1),(283,35381,3619,22,1),(284,35423,3603,22,1),(285,35424,3603,22,1),(286,35425,3603,22,1),(287,35426,3603,22,1),(288,35483,3800,22,1),(289,35484,3800,22,1),(290,35485,3800,22,1),(291,35486,3800,22,1),(292,35487,3800,22,1),(293,35488,3800,22,1),(294,35489,3800,22,1),(295,35693,3808,22,1),(296,35694,3808,22,1),(297,35695,3808,22,1),(298,35696,3814,22,1),(299,35697,3814,22,1),(300,35698,3814,22,1),(301,35895,3787,22,1),(302,35896,3787,22,1),(303,35897,3787,22,1),(304,35898,3787,22,1),(305,35973,3833,24,1),(306,35974,3833,24,1),(307,35975,3833,24,1),(308,36056,3661,22,1),(309,36057,3661,22,1),(310,36058,3661,22,1),(311,36113,3751,22,1),(312,36114,3794,22,1),(313,36115,3750,22,1),(314,36138,3787,22,1),(315,36144,3833,24,1),(316,36145,3833,24,1),(317,36150,3661,22,1),(318,36155,3578,22,1),(319,36160,3751,22,1),(320,36161,3751,22,1),(321,36162,3794,22,1),(322,36163,3794,22,1),(323,36164,3750,22,1),(324,36165,3750,22,1),(325,36225,3787,22,1),(326,36226,3787,22,1),(327,36227,3787,22,1),(328,36240,3833,24,1),(329,36241,3833,24,1),(330,36242,3833,24,1),(331,36252,3661,22,1),(332,36253,3661,22,1),(333,36254,3578,22,1),(334,36259,3833,24,1),(335,36272,3578,22,1),(336,36278,3751,22,1),(337,36279,3769,22,1),(338,36280,3793,22,1),(339,36281,3768,22,1),(340,36282,3794,22,1),(341,36283,3750,22,1),(342,36328,3787,22,1),(343,36336,3833,24,1),(344,36345,3661,22,1),(345,36362,3578,22,1),(346,36368,3751,22,1),(347,36369,3769,22,1),(348,36370,3793,22,1),(349,36371,3768,22,1),(350,36372,3794,22,1),(351,36373,3750,22,1),(352,36418,3787,22,1),(353,36434,3661,22,1),(354,32347,3800,32,1),(355,33349,3800,32,1),(356,33719,3800,32,1),(357,34381,3800,32,1),(358,34847,3800,32,1),(359,34848,3800,32,1),(360,35483,3800,32,1),(361,35484,3800,32,1),(362,35485,3800,32,1),(363,35486,3800,32,1),(364,35487,3800,32,1),(365,35488,3800,32,1),(366,35489,3800,32,1);

CREATE TABLE `genome_release` (
`genome_release_id` INTEGER NOT NULL ,
`genome_id` INTEGER NOT NULL,
`release_id` INTEGER NOT NULL,
`is_current` tinyINTEGER NOT NULL DEFAULT '0',
PRIMARY KEY (`genome_release_id`),
FOREIGN KEY (`genome_id`) REFERENCES `genome` (`genome_id`) ON DELETE CASCADE ON UPDATE CASCADE,
FOREIGN KEY (`release_id`) REFERENCES `ensembl_release` (`release_id`)
);
INSERT INTO `genome_release` VALUES (1,3578,1,1),(2,3603,1,1),(3,3609,2,1),(4,3618,2,1),(5,3619,3,1),(6,3661,4,1),(7,3750,11,1),(8,3751,11,1),(9,3767,15,1),(10,3768,16,1),(11,3769,16,1),(12,3787,17,1),(13,3793,19,1),(14,3794,19,1),(15,3795,19,1),(16,3800,22,1),(17,3808,22,1),(18,3814,23,1),(19,3833,24,1),(20,3800,32,1),(21,3815,33,1),(22,3834,33,1);

CREATE TABLE `organism` (
`organism_id` INTEGER NOT NULL ,
`taxonomy_id` INTEGER NOT NULL,
`species_taxonomy_id` INTEGER DEFAULT NULL,
`display_name` TEXT NOT NULL,
`strain` TEXT DEFAULT NULL,
`scientific_name` TEXT DEFAULT NULL,
`url_name` TEXT NOT NULL,
`ensembl_name` TEXT NOT NULL,
`scientific_parlance_name` TEXT NOT NULL,
PRIMARY KEY (`organism_id`)
);
INSERT INTO `organism`
VALUES (26, 9771, 9771, 'Balaenoptera musculus (Blue whale) - GCA_009873245.2', NULL, 'Balaenoptera musculus',
        'Balaenoptera_musculus_GCA_009873245.2', 'balaenoptera_musculus', 'Balaenoptera musculus'),
       (27, 9771, 9771, 'Balaenoptera musculus (Blue whale) - GCA_009873245.3', NULL, 'Balaenoptera musculus',
        'Balaenoptera_musculus_GCA_009873245.3', 'balaenoptera_musculus_gca009873245v3', 'Balaenoptera musculus'),
       (41, 9615, 9615, 'Canis lupus familiaris (Basenji) - GCA_004886185.1', 'Basenji', 'Canis lupus familiaris',
        'Canis_lupus_familiaris_GCA_004886185.1', 'canis_lupus_gca004886185v1', 'Canis lupus familiaris'),
       (42, 9615, 9615, 'Canis lupus familiaris (Basenji) - GCA_004886185.2', 'Basenji', 'Canis lupus familiaris',
        'Canis_lupus_familiaris_GCA_004886185.2', 'canis_lupus_gca004886185v2', 'Canis lupus familiaris'),
       (43, 9615, 9615, 'Canis lupus familiaris (Boxer) - GCA_000002285.4', 'Boxer', 'Canis lupus familiaris',
        'Canis_lupus_familiaris_GCA_000002285.4', 'canis_lupus_gca000002285v4', 'Canis lupus familiaris'),
       (44, 9615, 9615, 'Canis lupus familiaris (German Shepherd) - GCA_008641055.1', 'German Shepherd',
        'Canis lupus familiaris', 'Canis_lupus_familiaris_GCA_008641055.1', 'canis_lupus_familiarisgermanshepherd', 'German Shepherd'),
       (45, 9615, 9615, 'Canis lupus familiaris (German Shepherd) - GCA_008641055.3', 'German Shepherd',
        'Canis lupus familiaris', 'Canis_lupus_familiaris_GCA_008641055.3', 'canis_lupus_gca008641055v3', 'German Shepherd'),
       (46, 9615, 9615, 'Canis lupus familiaris (German Shepherd) - GCA_011100685.1', 'German Shepherd',
        'Canis lupus familiaris', 'Canis_lupus_familiaris_GCA_011100685.1', 'canis_lupus_gca011100685v1', 'German Shepherd'),
       (47, 9615, 9615, 'Canis lupus familiaris (Great Dane) - GCA_005444595.1', 'Great Dane', 'Canis lupus familiaris',
        'Canis_lupus_familiaris_GCA_005444595.1', 'canis_lupus_gca005444595v1', 'Canis lupus familiaris'),
       (48, 9615, 9615, 'Canis lupus familiaris (Labrador retriever) - GCA_014441545.1', 'Labrador retriever',
        'Canis lupus familiaris', 'Canis_lupus_familiaris_GCA_014441545.1', 'canis_lupus_gca014441545v1', 'Labrador retriever'),
       (50, 9925, 9925, 'Capra hircus (Goat) - GCA_001704415.1', NULL, 'Capra hircus', 'Capra_hircus_GCA_001704415.1',
        'capra_hircus_sanclemente', 'Capra hircus'),
       (63, 252671, 252671, 'Clytia hemisphaerica (Z4C2) - GCA_902728285.1', 'Z4C2', 'Clytia hemisphaerica',
        'Clytia_hemisphaerica_GCA_902728285.1', 'clytia_hemisphaerica_gca902728285', 'Clytia hemisphaerica'),
       (79, 1010633, 1010633, 'Digitaria exilis (Fonio) - GCA_902859565.1', 'digitaria_exilis', 'Digitaria exilis',
        'Digitaria_exilis', 'digitaria_exilis_gca902859565v1', 'Digitaria exilis'),
       (138, 113334, 113334, 'Melitaea cinxia (alternate haplotype) - GCA_905220555.1', NULL, 'Melitaea cinxia',
        'Melitaea_cinxia_GCA_905220555.1', 'melitaea_cinxia_gca905220555v1', 'Melitaea cinxia'),
       (139, 113334, 113334, 'Melitaea cinxia (Glanville fritillary) - GCA_905220565.1', NULL, 'Melitaea cinxia',
        'Melitaea_cinxia_GCA_905220565.1', 'melitaea_cinxia_gca905220565v1', 'Melitaea cinxia'),
       (140, 113334, 113334, 'Melitaea cinxia (made-up test organism) - GCA_000000042.1', NULL, 'Melitaea cinxia',
        'Melitaea_cinxia_GCA_000000042.1', 'melitaea_cinxia_gca000000042v1', 'Melitaea cinxia'),
       (195, 10116, 10116, 'Rattus norvegicus (BN/NHsdMcwi) - GCA_015227675.2', 'BN/NHsdMcwi', 'Rattus norvegicus',
        'Rattus_norvegicus_GCA_015227675.2', 'rattus_norvegicus_gca015227675v2', 'Rattus norvegicus'),
       (217, 9823, 9823, 'Sus scrofa (Pig) - GCA_000003025.6', NULL, 'Sus scrofa', 'Sus_scrofa_GCA_000003025.6',
        'sus_scrofa_gca000003025v6', 'Sus scrofa'),
       (218, 9823, 9823, 'test organism', NULL, 'test organism', 'test_organism_GCA_000003025.6',
        'test_organism_gca000003025v6', 'test organism'),
       (241, 507980, 507980, 'Tyto alba alba (Barn owl) - GCA_902150015.1', NULL, 'Tyto alba alba',
        'Tyto_alba_alba_GCA_902150015.1', 'tyto_alba_alba', 'Tyto alba alba');

CREATE TABLE `organism_group` (
`organism_group_id` INTEGER NOT NULL ,
`type` TEXT NOT NULL,
`name` TEXT NOT NULL,
PRIMARY KEY (`organism_group_id`)
);
INSERT INTO `organism_group` VALUES (1,'breeds','Dog breeds');

CREATE TABLE `organism_group_member` (
`organism_group_member_id` INTEGER NOT NULL ,
`is_reference` tinyINTEGER NOT NULL,
`organism_id` INTEGER NOT NULL,
`organism_group_id` INTEGER NOT NULL,
PRIMARY KEY (`organism_group_member_id`),
FOREIGN KEY (`organism_group_id`) REFERENCES `organism_group` (`organism_group_id`),
FOREIGN KEY (`organism_id`) REFERENCES `organism` (`organism_id`)
);
INSERT INTO `organism_group_member` VALUES (1,0,41,1),(2,0,42,1),(3,0,43,1),(4,0,44,1),(5,0,45,1),(6,0,46,1),(7,0,47,1),(8,1,48,1);


COMMIT;
PRAGMA ignore_check_constraints = ON;
PRAGMA foreign_keys = ON;
PRAGMA journal_mode = WAL;
PRAGMA synchronous = NORMAL;
