use ensembl_genome_metadata

-- MySQL dump 10.13  Distrib 5.6.51, for linux-glibc2.12 (x86_64)
--
-- Host: 127.0.0.1    Database: ensembl_genome_metadata
-- ------------------------------------------------------
-- Server version	5.5.5-10.11.2-MariaDB

/*!40101 SET @OLD_CHARACTER_SET_CLIENT=@@CHARACTER_SET_CLIENT */;
/*!40101 SET @OLD_CHARACTER_SET_RESULTS=@@CHARACTER_SET_RESULTS */;
/*!40101 SET @OLD_COLLATION_CONNECTION=@@COLLATION_CONNECTION */;
/*!40101 SET NAMES utf8 */;
/*!40103 SET @OLD_TIME_ZONE=@@TIME_ZONE */;
/*!40103 SET TIME_ZONE='+00:00' */;
/*!40014 SET @OLD_UNIQUE_CHECKS=@@UNIQUE_CHECKS, UNIQUE_CHECKS=0 */;
/*!40014 SET @OLD_FOREIGN_KEY_CHECKS=@@FOREIGN_KEY_CHECKS, FOREIGN_KEY_CHECKS=0 */;
/*!40101 SET @OLD_SQL_MODE=@@SQL_MODE, SQL_MODE='NO_AUTO_VALUE_ON_ZERO' */;
/*!40111 SET @OLD_SQL_NOTES=@@SQL_NOTES, SQL_NOTES=0 */;

--
-- Table structure for table `assembly`
--

DROP TABLE IF EXISTS `assembly`;
/*!40101 SET @saved_cs_client     = @@character_set_client */;
/*!40101 SET character_set_client = utf8 */;
CREATE TABLE `assembly` (
  `assembly_id` int(11) NOT NULL AUTO_INCREMENT,
  `ucsc_name` varchar(16) DEFAULT NULL,
  `accession` varchar(16) NOT NULL,
  `level` varchar(32) NOT NULL,
  `name` varchar(128) NOT NULL,
  `accession_body` varchar(32) DEFAULT NULL,
  `assembly_default` varchar(32) DEFAULT NULL,
  `tol_id` varchar(32) DEFAULT NULL,
  `created` datetime DEFAULT NULL,
  `ensembl_name` varchar(255) DEFAULT NULL,
  PRIMARY KEY (`assembly_id`),
  UNIQUE KEY `accession` (`accession`),
  UNIQUE KEY `tol_id_key` (`tol_id`),
  UNIQUE KEY `assembly_ensembl_name_uindex` (`ensembl_name`)
) ENGINE=InnoDB AUTO_INCREMENT=8 DEFAULT CHARSET=latin1 COLLATE=latin1_swedish_ci ROW_FORMAT=COMPACT;
/*!40101 SET character_set_client = @saved_cs_client */;

--
-- Dumping data for table `assembly`
--

LOCK TABLES `assembly` WRITE;
/*!40000 ALTER TABLE `assembly` DISABLE KEYS */;
INSERT INTO `assembly` VALUES (1,'hg38','GCA_000001405.28','chromosome','GRCh38.p13',NULL,'GRCh38',NULL,'2023-05-12 13:30:58','GRCh38.p13'),(2,'hg19','GCA_000001405.14','chromosome','GRCh37.p13',NULL,'GRCh37',NULL,'2023-05-12 13:32:06','GRCh37.p13'),(3,NULL,'GCA_000005845.2','chromosome','ASM584v2',NULL,'ASM584v2',NULL,'2023-05-12 13:32:14','ASM584v2'),(4,NULL,'GCA_000002765.2','chromosome','ASM276v2',NULL,'ASM276v2',NULL,'2023-05-12 13:32:25','ASM276v2'),(5,NULL,'GCA_900519105.1','chromosome','IWGSC',NULL,'IWGSC',NULL,'2023-05-12 13:32:36','IWGSC'),(6,NULL,'GCA_000146045.2','chromosome','R64-1-1',NULL,'R64-1-1',NULL,'2023-05-12 13:32:46','R64-1-1'),(7,NULL,'GCA_000002985.3','chromosome','WBcel235',NULL,'WBcel235',NULL,'2023-05-12 13:32:52','WBcel235');
/*!40000 ALTER TABLE `assembly` ENABLE KEYS */;
UNLOCK TABLES;

--
-- Table structure for table `assembly_sequence`
--

DROP TABLE IF EXISTS `assembly_sequence`;
/*!40101 SET @saved_cs_client     = @@character_set_client */;
/*!40101 SET character_set_client = utf8 */;
CREATE TABLE `assembly_sequence` (
  `assembly_sequence_id` int(11) NOT NULL AUTO_INCREMENT,
  `name` varchar(128) DEFAULT NULL,
  `assembly_id` int(11) NOT NULL,
  `accession` varchar(64) DEFAULT NULL,
  `chromosomal` tinyint(1) NOT NULL,
  `length` int(11) NOT NULL,
  `sequence_location` varchar(10) DEFAULT NULL,
  `sequence_checksum` varchar(32) DEFAULT NULL,
  `ga4gh_identifier` varchar(32) DEFAULT NULL,
  PRIMARY KEY (`assembly_sequence_id`),
  UNIQUE KEY `assembly_sequence_assembly_id_accession_5f3e5119_uniq` (`assembly_id`,`accession`),
  KEY `assembly_sequence_assembly_id_2a84ddcb` (`assembly_id`),
  CONSTRAINT `assembly_sequence_assembly_id_2a84ddcb_fk_assembly_assembly_id` FOREIGN KEY (`assembly_id`) REFERENCES `assembly` (`assembly_id`)
) ENGINE=InnoDB AUTO_INCREMENT=2025 DEFAULT CHARSET=latin1 COLLATE=latin1_swedish_ci ROW_FORMAT=COMPACT;
/*!40101 SET character_set_client = @saved_cs_client */;

--
-- Dumping data for table `assembly_sequence`
--

LOCK TABLES `assembly_sequence` WRITE;
/*!40000 ALTER TABLE `assembly_sequence` DISABLE KEYS */;
INSERT INTO `assembly_sequence` VALUES (1,NULL,1,'KI270757.1',0,71251,'SO:0000738',NULL,NULL),(2,NULL,1,'KI270741.1',0,157432,'SO:0000738',NULL,NULL),(3,NULL,1,'KI270756.1',0,79590,'SO:0000738',NULL,NULL),(4,NULL,1,'KI270730.1',0,112551,'SO:0000738',NULL,NULL),(5,NULL,1,'KI270739.1',0,73985,'SO:0000738',NULL,NULL),(6,NULL,1,'KI270738.1',0,99375,'SO:0000738',NULL,NULL),(7,NULL,1,'KI270737.1',0,103838,'SO:0000738',NULL,NULL),(8,NULL,1,'KI270312.1',0,998,'SO:0000738',NULL,NULL),(9,NULL,1,'KI270591.1',0,5796,'SO:0000738',NULL,NULL),(10,NULL,1,'KI270371.1',0,2805,'SO:0000738',NULL,NULL),(11,NULL,1,'KI270385.1',0,990,'SO:0000738',NULL,NULL),(12,NULL,1,'KI270381.1',0,1930,'SO:0000738',NULL,NULL),(13,NULL,1,'KI270517.1',0,3253,'SO:0000738',NULL,NULL),(14,NULL,1,'KI270508.1',0,1951,'SO:0000738',NULL,NULL),(15,NULL,1,'KI270539.1',0,993,'SO:0000738',NULL,NULL),(16,NULL,1,'KI270593.1',0,3041,'SO:0000738',NULL,NULL),(17,NULL,1,'KI270530.1',0,2168,'SO:0000738',NULL,NULL),(18,NULL,1,'KI270588.1',0,6158,'SO:0000738',NULL,NULL),(19,NULL,1,'KI270392.1',0,971,'SO:0000738',NULL,NULL),(20,NULL,1,'KI270375.1',0,2378,'SO:0000738',NULL,NULL),(21,NULL,1,'KI270329.1',0,1040,'SO:0000738',NULL,NULL),(22,NULL,1,'KI270336.1',0,1026,'SO:0000738',NULL,NULL),(23,NULL,1,'KI270507.1',0,5353,'SO:0000738',NULL,NULL),(24,NULL,1,'KI270423.1',0,981,'SO:0000738',NULL,NULL),(25,NULL,1,'KI270382.1',0,4215,'SO:0000738',NULL,NULL),(26,NULL,1,'KI270383.1',0,1750,'SO:0000738',NULL,NULL),(27,NULL,1,'KI270468.1',0,4055,'SO:0000738',NULL,NULL),(28,NULL,1,'KI270379.1',0,1045,'SO:0000738',NULL,NULL),(29,NULL,1,'KI270515.1',0,6361,'SO:0000738',NULL,NULL),(30,NULL,1,'KI270582.1',0,6504,'SO:0000738',NULL,NULL),(31,NULL,1,'KI270316.1',0,1444,'SO:0000738',NULL,NULL),(32,NULL,1,'KI270511.1',0,8127,'SO:0000738',NULL,NULL),(33,NULL,1,'KI270466.1',0,1233,'SO:0000738',NULL,NULL),(34,NULL,1,'KI270518.1',0,2186,'SO:0000738',NULL,NULL),(35,NULL,1,'KI270580.1',0,1553,'SO:0000738',NULL,NULL),(36,NULL,1,'KI270340.1',0,1428,'SO:0000738',NULL,NULL),(37,NULL,1,'KI270422.1',0,1445,'SO:0000738',NULL,NULL),(38,NULL,1,'KI270584.1',0,4513,'SO:0000738',NULL,NULL),(39,NULL,1,'KI270528.1',0,2983,'SO:0000738',NULL,NULL),(40,NULL,1,'KI270330.1',0,1652,'SO:0000738',NULL,NULL),(41,NULL,1,'KI270509.1',0,2318,'SO:0000738',NULL,NULL),(42,NULL,1,'KI270587.1',0,2969,'SO:0000738',NULL,NULL),(43,NULL,1,'KI270394.1',0,970,'SO:0000738',NULL,NULL),(44,NULL,1,'KI270335.1',0,1048,'SO:0000738',NULL,NULL),(45,NULL,1,'KI270372.1',0,1650,'SO:0000738',NULL,NULL),(46,NULL,1,'KI270388.1',0,1216,'SO:0000738',NULL,NULL),(47,NULL,1,'KI270310.1',0,1201,'SO:0000738',NULL,NULL),(48,NULL,1,'KI270522.1',0,5674,'SO:0000738',NULL,NULL),(49,NULL,1,'KI270366.1',0,8320,'SO:0000738',NULL,NULL),(50,NULL,1,'KI270334.1',0,1368,'SO:0000738',NULL,NULL),(51,NULL,1,'KI270412.1',0,1179,'SO:0000738',NULL,NULL),(52,NULL,1,'KI270302.1',0,2274,'SO:0000738',NULL,NULL),(53,NULL,1,'KI270581.1',0,7046,'SO:0000738',NULL,NULL),(54,NULL,1,'KI270424.1',0,2140,'SO:0000738',NULL,NULL),(55,NULL,1,'KI270548.1',0,1599,'SO:0000738',NULL,NULL),(56,NULL,1,'KI270396.1',0,1880,'SO:0000738',NULL,NULL),(57,NULL,1,'KI270374.1',0,2656,'SO:0000738',NULL,NULL),(58,NULL,1,'KI270395.1',0,1143,'SO:0000738',NULL,NULL),(59,NULL,1,'KI270387.1',0,1537,'SO:0000738',NULL,NULL),(60,NULL,1,'KI270418.1',0,2145,'SO:0000738',NULL,NULL),(61,NULL,1,'KI270389.1',0,1298,'SO:0000738',NULL,NULL),(62,NULL,1,'KI270378.1',0,1048,'SO:0000738',NULL,NULL),(63,NULL,1,'KI270419.1',0,1029,'SO:0000738',NULL,NULL),(64,NULL,1,'KI270544.1',0,1202,'SO:0000738',NULL,NULL),(65,NULL,1,'KI270510.1',0,2415,'SO:0000738',NULL,NULL),(66,NULL,1,'KI270448.1',0,7992,'SO:0000738',NULL,NULL),(67,NULL,1,'KI270590.1',0,4685,'SO:0000738',NULL,NULL),(68,NULL,1,'KI270529.1',0,1899,'SO:0000738',NULL,NULL),(69,NULL,1,'KI270429.1',0,1361,'SO:0000738',NULL,NULL),(70,NULL,1,'KI270376.1',0,1136,'SO:0000738',NULL,NULL),(71,NULL,1,'KI270362.1',0,3530,'SO:0000738',NULL,NULL),(72,NULL,1,'KI270583.1',0,1400,'SO:0000738',NULL,NULL),(73,NULL,1,'KI270521.1',0,7642,'SO:0000738',NULL,NULL),(74,NULL,1,'KI270305.1',0,1472,'SO:0000738',NULL,NULL),(75,NULL,1,'KI270516.1',0,1300,'SO:0000738',NULL,NULL),(76,NULL,1,'KI270337.1',0,1121,'SO:0000738',NULL,NULL),(77,NULL,1,'KI270425.1',0,1884,'SO:0000738',NULL,NULL),(78,NULL,1,'KI270384.1',0,1658,'SO:0000738',NULL,NULL),(79,NULL,1,'KI270393.1',0,1308,'SO:0000738',NULL,NULL),(80,NULL,1,'KI270373.1',0,1451,'SO:0000738',NULL,NULL),(81,NULL,1,'KI270391.1',0,1484,'SO:0000738',NULL,NULL),(82,NULL,1,'KI270386.1',0,1788,'SO:0000738',NULL,NULL),(83,NULL,1,'KI270338.1',0,1428,'SO:0000738',NULL,NULL),(84,NULL,1,'KI270363.1',0,1803,'SO:0000738',NULL,NULL),(85,NULL,1,'KI270538.1',0,91309,'SO:0000738',NULL,NULL),(86,NULL,1,'KI270467.1',0,3920,'SO:0000738',NULL,NULL),(87,NULL,1,'KI270465.1',0,1774,'SO:0000738',NULL,NULL),(88,NULL,1,'KI270320.1',0,4416,'SO:0000738',NULL,NULL),(89,NULL,1,'KI270303.1',0,1942,'SO:0000738',NULL,NULL),(90,NULL,1,'KI270411.1',0,2646,'SO:0000738',NULL,NULL),(91,NULL,1,'KI270315.1',0,2276,'SO:0000738',NULL,NULL),(92,NULL,1,'KI270311.1',0,12399,'SO:0000738',NULL,NULL),(93,NULL,1,'KI270322.1',0,21476,'SO:0000738',NULL,NULL),(94,NULL,1,'KI270333.1',0,2699,'SO:0000738',NULL,NULL),(95,NULL,1,'KI270317.1',0,37690,'SO:0000738',NULL,NULL),(96,NULL,1,'KI270304.1',0,2165,'SO:0000738',NULL,NULL),(97,NULL,1,'KI270417.1',0,2043,'SO:0000738',NULL,NULL),(98,NULL,1,'KI270420.1',0,2321,'SO:0000738',NULL,NULL),(99,NULL,1,'KI270390.1',0,2387,'SO:0000738',NULL,NULL),(100,NULL,1,'KI270589.1',0,44474,'SO:0000738',NULL,NULL),(101,NULL,1,'KI270414.1',0,2489,'SO:0000738',NULL,NULL),(102,NULL,1,'KI270579.1',0,31033,'SO:0000738',NULL,NULL),(103,NULL,1,'KI270364.1',0,2855,'SO:0000738',NULL,NULL),(104,NULL,1,'KI270442.1',0,392061,'SO:0000738',NULL,NULL),(105,NULL,1,'KI270729.1',0,280839,'SO:0000738',NULL,NULL),(106,NULL,1,'KI270736.1',0,181920,'SO:0000738',NULL,NULL),(107,NULL,1,'KI270438.1',0,112505,'SO:0000738',NULL,NULL),(108,NULL,1,'KI270519.1',0,138126,'SO:0000738',NULL,NULL),(109,NULL,1,'KI270512.1',0,22689,'SO:0000738',NULL,NULL),(110,NULL,1,'KI270435.1',0,92983,'SO:0000738',NULL,NULL),(111,'CHR_HSCHR1_1_CTG31',1,'CHR_HSCHR1_1_CTG31',1,248973653,'SO:0000738',NULL,NULL),(112,'CHR_HSCHR20_1_CTG3',1,'CHR_HSCHR20_1_CTG3',1,64447812,'SO:0000738',NULL,NULL),(113,NULL,1,'KI270711.1',0,42210,'SO:0000738',NULL,NULL),(114,NULL,1,'GL000009.2',0,201709,'SO:0000738',NULL,NULL),(115,'CHR_HSCHR2_2_CTG1',1,'CHR_HSCHR2_2_CTG1',1,242198346,'SO:0000738',NULL,NULL),(116,NULL,1,'GL000221.1',0,155397,'SO:0000738',NULL,NULL),(117,'CHR_HSCHR5_2_CTG1',1,'CHR_HSCHR5_2_CTG1',1,181547139,'SO:0000738',NULL,NULL),(118,'CHR_HSCHR19KIR_FH06_BA1_HAP_CTG3_1',1,'CHR_HSCHR19KIR_FH06_BA1_HAP_CTG3_1',1,58603994,'SO:0000738',NULL,NULL),(119,'CHR_HSCHR19KIR_FH05_A_HAP_CTG3_1',1,'CHR_HSCHR19KIR_FH05_A_HAP_CTG3_1',1,58616795,'SO:0000738',NULL,NULL),(120,'CHR_HSCHR19KIR_FH08_A_HAP_CTG3_1',1,'CHR_HSCHR19KIR_FH08_A_HAP_CTG3_1',1,58617658,'SO:0000738',NULL,NULL),(121,'CHR_HSCHR19KIR_FH06_A_HAP_CTG3_1',1,'CHR_HSCHR19KIR_FH06_A_HAP_CTG3_1',1,58617587,'SO:0000738',NULL,NULL),(122,'CHR_HSCHR19KIR_FH05_B_HAP_CTG3_1',1,'CHR_HSCHR19KIR_FH05_B_HAP_CTG3_1',1,58689016,'SO:0000738',NULL,NULL),(123,'CHR_HSCHR19KIR_ABC08_A1_HAP_CTG3_1',1,'CHR_HSCHR19KIR_ABC08_A1_HAP_CTG3_1',1,58617625,'SO:0000738',NULL,NULL),(124,'CHR_HSCHR19KIR_RP5_B_HAP_CTG3_1',1,'CHR_HSCHR19KIR_RP5_B_HAP_CTG3_1',1,58631402,'SO:0000738',NULL,NULL),(125,'CHR_HSCHR19KIR_FH15_A_HAP_CTG3_1',1,'CHR_HSCHR19KIR_FH15_A_HAP_CTG3_1',1,58617473,'SO:0000738',NULL,NULL),(126,'CHR_HSCHR19KIR_FH13_BA2_HAP_CTG3_1',1,'CHR_HSCHR19KIR_FH13_BA2_HAP_CTG3_1',1,58662330,'SO:0000738',NULL,NULL),(127,'CHR_HSCHR19KIR_FH13_A_HAP_CTG3_1',1,'CHR_HSCHR19KIR_FH13_A_HAP_CTG3_1',1,58616725,'SO:0000738',NULL,NULL),(128,'CHR_HSCHR19KIR_FH08_BAX_HAP_CTG3_1',1,'CHR_HSCHR19KIR_FH08_BAX_HAP_CTG3_1',1,58647709,'SO:0000738',NULL,NULL),(129,'CHR_HSCHR19KIR_ABC08_AB_HAP_T_P_CTG3_1',1,'CHR_HSCHR19KIR_ABC08_AB_HAP_T_P_CTG3_1',1,58617636,'SO:0000738',NULL,NULL),(130,'CHR_HSCHR19KIR_ABC08_AB_HAP_C_P_CTG3_1',1,'CHR_HSCHR19KIR_ABC08_AB_HAP_C_P_CTG3_1',1,58618008,'SO:0000738',NULL,NULL),(131,'CHR_HSCHR19KIR_T7526_BDEL_HAP_CTG3_1',1,'CHR_HSCHR19KIR_T7526_BDEL_HAP_CTG3_1',1,58631206,'SO:0000738',NULL,NULL),(132,'CHR_HSCHR19KIR_T7526_A_HAP_CTG3_1',1,'CHR_HSCHR19KIR_T7526_A_HAP_CTG3_1',1,58617601,'SO:0000738',NULL,NULL),(133,'CHR_HSCHR19KIR_RSH_BA2_HAP_CTG3_1',1,'CHR_HSCHR19KIR_RSH_BA2_HAP_CTG3_1',1,58662237,'SO:0000738',NULL,NULL),(134,'CHR_HSCHR19KIR_RSH_A_HAP_CTG3_1',1,'CHR_HSCHR19KIR_RSH_A_HAP_CTG3_1',1,58617616,'SO:0000738',NULL,NULL),(135,'CHR_HSCHR19KIR_LUCE_BDEL_HAP_CTG3_1',1,'CHR_HSCHR19KIR_LUCE_BDEL_HAP_CTG3_1',1,58631446,'SO:0000738',NULL,NULL),(136,'CHR_HSCHR19KIR_LUCE_A_HAP_CTG3_1',1,'CHR_HSCHR19KIR_LUCE_A_HAP_CTG3_1',1,58617634,'SO:0000738',NULL,NULL),(137,'CHR_HSCHR19KIR_GRC212_BA1_HAP_CTG3_1',1,'CHR_HSCHR19KIR_GRC212_BA1_HAP_CTG3_1',1,58602595,'SO:0000738',NULL,NULL),(138,'CHR_HSCHR19KIR_GRC212_AB_HAP_CTG3_1',1,'CHR_HSCHR19KIR_GRC212_AB_HAP_CTG3_1',1,58644315,'SO:0000738',NULL,NULL),(139,'CHR_HSCHR19KIR_G248_BA2_HAP_CTG3_1',1,'CHR_HSCHR19KIR_G248_BA2_HAP_CTG3_1',1,58661364,'SO:0000738',NULL,NULL),(140,'CHR_HSCHR19KIR_G248_A_HAP_CTG3_1',1,'CHR_HSCHR19KIR_G248_A_HAP_CTG3_1',1,58617652,'SO:0000738',NULL,NULL),(141,'CHR_HSCHR19KIR_G085_BA1_HAP_CTG3_1',1,'CHR_HSCHR19KIR_G085_BA1_HAP_CTG3_1',1,58603800,'SO:0000738',NULL,NULL),(142,'CHR_HSCHR19KIR_G085_A_HAP_CTG3_1',1,'CHR_HSCHR19KIR_G085_A_HAP_CTG3_1',1,58617601,'SO:0000738',NULL,NULL),(143,'CHR_HSCHR19KIR_FH15_B_HAP_CTG3_1',1,'CHR_HSCHR19KIR_FH15_B_HAP_CTG3_1',1,58689284,'SO:0000738',NULL,NULL),(144,'CHR_HSCHR6_MHC_QBL_CTG1',1,'CHR_HSCHR6_MHC_QBL_CTG1',1,170734801,'SO:0000738',NULL,NULL),(145,'CHR_HSCHR6_MHC_MCF_CTG1',1,'CHR_HSCHR6_MHC_MCF_CTG1',1,170976334,'SO:0000738',NULL,NULL),(146,'CHR_HSCHR6_MHC_MANN_CTG1',1,'CHR_HSCHR6_MHC_MANN_CTG1',1,170959829,'SO:0000738',NULL,NULL),(147,'CHR_HSCHR6_MHC_DBB_CTG1',1,'CHR_HSCHR6_MHC_DBB_CTG1',1,170783898,'SO:0000738',NULL,NULL),(148,'CHR_HSCHR6_MHC_APD_CTG1',1,'CHR_HSCHR6_MHC_APD_CTG1',1,170845044,'SO:0000738',NULL,NULL),(149,'CHR_HSCHR17_4_CTG4',1,'CHR_HSCHR17_4_CTG4',1,83257896,'SO:0000738',NULL,NULL),(150,'CHR_HSCHR10_1_CTG1',1,'CHR_HSCHR10_1_CTG1',1,133844722,'SO:0000738',NULL,NULL),(151,'CHR_HSCHR2_3_CTG1',1,'CHR_HSCHR2_3_CTG1',1,242195626,'SO:0000738',NULL,NULL),(152,'CHR_HSCHR7_2_CTG7',1,'CHR_HSCHR7_2_CTG7',1,159349352,'SO:0000738',NULL,NULL),(153,'CHR_HSCHR6_MHC_SSTO_CTG1',1,'CHR_HSCHR6_MHC_SSTO_CTG1',1,170946136,'SO:0000738',NULL,NULL),(154,'CHR_HSCHR19_4_CTG2',1,'CHR_HSCHR19_4_CTG2',1,58619803,'SO:0000738',NULL,NULL),(155,'CHR_HSCHR2_1_CTG1',1,'CHR_HSCHR2_1_CTG1',1,242194896,'SO:0000738',NULL,NULL),(156,NULL,1,'KI270725.1',0,172810,'SO:0000738',NULL,NULL),(157,'CHR_HSCHR1_4_CTG32_1',1,'CHR_HSCHR1_4_CTG32_1',1,248958766,'SO:0000738',NULL,NULL),(158,NULL,1,'KI270740.1',0,37240,'SO:0000738',NULL,NULL),(159,'CHR_HSCHR19_1_CTG2',1,'CHR_HSCHR19_1_CTG2',1,58624032,'SO:0000738',NULL,NULL),(160,'CHR_HSCHR12_6_CTG2_1',1,'CHR_HSCHR12_6_CTG2_1',1,133275361,'SO:0000738',NULL,NULL),(161,NULL,1,'KI270751.1',0,150742,'SO:0000738',NULL,NULL),(162,'CHR_HSCHR1_4_CTG31',1,'CHR_HSCHR1_4_CTG31',1,248955631,'SO:0000738',NULL,NULL),(163,'CHR_HSCHR18_2_CTG1_1',1,'CHR_HSCHR18_2_CTG1_1',1,80379367,'SO:0000738',NULL,NULL),(164,'CHR_HSCHR16_4_CTG1',1,'CHR_HSCHR16_4_CTG1',1,90340369,'SO:0000738',NULL,NULL),(165,NULL,1,'KI270746.1',0,66486,'SO:0000738',NULL,NULL),(166,NULL,1,'GL000213.1',0,164239,'SO:0000738',NULL,NULL),(167,'CHR_HSCHR3_5_CTG2_1',1,'CHR_HSCHR3_5_CTG2_1',1,198300594,'SO:0000738',NULL,NULL),(168,'CHR_HG151_NOVEL_TEST',1,'CHR_HG151_NOVEL_TEST',1,135097696,'SO:0000738',NULL,NULL),(169,NULL,1,'KI270744.1',0,168472,'SO:0000738',NULL,NULL),(170,'CHR_HSCHR19_2_CTG2',1,'CHR_HSCHR19_2_CTG2',1,58627095,'SO:0000738',NULL,NULL),(171,'CHR_HSCHR10_1_CTG4',1,'CHR_HSCHR10_1_CTG4',1,133815819,'SO:0000738',NULL,NULL),(172,NULL,1,'GL000220.1',0,161802,'SO:0000738',NULL,NULL),(173,NULL,1,'KI270735.1',0,42811,'SO:0000738',NULL,NULL),(174,'CHR_HSCHR6_MHC_COX_CTG1',1,'CHR_HSCHR6_MHC_COX_CTG1',1,170727598,'SO:0000738',NULL,NULL),(175,'CHR_HSCHR12_5_CTG2_1',1,'CHR_HSCHR12_5_CTG2_1',1,133279478,'SO:0000738',NULL,NULL),(176,'CHR_HSCHR17_6_CTG4',1,'CHR_HSCHR17_6_CTG4',1,83246071,'SO:0000738',NULL,NULL),(177,'CHR_HSCHR17_5_CTG4',1,'CHR_HSCHR17_5_CTG4',1,83247119,'SO:0000738',NULL,NULL),(178,'CHR_HSCHR3_2_CTG2_1',1,'CHR_HSCHR3_2_CTG2_1',1,198298736,'SO:0000738',NULL,NULL),(179,NULL,1,'KI270734.1',0,165050,'SO:0000738',NULL,NULL),(180,NULL,1,'KI270709.1',0,66860,'SO:0000738',NULL,NULL),(181,NULL,1,'KI270748.1',0,93321,'SO:0000738',NULL,NULL),(182,'CHR_HSCHR2_4_CTG1',1,'CHR_HSCHR2_4_CTG1',1,242191076,'SO:0000738',NULL,NULL),(183,'CHR_HSCHR21_5_CTG2',1,'CHR_HSCHR21_5_CTG2',1,46712294,'SO:0000738',NULL,NULL),(184,'CHR_HSCHR20_1_CTG4',1,'CHR_HSCHR20_1_CTG4',1,64446453,'SO:0000738',NULL,NULL),(185,NULL,1,'KI270745.1',0,41891,'SO:0000738',NULL,NULL),(186,NULL,1,'GL000208.1',0,92689,'SO:0000738',NULL,NULL),(187,'CHR_HSCHR3_9_CTG3',1,'CHR_HSCHR3_9_CTG3',1,198291952,'SO:0000738',NULL,NULL),(188,'CHR_HSCHR5_2_CTG5',1,'CHR_HSCHR5_2_CTG5',1,181542206,'SO:0000738',NULL,NULL),(189,'CHR_HSCHR5_3_CTG5',1,'CHR_HSCHR5_3_CTG5',1,181538569,'SO:0000738',NULL,NULL),(190,'CHR_HSCHR12_4_CTG2',1,'CHR_HSCHR12_4_CTG2',1,133277582,'SO:0000738',NULL,NULL),(191,NULL,1,'GL000224.1',0,179693,'SO:0000738',NULL,NULL),(192,'CHR_HSCHR15_5_CTG8',1,'CHR_HSCHR15_5_CTG8',1,102070278,'SO:0000738',NULL,NULL),(193,'CHR_HSCHR11_2_CTG1',1,'CHR_HSCHR11_2_CTG1',1,135093444,'SO:0000738',NULL,NULL),(194,'CHR_HSCHR22_1_CTG6',1,'CHR_HSCHR22_1_CTG6',1,50842710,'SO:0000738',NULL,NULL),(195,'CHR_HSCHR12_1_CTG2',1,'CHR_HSCHR12_1_CTG2',1,133281368,'SO:0000738',NULL,NULL),(196,'CHR_HSCHR18_3_CTG2_1',1,'CHR_HSCHR18_3_CTG2_1',1,80379039,'SO:0000738',NULL,NULL),(197,'CHR_HSCHR11_1_CTG1_1',1,'CHR_HSCHR11_1_CTG1_1',1,135092355,'SO:0000738',NULL,NULL),(198,'CHR_HSCHR12_5_CTG2',1,'CHR_HSCHR12_5_CTG2',1,133275237,'SO:0000738',NULL,NULL),(199,'CHR_HSCHR18_2_CTG2',1,'CHR_HSCHR18_2_CTG2',1,80442734,'SO:0000738',NULL,NULL),(200,'CHR_HSCHR8_4_CTG1',1,'CHR_HSCHR8_4_CTG1',1,145141010,'SO:0000738',NULL,NULL),(201,'CHR_HSCHR17_3_CTG4',1,'CHR_HSCHR17_3_CTG4',1,83269063,'SO:0000738',NULL,NULL),(202,NULL,1,'KI270752.1',0,27745,'SO:0000738',NULL,NULL),(203,'CHR_HSCHR19_1_CTG3_1',1,'CHR_HSCHR19_1_CTG3_1',1,58624789,'SO:0000738',NULL,NULL),(204,'CHR_HSCHR2_1_CTG5',1,'CHR_HSCHR2_1_CTG5',1,242199562,'SO:0000738',NULL,NULL),(205,NULL,1,'GL000214.1',0,137718,'SO:0000738',NULL,NULL),(206,NULL,1,'KI270742.1',0,186739,'SO:0000738',NULL,NULL),(207,'CHR_HSCHR3_3_CTG2_1',1,'CHR_HSCHR3_3_CTG2_1',1,198300421,'SO:0000738',NULL,NULL),(208,NULL,1,'KI270715.1',0,161471,'SO:0000738',NULL,NULL),(209,'CHR_HSCHR1_1_CTG11',1,'CHR_HSCHR1_1_CTG11',1,248961539,'SO:0000738',NULL,NULL),(210,NULL,1,'GL000195.1',0,182896,'SO:0000738',NULL,NULL),(211,'CHR_HSCHR2_1_CTG7_2',1,'CHR_HSCHR2_1_CTG7_2',1,242210518,'SO:0000738',NULL,NULL),(212,'CHR_HSCHR13_1_CTG3',1,'CHR_HSCHR13_1_CTG3',1,114370226,'SO:0000738',NULL,NULL),(213,NULL,1,'KI270753.1',0,62944,'SO:0000738',NULL,NULL),(214,'CHR_HSCHR5_1_CTG1_1',1,'CHR_HSCHR5_1_CTG1_1',1,180863570,'SO:0000738',NULL,NULL),(215,'CHR_HSCHR22_1_CTG2',1,'CHR_HSCHR22_1_CTG2',1,50788525,'SO:0000738',NULL,NULL),(216,NULL,1,'KI270722.1',0,194050,'SO:0000738',NULL,NULL),(217,'CHR_HSCHR15_2_CTG3',1,'CHR_HSCHR15_2_CTG3',1,101995966,'SO:0000738',NULL,NULL),(218,'CHR_HSCHR15_1_CTG3',1,'CHR_HSCHR15_1_CTG3',1,101994657,'SO:0000738',NULL,NULL),(219,'CHR_HSCHR13_1_CTG4',1,'CHR_HSCHR13_1_CTG4',1,114368332,'SO:0000738',NULL,NULL),(220,'CHR_HSCHR8_1_CTG1',1,'CHR_HSCHR8_1_CTG1',1,145124952,'SO:0000738',NULL,NULL),(221,'CHR_HSCHR5_6_CTG1',1,'CHR_HSCHR5_6_CTG1',1,181540245,'SO:0000738',NULL,NULL),(222,NULL,1,'KI270719.1',0,176845,'SO:0000738',NULL,NULL),(223,'CHR_HSCHR4_1_CTG6',1,'CHR_HSCHR4_1_CTG6',1,190224838,'SO:0000738',NULL,NULL),(224,'CHR_HSCHR18_1_CTG1_1',1,'CHR_HSCHR18_1_CTG1_1',1,80380517,'SO:0000738',NULL,NULL),(225,'CHR_HSCHR6_1_CTG6',1,'CHR_HSCHR6_1_CTG6',1,170818797,'SO:0000738',NULL,NULL),(226,NULL,1,'KI270755.1',0,36723,'SO:0000738',NULL,NULL),(227,NULL,1,'KI270712.1',0,176043,'SO:0000738',NULL,NULL),(228,'CHR_HSCHR16_CTG2',1,'CHR_HSCHR16_CTG2',1,90341867,'SO:0000738',NULL,NULL),(229,'CHR_HSCHR11_1_CTG8',1,'CHR_HSCHR11_1_CTG8',1,135088433,'SO:0000738',NULL,NULL),(230,NULL,1,'KI270732.1',0,41543,'SO:0000738',NULL,NULL),(231,'CHR_HSCHR6_1_CTG9',1,'CHR_HSCHR6_1_CTG9',1,170815583,'SO:0000738',NULL,NULL),(232,'CHR_HSCHR17_1_CTG9',1,'CHR_HSCHR17_1_CTG9',1,83255504,'SO:0000738',NULL,NULL),(233,'CHR_HSCHR7_3_CTG6',1,'CHR_HSCHR7_3_CTG6',1,159344441,'SO:0000738',NULL,NULL),(234,NULL,1,'KI270708.1',0,127682,'SO:0000738',NULL,NULL),(235,'CHR_HSCHR11_2_CTG1_1',1,'CHR_HSCHR11_2_CTG1_1',1,135083841,'SO:0000738',NULL,NULL),(236,'CHR_HSCHR11_1_CTG6',1,'CHR_HSCHR11_1_CTG6',1,135092332,'SO:0000738',NULL,NULL),(237,'CHR_HSCHR6_1_CTG7',1,'CHR_HSCHR6_1_CTG7',1,170812567,'SO:0000738',NULL,NULL),(238,'CHR_HSCHR3_1_CTG2_1',1,'CHR_HSCHR3_1_CTG2_1',1,198306097,'SO:0000738',NULL,NULL),(239,'CHR_HSCHR15_3_CTG3',1,'CHR_HSCHR15_3_CTG3',1,101993763,'SO:0000738',NULL,NULL),(240,NULL,1,'KI270731.1',0,150754,'SO:0000738',NULL,NULL),(241,'CHR_HSCHR4_3_CTG12',1,'CHR_HSCHR4_3_CTG12',1,190218028,'SO:0000738',NULL,NULL),(242,NULL,1,'KI270720.1',0,39050,'SO:0000738',NULL,NULL),(243,'CHR_HSCHR12_2_CTG2_1',1,'CHR_HSCHR12_2_CTG2_1',1,133282358,'SO:0000738',NULL,NULL),(244,'CHR_HSCHR21_3_CTG1_1',1,'CHR_HSCHR21_3_CTG1_1',1,46715777,'SO:0000738',NULL,NULL),(245,'CHR_HSCHR21_4_CTG1_1',1,'CHR_HSCHR21_4_CTG1_1',1,46719541,'SO:0000738',NULL,NULL),(246,'CHR_HSCHR4_1_CTG4',1,'CHR_HSCHR4_1_CTG4',1,190221757,'SO:0000738',NULL,NULL),(247,'CHR_HSCHR3_8_CTG3',1,'CHR_HSCHR3_8_CTG3',1,198295934,'SO:0000738',NULL,NULL),(248,'CHR_HSCHR3_7_CTG3',1,'CHR_HSCHR3_7_CTG3',1,198294497,'SO:0000738',NULL,NULL),(249,'CHR_HSCHR3_5_CTG3',1,'CHR_HSCHR3_5_CTG3',1,198293785,'SO:0000738',NULL,NULL),(250,'CHR_HSCHR3_4_CTG3',1,'CHR_HSCHR3_4_CTG3',1,198296867,'SO:0000738',NULL,NULL),(251,'CHR_HSCHR3_3_CTG3',1,'CHR_HSCHR3_3_CTG3',1,198293223,'SO:0000738',NULL,NULL),(252,'CHR_HSCHR15_1_CTG8',1,'CHR_HSCHR15_1_CTG8',1,102002809,'SO:0000738',NULL,NULL),(253,'CHR_HSCHR2_4_CTG7_2',1,'CHR_HSCHR2_4_CTG7_2',1,242196589,'SO:0000738',NULL,NULL),(254,NULL,1,'GL000194.1',0,191469,'SO:0000738',NULL,NULL),(255,'CHR_HSCHR1_1_CTG32_1',1,'CHR_HSCHR1_1_CTG32_1',1,248960143,'SO:0000738',NULL,NULL),(256,NULL,1,'KI270713.1',0,40745,'SO:0000738',NULL,NULL),(257,'CHR_HSCHR1_ALT2_1_CTG32_1',1,'CHR_HSCHR1_ALT2_1_CTG32_1',1,248958866,'SO:0000738',NULL,NULL),(258,'CHR_HSCHR16_2_CTG3_1',1,'CHR_HSCHR16_2_CTG3_1',1,90343477,'SO:0000738',NULL,NULL),(259,NULL,1,'KI270716.1',0,153799,'SO:0000738',NULL,NULL),(260,NULL,1,'KI270723.1',0,38115,'SO:0000738',NULL,NULL),(261,'CHR_HSCHR13_1_CTG6',1,'CHR_HSCHR13_1_CTG6',1,114367169,'SO:0000738',NULL,NULL),(262,NULL,1,'GL000226.1',0,15008,'SO:0000738',NULL,NULL),(263,'CHR_HSCHR5_3_CTG1_1',1,'CHR_HSCHR5_3_CTG1_1',1,181554865,'SO:0000738',NULL,NULL),(264,'CHR_HSCHR9_1_CTG4',1,'CHR_HSCHR9_1_CTG4',1,138405815,'SO:0000738',NULL,NULL),(265,'CHR_HSCHR9_1_CTG1',1,'CHR_HSCHR9_1_CTG1',1,138409529,'SO:0000738',NULL,NULL),(266,'CHR_HSCHR15_2_CTG8',1,'CHR_HSCHR15_2_CTG8',1,102003326,'SO:0000738',NULL,NULL),(267,NULL,1,'GL000219.1',0,179198,'SO:0000738',NULL,NULL),(268,NULL,1,'KI270750.1',0,148850,'SO:0000738',NULL,NULL),(269,'CHR_HSCHR17_3_CTG2',1,'CHR_HSCHR17_3_CTG2',1,83258211,'SO:0000738',NULL,NULL),(270,'CHR_HSCHR6_1_CTG5',1,'CHR_HSCHR6_1_CTG5',1,170815302,'SO:0000738',NULL,NULL),(271,'CHR_HSCHR22_3_CTG1',1,'CHR_HSCHR22_3_CTG1',1,50818468,'SO:0000738',NULL,NULL),(272,'CHR_HSCHR22_2_CTG1',1,'CHR_HSCHR22_2_CTG1',1,50830603,'SO:0000738',NULL,NULL),(273,'CHR_HSCHR22_1_CTG1',1,'CHR_HSCHR22_1_CTG1',1,50806372,'SO:0000738',NULL,NULL),(274,'CHR_HSCHR1_1_CTG3',1,'CHR_HSCHR1_1_CTG3',1,248968406,'SO:0000738',NULL,NULL),(275,'CHR_HSCHR12_7_CTG2_1',1,'CHR_HSCHR12_7_CTG2_1',1,133289478,'SO:0000738',NULL,NULL),(276,'CHR_HSCHR4_4_CTG12',1,'CHR_HSCHR4_4_CTG12',1,190220704,'SO:0000738',NULL,NULL),(277,'CHR_HSCHR4_1_CTG9',1,'CHR_HSCHR4_1_CTG9',1,190096932,'SO:0000738',NULL,NULL),(278,NULL,1,'KI270724.1',0,39555,'SO:0000738',NULL,NULL),(279,NULL,1,'KI270707.1',0,32032,'SO:0000738',NULL,NULL),(280,NULL,1,'KI270754.1',0,40191,'SO:0000738',NULL,NULL),(281,'CHR_HSCHR4_5_CTG12',1,'CHR_HSCHR4_5_CTG12',1,190219562,'SO:0000738',NULL,NULL),(282,'CHR_HSCHR5_4_CTG1',1,'CHR_HSCHR5_4_CTG1',1,181537434,'SO:0000738',NULL,NULL),(283,'CHR_HSCHR4_2_CTG12',1,'CHR_HSCHR4_2_CTG12',1,190206797,'SO:0000738',NULL,NULL),(284,'CHR_HSCHR8_1_CTG7',1,'CHR_HSCHR8_1_CTG7',1,145142033,'SO:0000738',NULL,NULL),(285,'CHR_HG142_HG150_NOVEL_TEST',1,'CHR_HG142_HG150_NOVEL_TEST',1,135094228,'SO:0000738',NULL,NULL),(286,'CHR_HSCHR19LRC_PGF1_CTG3_1',1,'CHR_HSCHR19LRC_PGF1_CTG3_1',1,58546031,'SO:0000738',NULL,NULL),(287,'CHR_HSCHR19LRC_COX2_CTG3_1',1,'CHR_HSCHR19LRC_COX2_CTG3_1',1,58288451,'SO:0000738',NULL,NULL),(288,'CHR_HSCHR19_4_CTG3_1',1,'CHR_HSCHR19_4_CTG3_1',1,58625731,'SO:0000738',NULL,NULL),(289,'CHR_HSCHR19LRC_PGF2_CTG3_1',1,'CHR_HSCHR19LRC_PGF2_CTG3_1',1,58355410,'SO:0000738',NULL,NULL),(290,'CHR_HSCHR19LRC_LRC_T_CTG3_1',1,'CHR_HSCHR19LRC_LRC_T_CTG3_1',1,58561614,'SO:0000738',NULL,NULL),(291,'CHR_HSCHR19LRC_LRC_S_CTG3_1',1,'CHR_HSCHR19LRC_LRC_S_CTG3_1',1,58625321,'SO:0000738',NULL,NULL),(292,'CHR_HSCHR19LRC_LRC_J_CTG3_1',1,'CHR_HSCHR19LRC_LRC_J_CTG3_1',1,58650772,'SO:0000738',NULL,NULL),(293,'CHR_HSCHR19LRC_LRC_I_CTG3_1',1,'CHR_HSCHR19LRC_LRC_I_CTG3_1',1,58623235,'SO:0000738',NULL,NULL),(294,'CHR_HSCHR19LRC_COX1_CTG3_1',1,'CHR_HSCHR19LRC_COX1_CTG3_1',1,58546647,'SO:0000738',NULL,NULL),(295,'CHR_HSCHR5_1_CTG1',1,'CHR_HSCHR5_1_CTG1',1,181558402,'SO:0000738',NULL,NULL),(296,'CHR_HSCHR12_3_CTG2_1',1,'CHR_HSCHR12_3_CTG2_1',1,133281486,'SO:0000738',NULL,NULL),(297,'CHR_HSCHR1_2_CTG31',1,'CHR_HSCHR1_2_CTG31',1,248971826,'SO:0000738',NULL,NULL),(298,'CHR_HSCHR17_1_CTG2',1,'CHR_HSCHR17_1_CTG2',1,83256362,'SO:0000738',NULL,NULL),(299,'CHR_HSCHR11_1_CTG5',1,'CHR_HSCHR11_1_CTG5',1,135097255,'SO:0000738',NULL,NULL),(300,'CHR_HSCHR3_3_CTG1',1,'CHR_HSCHR3_3_CTG1',1,198300110,'SO:0000738',NULL,NULL),(301,'CHR_HSCHR8_8_CTG1',1,'CHR_HSCHR8_8_CTG1',1,145123326,'SO:0000738',NULL,NULL),(302,NULL,1,'KI270706.1',0,175055,'SO:0000738',NULL,NULL),(303,'CHR_HSCHR10_1_CTG3',1,'CHR_HSCHR10_1_CTG3',1,133783218,'SO:0000738',NULL,NULL),(304,'CHR_HSCHR7_1_CTG7',1,'CHR_HSCHR7_1_CTG7',1,159346281,'SO:0000738',NULL,NULL),(305,'CHR_HSCHR6_1_CTG3',1,'CHR_HSCHR6_1_CTG3',1,170836231,'SO:0000738',NULL,NULL),(306,'CHR_HSCHR3_2_CTG3',1,'CHR_HSCHR3_2_CTG3',1,198296961,'SO:0000738',NULL,NULL),(307,NULL,1,'GL000218.1',0,161147,'SO:0000738',NULL,NULL),(308,NULL,1,'KI270714.1',0,41717,'SO:0000738',NULL,NULL),(309,'CHR_HSCHR4_1_CTG12',1,'CHR_HSCHR4_1_CTG12',1,190227204,'SO:0000738',NULL,NULL),(310,'CHR_HSCHR19_3_CTG2',1,'CHR_HSCHR19_3_CTG2',1,58625823,'SO:0000738',NULL,NULL),(311,'CHR_HSCHR14_2_CTG1',1,'CHR_HSCHR14_2_CTG1',1,107050862,'SO:0000738',NULL,NULL),(312,NULL,1,'KI270733.1',0,179772,'SO:0000738',NULL,NULL),(313,'CHR_HSCHR8_3_CTG1',1,'CHR_HSCHR8_3_CTG1',1,145130612,'SO:0000738',NULL,NULL),(314,'CHR_HSCHR7_1_CTG6',1,'CHR_HSCHR7_1_CTG6',1,159351981,'SO:0000738',NULL,NULL),(315,'CHR_HSCHR2_3_CTG7_2',1,'CHR_HSCHR2_3_CTG7_2',1,242194557,'SO:0000738',NULL,NULL),(316,'CHR_HSCHR5_2_CTG1_1',1,'CHR_HSCHR5_2_CTG1_1',1,180753562,'SO:0000738',NULL,NULL),(317,'CHR_HSCHR15_4_CTG8',1,'CHR_HSCHR15_4_CTG8',1,102071387,'SO:0000738',NULL,NULL),(318,'CHR_HSCHR7_1_CTG1',1,'CHR_HSCHR7_1_CTG1',1,159349278,'SO:0000738',NULL,NULL),(319,'CHR_HSCHR7_2_CTG1',1,'CHR_HSCHR7_2_CTG1',1,159348294,'SO:0000738',NULL,NULL),(320,'CHR_HSCHR1_2_CTG3',1,'CHR_HSCHR1_2_CTG3',1,248975002,'SO:0000738',NULL,NULL),(321,'CHR_HSCHR21_6_CTG1_1',1,'CHR_HSCHR21_6_CTG1_1',1,46713516,'SO:0000738',NULL,NULL),(322,'CHR_HSCHR22_1_CTG7',1,'CHR_HSCHR22_1_CTG7',1,50872732,'SO:0000738',NULL,NULL),(323,'CHR_HSCHR17_8_CTG4',1,'CHR_HSCHR17_8_CTG4',1,83258474,'SO:0000738',NULL,NULL),(324,'CHR_HSCHR11_1_CTG2',1,'CHR_HSCHR11_1_CTG2',1,135083598,'SO:0000738',NULL,NULL),(325,'CHR_HSCHR7_2_CTG4_4',1,'CHR_HSCHR7_2_CTG4_4',1,159333789,'SO:0000738',NULL,NULL),(326,NULL,1,'KI270721.1',0,100316,'SO:0000738',NULL,NULL),(327,'CHR_HSCHR19_3_CTG3_1',1,'CHR_HSCHR19_3_CTG3_1',1,58625958,'SO:0000738',NULL,NULL),(328,'CHR_HSCHR6_8_CTG1',1,'CHR_HSCHR6_8_CTG1',1,170813052,'SO:0000738',NULL,NULL),(329,'CHR_HSCHR12_1_CTG1',1,'CHR_HSCHR12_1_CTG1',1,133279324,'SO:0000738',NULL,NULL),(330,'CHR_HSCHR21_1_CTG1_1',1,'CHR_HSCHR21_1_CTG1_1',1,46722569,'SO:0000738',NULL,NULL),(331,'CHR_HSCHR11_1_CTG7',1,'CHR_HSCHR11_1_CTG7',1,135085484,'SO:0000738',NULL,NULL),(332,'CHR_HSCHR17_9_CTG4',1,'CHR_HSCHR17_9_CTG4',1,83263791,'SO:0000738',NULL,NULL),(333,'CHR_HSCHR12_1_CTG2_1',1,'CHR_HSCHR12_1_CTG2_1',1,133284468,'SO:0000738',NULL,NULL),(334,'CHR_HSCHR17_2_CTG5',1,'CHR_HSCHR17_2_CTG5',1,83086355,'SO:0000738',NULL,NULL),(335,'CHR_HSCHR7_2_CTG6',1,'CHR_HSCHR7_2_CTG6',1,159407160,'SO:0000738',NULL,NULL),(336,'CHR_HSCHR4_7_CTG12',1,'CHR_HSCHR4_7_CTG12',1,190225141,'SO:0000738',NULL,NULL),(337,'CHR_HSCHR15_3_CTG8',1,'CHR_HSCHR15_3_CTG8',1,101999716,'SO:0000738',NULL,NULL),(338,'CHR_HSCHR4_1_CTG8_1',1,'CHR_HSCHR4_1_CTG8_1',1,190218838,'SO:0000738',NULL,NULL),(339,'CHR_HSCHRX_2_CTG12',1,'CHR_HSCHRX_2_CTG12',1,156053172,'SO:0000738',NULL,NULL),(340,'CHR_HSCHR11_1_CTG3',1,'CHR_HSCHR11_1_CTG3',1,135090275,'SO:0000738',NULL,NULL),(341,NULL,1,'KI270749.1',0,158759,'SO:0000738',NULL,NULL),(342,'CHR_HSCHR17_1_CTG5',1,'CHR_HSCHR17_1_CTG5',1,83552665,'SO:0000738',NULL,NULL),(343,'CHR_HSCHR9_1_CTG3',1,'CHR_HSCHR9_1_CTG3',1,138400797,'SO:0000738',NULL,NULL),(344,'CHR_HSCHR8_5_CTG7',1,'CHR_HSCHR8_5_CTG7',1,145144538,'SO:0000738',NULL,NULL),(345,'CHR_HSCHR11_3_CTG1',1,'CHR_HSCHR11_3_CTG1',1,135092180,'SO:0000738',NULL,NULL),(346,'CHR_HSCHR8_5_CTG1',1,'CHR_HSCHR8_5_CTG1',1,145137619,'SO:0000738',NULL,NULL),(347,'CHR_HSCHR12_2_CTG2',1,'CHR_HSCHR12_2_CTG2',1,133307257,'SO:0000738',NULL,NULL),(348,'CHR_HSCHR15_1_CTG1',1,'CHR_HSCHR15_1_CTG1',1,101998275,'SO:0000738',NULL,NULL),(349,'CHR_HSCHR8_2_CTG1',1,'CHR_HSCHR8_2_CTG1',1,145141567,'SO:0000738',NULL,NULL),(350,'CHR_HSCHR16_1_CTG3_1',1,'CHR_HSCHR16_1_CTG3_1',1,90335239,'SO:0000738',NULL,NULL),(351,'CHR_HSCHR13_1_CTG2',1,'CHR_HSCHR13_1_CTG2',1,114368315,'SO:0000738',NULL,NULL),(352,'CHR_HSCHR19_2_CTG3_1',1,'CHR_HSCHR19_2_CTG3_1',1,58618601,'SO:0000738',NULL,NULL),(353,'CHR_HSCHR17_2_CTG1',1,'CHR_HSCHR17_2_CTG1',1,83259496,'SO:0000738',NULL,NULL),(354,'CHR_HSCHR17_1_CTG1',1,'CHR_HSCHR17_1_CTG1',1,83290495,'SO:0000738',NULL,NULL),(355,'CHR_HSCHR9_1_CTG2',1,'CHR_HSCHR9_1_CTG2',1,138402913,'SO:0000738',NULL,NULL),(356,'CHR_HSCHR6_1_CTG2',1,'CHR_HSCHR6_1_CTG2',1,170833811,'SO:0000738',NULL,NULL),(357,NULL,1,'GL000216.2',0,176608,'SO:0000738',NULL,NULL),(358,'CHR_HSCHR8_3_CTG7',1,'CHR_HSCHR8_3_CTG7',1,145125643,'SO:0000738',NULL,NULL),(359,'CHR_HSCHR7_1_CTG4_4',1,'CHR_HSCHR7_1_CTG4_4',1,159348604,'SO:0000738',NULL,NULL),(360,NULL,1,'GL000205.2',0,185591,'SO:0000738',NULL,NULL),(361,'CHR_HSCHR19_5_CTG2',1,'CHR_HSCHR19_5_CTG2',1,58619095,'SO:0000738',NULL,NULL),(362,'CHR_HSCHR22_1_CTG3',1,'CHR_HSCHR22_1_CTG3',1,50827573,'SO:0000738',NULL,NULL),(363,'CHR_HSCHR13_1_CTG5',1,'CHR_HSCHR13_1_CTG5',1,114365350,'SO:0000738',NULL,NULL),(364,'CHR_HSCHR2_2_CTG7',1,'CHR_HSCHR2_2_CTG7',1,242223512,'SO:0000738',NULL,NULL),(365,'CHR_HSCHR2_1_CTG7',1,'CHR_HSCHR2_1_CTG7',1,242193540,'SO:0000738',NULL,NULL),(366,'CHR_HSCHR18_ALT2_CTG2_1',1,'CHR_HSCHR18_ALT2_CTG2_1',1,80376883,'SO:0000738',NULL,NULL),(367,'CHR_HSCHR18_2_CTG2_1',1,'CHR_HSCHR18_2_CTG2_1',1,80378720,'SO:0000738',NULL,NULL),(368,NULL,1,'KI270718.1',0,38054,'SO:0000738',NULL,NULL),(369,'CHR_HSCHR8_6_CTG1',1,'CHR_HSCHR8_6_CTG1',1,145136257,'SO:0000738',NULL,NULL),(370,'CHR_HSCHR1_3_CTG31',1,'CHR_HSCHR1_3_CTG31',1,248967909,'SO:0000738',NULL,NULL),(371,'CHR_HSCHR22_1_CTG5',1,'CHR_HSCHR22_1_CTG5',1,50821308,'SO:0000738',NULL,NULL),(372,NULL,1,'KI270717.1',0,40062,'SO:0000738',NULL,NULL),(373,'CHR_HSCHR17_10_CTG4',1,'CHR_HSCHR17_10_CTG4',1,83359087,'SO:0000738',NULL,NULL),(374,NULL,1,'KI270743.1',0,210658,'SO:0000738',NULL,NULL),(375,'CHR_HSCHR17_1_CTG4',1,'CHR_HSCHR17_1_CTG4',1,83264766,'SO:0000738',NULL,NULL),(376,'CHR_HSCHR3_1_CTG1',1,'CHR_HSCHR3_1_CTG1',1,198297480,'SO:0000738',NULL,NULL),(377,NULL,1,'GL000008.2',0,209709,'SO:0000738',NULL,NULL),(378,'CHR_HSCHR20_1_CTG1',1,'CHR_HSCHR20_1_CTG1',1,64450183,'SO:0000738',NULL,NULL),(379,'CHR_HSCHR3_6_CTG3',1,'CHR_HSCHR3_6_CTG3',1,198294921,'SO:0000738',NULL,NULL),(380,'CHR_HSCHR3_1_CTG3',1,'CHR_HSCHR3_1_CTG3',1,198302882,'SO:0000738',NULL,NULL),(381,'CHR_HSCHR2_2_CTG7_2',1,'CHR_HSCHR2_2_CTG7_2',1,242199609,'SO:0000738',NULL,NULL),(382,'CHR_HSCHR8_2_CTG7',1,'CHR_HSCHR8_2_CTG7',1,145141868,'SO:0000738',NULL,NULL),(383,'CHR_HSCHR5_5_CTG1',1,'CHR_HSCHR5_5_CTG1',1,181539933,'SO:0000738',NULL,NULL),(384,'CHR_HSCHR10_1_CTG2',1,'CHR_HSCHR10_1_CTG2',1,133813485,'SO:0000738',NULL,NULL),(385,'CHR_HSCHR18_ALT21_CTG2_1',1,'CHR_HSCHR18_ALT21_CTG2_1',1,80376343,'SO:0000738',NULL,NULL),(386,'CHR_HSCHR18_1_CTG2_1',1,'CHR_HSCHR18_1_CTG2_1',1,80382671,'SO:0000738',NULL,NULL),(387,'CHR_HSCHR3_4_CTG2_1',1,'CHR_HSCHR3_4_CTG2_1',1,198301383,'SO:0000738',NULL,NULL),(388,'CHR_HSCHR2_2_CTG15',1,'CHR_HSCHR2_2_CTG15',1,242198544,'SO:0000738',NULL,NULL),(389,'CHR_HSCHR2_1_CTG15',1,'CHR_HSCHR2_1_CTG15',1,242198904,'SO:0000738',NULL,NULL),(390,NULL,1,'KI270710.1',0,40176,'SO:0000738',NULL,NULL),(391,NULL,1,'GL000225.1',0,211173,'SO:0000738',NULL,NULL),(392,'CHR_HSCHR2_3_CTG15',1,'CHR_HSCHR2_3_CTG15',1,242194292,'SO:0000738',NULL,NULL),(393,'CHR_HSCHR22_1_CTG4',1,'CHR_HSCHR22_1_CTG4',1,50824699,'SO:0000738',NULL,NULL),(394,'CHR_HSCHR8_1_CTG6',1,'CHR_HSCHR8_1_CTG6',1,145150400,'SO:0000738',NULL,NULL),(395,'CHR_HSCHR18_1_CTG2',1,'CHR_HSCHR18_1_CTG2',1,80386177,'SO:0000738',NULL,NULL),(396,'CHR_HSCHR18_4_CTG1_1',1,'CHR_HSCHR18_4_CTG1_1',1,80378406,'SO:0000738',NULL,NULL),(397,'CHR_HSCHR17_2_CTG2',1,'CHR_HSCHR17_2_CTG2',1,83160220,'SO:0000738',NULL,NULL),(398,'CHR_HSCHR6_1_CTG4',1,'CHR_HSCHR6_1_CTG4',1,170808607,'SO:0000738',NULL,NULL),(399,NULL,1,'KI270747.1',0,198735,'SO:0000738',NULL,NULL),(400,'CHR_HSCHR16_1_CTG1',1,'CHR_HSCHR16_1_CTG1',1,90426449,'SO:0000738',NULL,NULL),(401,'CHR_HSCHR14_1_CTG1',1,'CHR_HSCHR14_1_CTG1',1,107047377,'SO:0000738',NULL,NULL),(402,'CHR_HSCHR14_3_CTG1',1,'CHR_HSCHR14_3_CTG1',1,107067894,'SO:0000738',NULL,NULL),(403,'CHR_HSCHRX_2_CTG3',1,'CHR_HSCHRX_2_CTG3',1,156039875,'SO:0000738',NULL,NULL),(404,'CHR_HSCHRX_1_CTG3',1,'CHR_HSCHRX_1_CTG3',1,156043585,'SO:0000738',NULL,NULL),(405,'CHR_HSCHR5_1_CTG5',1,'CHR_HSCHR5_1_CTG5',1,181543736,'SO:0000738',NULL,NULL),(406,'CHR_HSCHR6_1_CTG8',1,'CHR_HSCHR6_1_CTG8',1,170810115,'SO:0000738',NULL,NULL),(407,'CHR_HSCHR21_2_CTG1_1',1,'CHR_HSCHR21_2_CTG1_1',1,46716685,'SO:0000738',NULL,NULL),(408,'CHR_HSCHR20_1_CTG2',1,'CHR_HSCHR20_1_CTG2',1,64441059,'SO:0000738',NULL,NULL),(409,'CHR_HSCHR17_7_CTG4',1,'CHR_HSCHR17_7_CTG4',1,83058228,'SO:0000738',NULL,NULL),(410,'CHR_HSCHR17_2_CTG4',1,'CHR_HSCHR17_2_CTG4',1,83263494,'SO:0000738',NULL,NULL),(411,'CHR_HSCHR1_3_CTG32_1',1,'CHR_HSCHR1_3_CTG32_1',1,248960761,'SO:0000738',NULL,NULL),(412,'CHR_HSCHR12_3_CTG2',1,'CHR_HSCHR12_3_CTG2',1,133271566,'SO:0000738',NULL,NULL),(413,NULL,1,'KI270726.1',0,43739,'SO:0000738',NULL,NULL),(414,'CHR_HSCHR12_4_CTG2_1',1,'CHR_HSCHR12_4_CTG2_1',1,133281351,'SO:0000738',NULL,NULL),(415,'CHR_HSCHR16_3_CTG1',1,'CHR_HSCHR16_3_CTG1',1,90340304,'SO:0000738',NULL,NULL),(416,'CHR_HSCHR8_9_CTG1',1,'CHR_HSCHR8_9_CTG1',1,144983589,'SO:0000738',NULL,NULL),(417,'CHR_HSCHR9_1_CTG5',1,'CHR_HSCHR9_1_CTG5',1,138404305,'SO:0000738',NULL,NULL),(418,'CHR_HSCHR13_1_CTG1',1,'CHR_HSCHR13_1_CTG1',1,114348172,'SO:0000738',NULL,NULL),(419,NULL,1,'KI270728.1',0,1872759,'SO:0000738',NULL,NULL),(420,'CHR_HSCHR1_2_CTG32_1',1,'CHR_HSCHR1_2_CTG32_1',1,248962488,'SO:0000738',NULL,NULL),(421,'CHR_HSCHR4_6_CTG12',1,'CHR_HSCHR4_6_CTG12',1,190218533,'SO:0000738',NULL,NULL),(422,'CHR_HSCHR8_6_CTG7',1,'CHR_HSCHR8_6_CTG7',1,145141837,'SO:0000738',NULL,NULL),(423,'CHR_HSCHR2_5_CTG7_2',1,'CHR_HSCHR2_5_CTG7_2',1,242199685,'SO:0000738',NULL,NULL),(424,'CHR_HSCHR8_7_CTG1',1,'CHR_HSCHR8_7_CTG1',1,145138198,'SO:0000738',NULL,NULL),(425,'CHR_HSCHR8_4_CTG7',1,'CHR_HSCHR8_4_CTG7',1,145143933,'SO:0000738',NULL,NULL),(426,'Y',1,'CM000686.2',1,57227415,'SO:0000738',NULL,NULL),(427,'CHR_HSCHR5_3_CTG1',1,'CHR_HSCHR5_3_CTG1',1,181542495,'SO:0000738',NULL,NULL),(428,'CHR_HSCHR5_4_CTG1_1',1,'CHR_HSCHR5_4_CTG1_1',1,181546281,'SO:0000738',NULL,NULL),(429,'20',1,'CM000682.2',1,64444167,'SO:0000738',NULL,NULL),(430,'CHR_HSCHR21_8_CTG1_1',1,'CHR_HSCHR21_8_CTG1_1',1,46713185,'SO:0000738',NULL,NULL),(431,'X',1,'CM000685.2',1,156040895,'SO:0000738',NULL,NULL),(432,'13',1,'CM000675.2',1,114364328,'SO:0000738',NULL,NULL),(433,'22',1,'CM000684.2',1,50818468,'SO:0000738',NULL,NULL),(434,'10',1,'CM000672.2',1,133797422,'SO:0000738',NULL,NULL),(435,'6',1,'CM000668.2',1,170805979,'SO:0000738',NULL,NULL),(436,'19',1,'CM000681.2',1,58617616,'SO:0000738',NULL,NULL),(437,'CHR_HSCHR14_7_CTG1',1,'CHR_HSCHR14_7_CTG1',1,107045728,'SO:0000738',NULL,NULL),(438,'14',1,'CM000676.2',1,107043718,'SO:0000738',NULL,NULL),(439,'18',1,'CM000680.2',1,80373285,'SO:0000738',NULL,NULL),(440,'2',1,'CM000664.2',1,242193529,'SO:0000738',NULL,NULL),(441,'4',1,'CM000666.2',1,190214555,'SO:0000738',NULL,NULL),(442,'21',1,'CM000683.2',1,46709983,'SO:0000738',NULL,NULL),(443,'9',1,'CM000671.2',1,138394717,'SO:0000738',NULL,NULL),(444,'11',1,'CM000673.2',1,135086622,'SO:0000738',NULL,NULL),(445,'17',1,'CM000679.2',1,83257441,'SO:0000738',NULL,NULL),(446,'8',1,'CM000670.2',1,145138636,'SO:0000738',NULL,NULL),(447,'7',1,'CM000669.2',1,159345973,'SO:0000738',NULL,NULL),(448,'15',1,'CM000677.2',1,101991189,'SO:0000738',NULL,NULL),(449,'12',1,'CM000674.2',1,133275309,'SO:0000738',NULL,NULL),(450,'1',1,'CM000663.2',1,248956422,'SO:0000738',NULL,NULL),(451,'16',1,'CM000678.2',1,90338345,'SO:0000738',NULL,NULL),(452,'5',1,'CM000667.2',1,181538259,'SO:0000738',NULL,NULL),(453,'3',1,'CM000665.2',1,198295559,'SO:0000738',NULL,NULL),(454,'MT',1,'J01415.2',1,16569,'SO:0000737',NULL,NULL),(455,NULL,1,'KI270727.1',0,448248,'SO:0000738',NULL,NULL),(456,'CHR_HG2095_PATCH',1,'CHR_HG2095_PATCH',1,248959131,'SO:0000738',NULL,NULL),(457,'CHR_HG2058_PATCH',1,'CHR_HG2058_PATCH',1,248956422,'SO:0000738',NULL,NULL),(458,'CHR_HG986_PATCH',1,'CHR_HG986_PATCH',1,248956639,'SO:0000738',NULL,NULL),(459,'CHR_HG2104_PATCH',1,'CHR_HG2104_PATCH',1,248958259,'SO:0000738',NULL,NULL),(460,'CHR_HG1832_PATCH',1,'CHR_HG1832_PATCH',1,248959779,'SO:0000738',NULL,NULL),(461,'CHR_HG2232_PATCH',1,'CHR_HG2232_PATCH',1,242193529,'SO:0000738',NULL,NULL),(462,'CHR_HG2233_PATCH',1,'CHR_HG2233_PATCH',1,242193535,'SO:0000738',NULL,NULL),(463,'CHR_HG2066_PATCH',1,'CHR_HG2066_PATCH',1,198295555,'SO:0000738',NULL,NULL),(464,'CHR_HG126_PATCH',1,'CHR_HG126_PATCH',1,198295908,'SO:0000738',NULL,NULL),(465,'CHR_HG2022_PATCH',1,'CHR_HG2022_PATCH',1,198295941,'SO:0000738',NULL,NULL),(466,'CHR_HSCHR5_7_CTG1',1,'CHR_HSCHR5_7_CTG1',1,181544732,'SO:0000738',NULL,NULL),(467,'CHR_HG2128_PATCH',1,'CHR_HG2128_PATCH',1,170811684,'SO:0000738',NULL,NULL),(468,'CHR_HG2030_PATCH',1,'CHR_HG2030_PATCH',1,138394865,'SO:0000738',NULL,NULL),(469,'CHR_HG2244_HG2245_PATCH',1,'CHR_HG2244_HG2245_PATCH',1,133797425,'SO:0000738',NULL,NULL),(470,'CHR_HG2191_PATCH',1,'CHR_HG2191_PATCH',1,133799479,'SO:0000738',NULL,NULL),(471,'CHR_HG2242_HG2243_PATCH',1,'CHR_HG2242_HG2243_PATCH',1,133797297,'SO:0000738',NULL,NULL),(472,'CHR_HG2241_PATCH',1,'CHR_HG2241_PATCH',1,133792722,'SO:0000738',NULL,NULL),(473,'CHR_HSCHR11_1_CTG1_2',1,'CHR_HSCHR11_1_CTG1_2',1,135096748,'SO:0000738',NULL,NULL),(474,'CHR_HG2217_PATCH',1,'CHR_HG2217_PATCH',1,135086621,'SO:0000738',NULL,NULL),(475,'CHR_HG1362_PATCH',1,'CHR_HG1362_PATCH',1,133275314,'SO:0000738',NULL,NULL),(476,'CHR_HG23_PATCH',1,'CHR_HG23_PATCH',1,133275184,'SO:0000738',NULL,NULL),(477,'CHR_HG2247_PATCH',1,'CHR_HG2247_PATCH',1,133274000,'SO:0000738',NULL,NULL),(478,'CHR_HG2291_PATCH',1,'CHR_HG2291_PATCH',1,114534236,'SO:0000738',NULL,NULL),(479,'CHR_HG2216_PATCH',1,'CHR_HG2216_PATCH',1,114376428,'SO:0000738',NULL,NULL),(480,'CHR_HG2249_PATCH',1,'CHR_HG2249_PATCH',1,114364211,'SO:0000738',NULL,NULL),(481,'CHR_HG2288_HG2289_PATCH',1,'CHR_HG2288_HG2289_PATCH',1,114360394,'SO:0000738',NULL,NULL),(482,'CHR_HG2021_PATCH',1,'CHR_HG2021_PATCH',1,58632883,'SO:0000738',NULL,NULL),(483,'CHR_HSCHR22_4_CTG1',1,'CHR_HSCHR22_4_CTG1',1,50806321,'SO:0000738',NULL,NULL),(484,'CHR_HSCHR22_5_CTG1',1,'CHR_HSCHR22_5_CTG1',1,50832153,'SO:0000738',NULL,NULL),(485,'CHR_HG2062_PATCH',1,'CHR_HG2062_PATCH',1,57262172,'SO:0000738',NULL,NULL),(486,'CHR_HG1342_HG2282_PATCH',1,'CHR_HG1342_HG2282_PATCH',1,248929249,'SO:0000738',NULL,NULL),(487,'CHR_HG2290_PATCH',1,'CHR_HG2290_PATCH',1,242235269,'SO:0000738',NULL,NULL),(488,'CHR_HG2235_PATCH',1,'CHR_HG2235_PATCH',1,198295655,'SO:0000738',NULL,NULL),(489,'CHR_HG2237_PATCH',1,'CHR_HG2237_PATCH',1,198290329,'SO:0000738',NULL,NULL),(490,'CHR_HG1651_PATCH',1,'CHR_HG1651_PATCH',1,170779650,'SO:0000738',NULL,NULL),(491,'CHR_HG2239_PATCH',1,'CHR_HG2239_PATCH',1,159345319,'SO:0000738',NULL,NULL),(492,'CHR_HSCHR15_6_CTG8',1,'CHR_HSCHR15_6_CTG8',1,101521929,'SO:0000738',NULL,NULL),(493,'CHR_HSCHR16_3_CTG3_1',1,'CHR_HSCHR16_3_CTG3_1',1,90346170,'SO:0000738',NULL,NULL),(494,'CHR_HSCHR1_4_CTG3',1,'CHR_HSCHR1_4_CTG3',1,248963886,'SO:0000738',NULL,NULL),(495,'CHR_HSCHR1_3_CTG3',1,'CHR_HSCHR1_3_CTG3',1,248961700,'SO:0000738',NULL,NULL),(496,'CHR_HSCHR1_5_CTG32_1',1,'CHR_HSCHR1_5_CTG32_1',1,248960213,'SO:0000738',NULL,NULL),(497,'CHR_HSCHR4_2_CTG4',1,'CHR_HSCHR4_2_CTG4',1,190217898,'SO:0000738',NULL,NULL),(498,'CHR_HSCHR4_8_CTG12',1,'CHR_HSCHR4_8_CTG12',1,190218480,'SO:0000738',NULL,NULL),(499,'CHR_HSCHR4_9_CTG12',1,'CHR_HSCHR4_9_CTG12',1,190219005,'SO:0000738',NULL,NULL),(500,'CHR_HSCHR6_1_CTG10',1,'CHR_HSCHR6_1_CTG10',1,170810830,'SO:0000738',NULL,NULL),(501,'CHR_HG2072_PATCH',1,'CHR_HG2072_PATCH',1,170816182,'SO:0000738',NULL,NULL),(502,'CHR_HSCHR9_1_CTG6',1,'CHR_HSCHR9_1_CTG6',1,138399532,'SO:0000738',NULL,NULL),(503,'CHR_HSCHR9_1_CTG7',1,'CHR_HSCHR9_1_CTG7',1,138399111,'SO:0000738',NULL,NULL),(504,'CHR_HSCHR10_1_CTG6',1,'CHR_HSCHR10_1_CTG6',1,133801239,'SO:0000738',NULL,NULL),(505,'CHR_HG2334_PATCH',1,'CHR_HG2334_PATCH',1,133797389,'SO:0000738',NULL,NULL),(506,'CHR_HG2116_PATCH',1,'CHR_HG2116_PATCH',1,135090698,'SO:0000738',NULL,NULL),(507,'CHR_HSCHR12_2_CTG1',1,'CHR_HSCHR12_2_CTG1',1,133282237,'SO:0000738',NULL,NULL),(508,'CHR_HSCHR13_1_CTG7',1,'CHR_HSCHR13_1_CTG7',1,114374491,'SO:0000738',NULL,NULL),(509,'CHR_HSCHR13_1_CTG8',1,'CHR_HSCHR13_1_CTG8',1,114368996,'SO:0000738',NULL,NULL),(510,'CHR_HSCHR16_5_CTG1',1,'CHR_HSCHR16_5_CTG1',1,90344275,'SO:0000738',NULL,NULL),(511,'CHR_HSCHR16_4_CTG3_1',1,'CHR_HSCHR16_4_CTG3_1',1,90343133,'SO:0000738',NULL,NULL),(512,'CHR_HSCHR18_5_CTG1_1',1,'CHR_HSCHR18_5_CTG1_1',1,80378965,'SO:0000738',NULL,NULL),(513,'CHR_HG2213_PATCH',1,'CHR_HG2213_PATCH',1,80377536,'SO:0000738',NULL,NULL),(514,'CHR_HG26_PATCH',1,'CHR_HG26_PATCH',1,58617652,'SO:0000738',NULL,NULL),(515,'CHR_HSCHR22_6_CTG1',1,'CHR_HSCHR22_6_CTG1',1,50815919,'SO:0000738',NULL,NULL),(516,'CHR_HSCHR22_7_CTG1',1,'CHR_HSCHR22_7_CTG1',1,50845852,'SO:0000738',NULL,NULL),(517,'CHR_HSCHR1_5_CTG3',1,'CHR_HSCHR1_5_CTG3',1,248926662,'SO:0000738',NULL,NULL),(518,'CHR_HSCHR2_6_CTG7_2',1,'CHR_HSCHR2_6_CTG7_2',1,242198149,'SO:0000738',NULL,NULL),(519,'CHR_HG2023_PATCH',1,'CHR_HG2023_PATCH',1,190147504,'SO:0000738',NULL,NULL),(520,'CHR_HSCHR4_11_CTG12',1,'CHR_HSCHR4_11_CTG12',1,190233769,'SO:0000738',NULL,NULL),(521,'CHR_HG107_PATCH',1,'CHR_HG107_PATCH',1,135088590,'SO:0000738',NULL,NULL),(522,'CHR_HG2063_PATCH',1,'CHR_HG2063_PATCH',1,133275140,'SO:0000738',NULL,NULL),(523,'CHR_HSCHR22_8_CTG1',1,'CHR_HSCHR22_8_CTG1',1,50832130,'SO:0000738',NULL,NULL),(524,'CHR_HG1311_PATCH',1,'CHR_HG1311_PATCH',1,50818486,'SO:0000738',NULL,NULL),(525,'LRG_684',1,'LRG_684',0,36573,'SO:0000738',NULL,NULL),(526,'LRG_685',1,'LRG_685',0,28648,'SO:0000738',NULL,NULL),(527,'LRG_687',1,'LRG_687',0,21170,'SO:0000738',NULL,NULL),(528,'LRG_688',1,'LRG_688',0,70276,'SO:0000738',NULL,NULL),(529,'LRG_689',1,'LRG_689',0,32641,'SO:0000738',NULL,NULL),(530,'LRG_69',1,'LRG_69',0,14184,'SO:0000738',NULL,NULL),(531,'LRG_690',1,'LRG_690',0,31761,'SO:0000738',NULL,NULL),(532,'LRG_691',1,'LRG_691',0,37793,'SO:0000738',NULL,NULL),(533,'LRG_692',1,'LRG_692',0,17594,'SO:0000738',NULL,NULL),(534,'LRG_693',1,'LRG_693',0,50916,'SO:0000738',NULL,NULL),(535,'LRG_695',1,'LRG_695',0,63599,'SO:0000738',NULL,NULL),(536,'LRG_697',1,'LRG_697',0,138692,'SO:0000738',NULL,NULL),(537,'LRG_699',1,'LRG_699',0,193383,'SO:0000738',NULL,NULL),(538,'LRG_7',1,'LRG_7',0,307019,'SO:0000738',NULL,NULL),(539,'LRG_292',1,'LRG_292',0,193689,'SO:0000738',NULL,NULL),(540,'LRG_21',1,'LRG_21',0,99872,'SO:0000738',NULL,NULL),(541,'LRG_700',1,'LRG_700',0,53837,'SO:0000738',NULL,NULL),(542,'LRG_702',1,'LRG_702',0,52925,'SO:0000738',NULL,NULL),(543,'LRG_703',1,'LRG_703',0,82442,'SO:0000738',NULL,NULL),(544,'LRG_71',1,'LRG_71',0,22691,'SO:0000738',NULL,NULL),(545,'LRG_712',1,'LRG_712',0,198425,'SO:0000738',NULL,NULL),(546,'LRG_713',1,'LRG_713',0,131091,'SO:0000738',NULL,NULL),(547,'LRG_714',1,'LRG_714',0,101027,'SO:0000738',NULL,NULL),(548,'LRG_715',1,'LRG_715',0,9169,'SO:0000738',NULL,NULL),(549,'LRG_717',1,'LRG_717',0,15141,'SO:0000738',NULL,NULL),(550,'LRG_683',1,'LRG_683',0,44767,'SO:0000738',NULL,NULL),(551,'LRG_682',1,'LRG_682',0,10123,'SO:0000738',NULL,NULL),(552,'LRG_680',1,'LRG_680',0,15065,'SO:0000738',NULL,NULL),(553,'LRG_676',1,'LRG_676',0,35072,'SO:0000738',NULL,NULL),(554,'LRG_675',1,'LRG_675',0,25468,'SO:0000738',NULL,NULL),(555,'LRG_674',1,'LRG_674',0,22298,'SO:0000738',NULL,NULL),(556,'LRG_673',1,'LRG_673',0,25325,'SO:0000738',NULL,NULL),(557,'LRG_672',1,'LRG_672',0,17155,'SO:0000738',NULL,NULL),(558,'LRG_670',1,'LRG_670',0,61513,'SO:0000738',NULL,NULL),(559,'LRG_669',1,'LRG_669',0,32435,'SO:0000738',NULL,NULL),(560,'LRG_666',1,'LRG_666',0,55333,'SO:0000738',NULL,NULL),(561,'LRG_663',1,'LRG_663',0,257188,'SO:0000738',NULL,NULL),(562,'LRG_664',1,'LRG_664',0,83283,'SO:0000738',NULL,NULL),(563,'LRG_665',1,'LRG_665',0,10418,'SO:0000738',NULL,NULL),(564,'LRG_662',1,'LRG_662',0,132982,'SO:0000738',NULL,NULL),(565,'LRG_661',1,'LRG_661',0,14980,'SO:0000738',NULL,NULL),(566,'LRG_66',1,'LRG_66',0,28945,'SO:0000738',NULL,NULL),(567,'LRG_659',1,'LRG_659',0,19871,'SO:0000738',NULL,NULL),(568,'LRG_657',1,'LRG_657',0,23675,'SO:0000738',NULL,NULL),(569,'LRG_656',1,'LRG_656',0,68913,'SO:0000738',NULL,NULL),(570,'LRG_655',1,'LRG_655',0,21740,'SO:0000738',NULL,NULL),(571,'LRG_653',1,'LRG_653',0,21795,'SO:0000738',NULL,NULL),(572,'LRG_652',1,'LRG_652',0,16310,'SO:0000738',NULL,NULL),(573,'LRG_650',1,'LRG_650',0,54132,'SO:0000738',NULL,NULL),(574,'LRG_65',1,'LRG_65',0,31798,'SO:0000738',NULL,NULL),(575,'LRG_643',1,'LRG_643',0,120229,'SO:0000738',NULL,NULL),(576,'LRG_642',1,'LRG_642',0,17941,'SO:0000738',NULL,NULL),(577,'LRG_640',1,'LRG_640',0,10297,'SO:0000738',NULL,NULL),(578,'LRG_64',1,'LRG_64',0,10313,'SO:0000738',NULL,NULL),(579,'LRG_631',1,'LRG_631',0,11677,'SO:0000738',NULL,NULL),(580,'LRG_630',1,'LRG_630',0,87976,'SO:0000738',NULL,NULL),(581,'LRG_63',1,'LRG_63',0,19116,'SO:0000738',NULL,NULL),(582,'LRG_629',1,'LRG_629',0,62481,'SO:0000738',NULL,NULL),(583,'LRG_628',1,'LRG_628',0,82390,'SO:0000738',NULL,NULL),(584,'LRG_627',1,'LRG_627',0,133084,'SO:0000738',NULL,NULL),(585,'LRG_626',1,'LRG_626',0,140929,'SO:0000738',NULL,NULL),(586,'LRG_625',1,'LRG_625',0,83452,'SO:0000738',NULL,NULL),(587,'LRG_624',1,'LRG_624',0,52264,'SO:0000738',NULL,NULL),(588,'LRG_623',1,'LRG_623',0,27667,'SO:0000738',NULL,NULL),(589,'LRG_622',1,'LRG_622',0,31937,'SO:0000738',NULL,NULL),(590,'LRG_621',1,'LRG_621',0,52676,'SO:0000738',NULL,NULL),(591,'LRG_620',1,'LRG_620',0,54532,'SO:0000738',NULL,NULL),(592,'LRG_335',1,'LRG_335',0,52794,'SO:0000738',NULL,NULL),(593,'LRG_619',1,'LRG_619',0,10300,'SO:0000738',NULL,NULL),(594,'LRG_618',1,'LRG_618',0,39810,'SO:0000738',NULL,NULL),(595,'LRG_617',1,'LRG_617',0,21241,'SO:0000738',NULL,NULL),(596,'LRG_616',1,'LRG_616',0,246425,'SO:0000738',NULL,NULL),(597,'LRG_615',1,'LRG_615',0,21623,'SO:0000738',NULL,NULL),(598,'LRG_614',1,'LRG_614',0,98182,'SO:0000738',NULL,NULL),(599,'LRG_613',1,'LRG_613',0,97335,'SO:0000738',NULL,NULL),(600,'LRG_612',1,'LRG_612',0,149939,'SO:0000738',NULL,NULL),(601,'LRG_611',1,'LRG_611',0,25499,'SO:0000738',NULL,NULL),(602,'LRG_610',1,'LRG_610',0,36846,'SO:0000738',NULL,NULL),(603,'LRG_61',1,'LRG_61',0,21217,'SO:0000738',NULL,NULL),(604,'LRG_609',1,'LRG_609',0,252549,'SO:0000738',NULL,NULL),(605,'LRG_608',1,'LRG_608',0,108870,'SO:0000738',NULL,NULL),(606,'LRG_607',1,'LRG_607',0,10884,'SO:0000738',NULL,NULL),(607,'LRG_605',1,'LRG_605',0,115585,'SO:0000738',NULL,NULL),(608,'LRG_601',1,'LRG_601',0,25019,'SO:0000738',NULL,NULL),(609,'LRG_600',1,'LRG_600',0,9198,'SO:0000738',NULL,NULL),(610,'LRG_60',1,'LRG_60',0,15865,'SO:0000738',NULL,NULL),(611,'LRG_599',1,'LRG_599',0,17827,'SO:0000738',NULL,NULL),(612,'LRG_6',1,'LRG_6',0,34834,'SO:0000738',NULL,NULL),(613,'LRG_597',1,'LRG_597',0,19169,'SO:0000738',NULL,NULL),(614,'LRG_593',1,'LRG_593',0,13398,'SO:0000738',NULL,NULL),(615,'LRG_590',1,'LRG_590',0,47441,'SO:0000738',NULL,NULL),(616,'LRG_59',1,'LRG_59',0,16787,'SO:0000738',NULL,NULL),(617,'LRG_589',1,'LRG_589',0,46757,'SO:0000738',NULL,NULL),(618,'LRG_588',1,'LRG_588',0,147234,'SO:0000738',NULL,NULL),(619,'LRG_583',1,'LRG_583',0,30718,'SO:0000738',NULL,NULL),(620,'LRG_586',1,'LRG_586',0,50505,'SO:0000738',NULL,NULL),(621,'LRG_581',1,'LRG_581',0,14401,'SO:0000738',NULL,NULL),(622,'LRG_58',1,'LRG_58',0,14829,'SO:0000738',NULL,NULL),(623,'LRG_579',1,'LRG_579',0,248944,'SO:0000738',NULL,NULL),(624,'LRG_578',1,'LRG_578',0,19328,'SO:0000738',NULL,NULL),(625,'LRG_577',1,'LRG_577',0,20575,'SO:0000738',NULL,NULL),(626,'LRG_574',1,'LRG_574',0,16823,'SO:0000738',NULL,NULL),(627,'LRG_572',1,'LRG_572',0,108054,'SO:0000738',NULL,NULL),(628,'LRG_571',1,'LRG_571',0,58862,'SO:0000738',NULL,NULL),(629,'LRG_570',1,'LRG_570',0,39959,'SO:0000738',NULL,NULL),(630,'LRG_57',1,'LRG_57',0,10956,'SO:0000738',NULL,NULL),(631,'LRG_569',1,'LRG_569',0,54169,'SO:0000738',NULL,NULL),(632,'LRG_568',1,'LRG_568',0,37022,'SO:0000738',NULL,NULL),(633,'LRG_567',1,'LRG_567',0,113742,'SO:0000738',NULL,NULL),(634,'LRG_566',1,'LRG_566',0,46986,'SO:0000738',NULL,NULL),(635,'LRG_564',1,'LRG_564',0,9647,'SO:0000738',NULL,NULL),(636,'LRG_561',1,'LRG_561',0,11060,'SO:0000738',NULL,NULL),(637,'LRG_560',1,'LRG_560',0,31560,'SO:0000738',NULL,NULL),(638,'LRG_56',1,'LRG_56',0,53972,'SO:0000738',NULL,NULL),(639,'LRG_559',1,'LRG_559',0,14738,'SO:0000738',NULL,NULL),(640,'LRG_558',1,'LRG_558',0,15107,'SO:0000738',NULL,NULL),(641,'LRG_557',1,'LRG_557',0,14618,'SO:0000738',NULL,NULL),(642,'LRG_556',1,'LRG_556',0,39723,'SO:0000738',NULL,NULL),(643,'LRG_554',1,'LRG_554',0,21891,'SO:0000738',NULL,NULL),(644,'LRG_553',1,'LRG_553',0,81578,'SO:0000738',NULL,NULL),(645,'LRG_551',1,'LRG_551',0,27314,'SO:0000738',NULL,NULL),(646,'LRG_550',1,'LRG_550',0,35077,'SO:0000738',NULL,NULL),(647,'LRG_55',1,'LRG_55',0,21934,'SO:0000738',NULL,NULL),(648,'LRG_546',1,'LRG_546',0,10056,'SO:0000738',NULL,NULL),(649,'LRG_544',1,'LRG_544',0,52048,'SO:0000738',NULL,NULL),(650,'LRG_541',1,'LRG_541',0,21429,'SO:0000738',NULL,NULL),(651,'LRG_540',1,'LRG_540',0,312852,'SO:0000738',NULL,NULL),(652,'LRG_54',1,'LRG_54',0,54225,'SO:0000738',NULL,NULL),(653,'LRG_538',1,'LRG_538',0,14864,'SO:0000738',NULL,NULL),(654,'LRG_537',1,'LRG_537',0,12901,'SO:0000738',NULL,NULL),(655,'LRG_536',1,'LRG_536',0,198979,'SO:0000738',NULL,NULL),(656,'LRG_535',1,'LRG_535',0,120475,'SO:0000738',NULL,NULL),(657,'LRG_534',1,'LRG_534',0,389386,'SO:0000738',NULL,NULL),(658,'LRG_533',1,'LRG_533',0,9548,'SO:0000738',NULL,NULL),(659,'LRG_532',1,'LRG_532',0,37535,'SO:0000738',NULL,NULL),(660,'LRG_531',1,'LRG_531',0,83978,'SO:0000738',NULL,NULL),(661,'LRG_530',1,'LRG_530',0,103336,'SO:0000738',NULL,NULL),(662,'LRG_415',1,'LRG_415',0,44382,'SO:0000738',NULL,NULL),(663,'LRG_528',1,'LRG_528',0,22806,'SO:0000738',NULL,NULL),(664,'LRG_529',1,'LRG_529',0,15986,'SO:0000738',NULL,NULL),(665,'LRG_527',1,'LRG_527',0,10309,'SO:0000738',NULL,NULL),(666,'LRG_526',1,'LRG_526',0,49233,'SO:0000738',NULL,NULL),(667,'LRG_525',1,'LRG_525',0,54763,'SO:0000738',NULL,NULL),(668,'LRG_524',1,'LRG_524',0,147500,'SO:0000738',NULL,NULL),(669,'LRG_523',1,'LRG_523',0,197778,'SO:0000738',NULL,NULL),(670,'LRG_522',1,'LRG_522',0,30767,'SO:0000738',NULL,NULL),(671,'LRG_521',1,'LRG_521',0,136496,'SO:0000738',NULL,NULL),(672,'LRG_520',1,'LRG_520',0,54556,'SO:0000738',NULL,NULL),(673,'LRG_52',1,'LRG_52',0,14761,'SO:0000738',NULL,NULL),(674,'LRG_519',1,'LRG_519',0,23643,'SO:0000738',NULL,NULL),(675,'LRG_518',1,'LRG_518',0,60283,'SO:0000738',NULL,NULL),(676,'LRG_517',1,'LRG_517',0,185144,'SO:0000738',NULL,NULL),(677,'LRG_516',1,'LRG_516',0,27078,'SO:0000738',NULL,NULL),(678,'LRG_515',1,'LRG_515',0,80984,'SO:0000738',NULL,NULL),(679,'LRG_514',1,'LRG_514',0,144694,'SO:0000738',NULL,NULL),(680,'LRG_513',1,'LRG_513',0,11889,'SO:0000738',NULL,NULL),(681,'LRG_512',1,'LRG_512',0,174135,'SO:0000738',NULL,NULL),(682,'LRG_511',1,'LRG_511',0,102045,'SO:0000738',NULL,NULL),(683,'LRG_510',1,'LRG_510',0,23661,'SO:0000738',NULL,NULL),(684,'LRG_51',1,'LRG_51',0,10807,'SO:0000738',NULL,NULL),(685,'LRG_509',1,'LRG_509',0,14781,'SO:0000738',NULL,NULL),(686,'LRG_507',1,'LRG_507',0,139858,'SO:0000738',NULL,NULL),(687,'LRG_505',1,'LRG_505',0,456894,'SO:0000738',NULL,NULL),(688,'LRG_504',1,'LRG_504',0,29152,'SO:0000738',NULL,NULL),(689,'LRG_502',1,'LRG_502',0,71955,'SO:0000738',NULL,NULL),(690,'LRG_503',1,'LRG_503',0,37404,'SO:0000738',NULL,NULL),(691,'LRG_501',1,'LRG_501',0,89137,'SO:0000738',NULL,NULL),(692,'LRG_500',1,'LRG_500',0,80169,'SO:0000738',NULL,NULL),(693,'LRG_50',1,'LRG_50',0,51182,'SO:0000738',NULL,NULL),(694,'LRG_5',1,'LRG_5',0,27750,'SO:0000738',NULL,NULL),(695,'LRG_499',1,'LRG_499',0,13179,'SO:0000738',NULL,NULL),(696,'LRG_497',1,'LRG_497',0,225656,'SO:0000738',NULL,NULL),(697,'LRG_498',1,'LRG_498',0,21744,'SO:0000738',NULL,NULL),(698,'LRG_496',1,'LRG_496',0,36656,'SO:0000738',NULL,NULL),(699,'LRG_495',1,'LRG_495',0,86107,'SO:0000738',NULL,NULL),(700,'LRG_494',1,'LRG_494',0,156882,'SO:0000738',NULL,NULL),(701,'LRG_493',1,'LRG_493',0,324330,'SO:0000738',NULL,NULL),(702,'LRG_492',1,'LRG_492',0,78195,'SO:0000738',NULL,NULL),(703,'LRG_491',1,'LRG_491',0,66886,'SO:0000738',NULL,NULL),(704,'LRG_490',1,'LRG_490',0,11162,'SO:0000738',NULL,NULL),(705,'LRG_49',1,'LRG_49',0,54786,'SO:0000738',NULL,NULL),(706,'LRG_489',1,'LRG_489',0,67128,'SO:0000738',NULL,NULL),(707,'LRG_488',1,'LRG_488',0,735793,'SO:0000738',NULL,NULL),(708,'LRG_487',1,'LRG_487',0,46814,'SO:0000738',NULL,NULL),(709,'LRG_486',1,'LRG_486',0,60286,'SO:0000738',NULL,NULL),(710,'LRG_485',1,'LRG_485',0,9429,'SO:0000738',NULL,NULL),(711,'LRG_484',1,'LRG_484',0,44610,'SO:0000738',NULL,NULL),(712,'LRG_483',1,'LRG_483',0,82590,'SO:0000738',NULL,NULL),(713,'LRG_42',1,'LRG_42',0,11250,'SO:0000738',NULL,NULL),(714,'LRG_481',1,'LRG_481',0,97451,'SO:0000738',NULL,NULL),(715,'LRG_48',1,'LRG_48',0,68290,'SO:0000738',NULL,NULL),(716,'LRG_479',1,'LRG_479',0,24324,'SO:0000738',NULL,NULL),(717,'LRG_478',1,'LRG_478',0,8232,'SO:0000738',NULL,NULL),(718,'LRG_477',1,'LRG_477',0,8609,'SO:0000738',NULL,NULL),(719,'LRG_476',1,'LRG_476',0,41731,'SO:0000738',NULL,NULL),(720,'LRG_475',1,'LRG_475',0,30301,'SO:0000738',NULL,NULL),(721,'LRG_474',1,'LRG_474',0,50150,'SO:0000738',NULL,NULL),(722,'LRG_473',1,'LRG_473',0,97196,'SO:0000738',NULL,NULL),(723,'LRG_472',1,'LRG_472',0,40526,'SO:0000738',NULL,NULL),(724,'LRG_471',1,'LRG_471',0,29501,'SO:0000738',NULL,NULL),(725,'LRG_470',1,'LRG_470',0,51383,'SO:0000738',NULL,NULL),(726,'LRG_47',1,'LRG_47',0,102494,'SO:0000738',NULL,NULL),(727,'LRG_469',1,'LRG_469',0,37998,'SO:0000738',NULL,NULL),(728,'LRG_467',1,'LRG_467',0,31277,'SO:0000738',NULL,NULL),(729,'LRG_466',1,'LRG_466',0,78247,'SO:0000738',NULL,NULL),(730,'LRG_465',1,'LRG_465',0,89657,'SO:0000738',NULL,NULL),(731,'LRG_464',1,'LRG_464',0,37172,'SO:0000738',NULL,NULL),(732,'LRG_463',1,'LRG_463',0,39192,'SO:0000738',NULL,NULL),(733,'LRG_462',1,'LRG_462',0,43887,'SO:0000738',NULL,NULL),(734,'LRG_461',1,'LRG_461',0,26197,'SO:0000738',NULL,NULL),(735,'LRG_460',1,'LRG_460',0,15075,'SO:0000738',NULL,NULL),(736,'LRG_46',1,'LRG_46',0,10960,'SO:0000738',NULL,NULL),(737,'LRG_459',1,'LRG_459',0,121736,'SO:0000738',NULL,NULL),(738,'LRG_458',1,'LRG_458',0,30181,'SO:0000738',NULL,NULL),(739,'LRG_457',1,'LRG_457',0,104953,'SO:0000738',NULL,NULL),(740,'LRG_456',1,'LRG_456',0,9591,'SO:0000738',NULL,NULL),(741,'LRG_454',1,'LRG_454',0,23219,'SO:0000738',NULL,NULL),(742,'LRG_452',1,'LRG_452',0,9184,'SO:0000738',NULL,NULL),(743,'LRG_451',1,'LRG_451',0,56378,'SO:0000738',NULL,NULL),(744,'LRG_450',1,'LRG_450',0,10118,'SO:0000738',NULL,NULL),(745,'LRG_45',1,'LRG_45',0,8960,'SO:0000738',NULL,NULL),(746,'LRG_448',1,'LRG_448',0,19316,'SO:0000738',NULL,NULL),(747,'LRG_447',1,'LRG_447',0,27937,'SO:0000738',NULL,NULL),(748,'LRG_446',1,'LRG_446',0,13417,'SO:0000738',NULL,NULL),(749,'LRG_445',1,'LRG_445',0,225494,'SO:0000738',NULL,NULL),(750,'LRG_443',1,'LRG_443',0,41807,'SO:0000738',NULL,NULL),(751,'LRG_442',1,'LRG_442',0,62381,'SO:0000738',NULL,NULL),(752,'LRG_440',1,'LRG_440',0,35543,'SO:0000738',NULL,NULL),(753,'LRG_44',1,'LRG_44',0,30792,'SO:0000738',NULL,NULL),(754,'LRG_439',1,'LRG_439',0,19715,'SO:0000738',NULL,NULL),(755,'LRG_437',1,'LRG_437',0,504272,'SO:0000738',NULL,NULL),(756,'LRG_435',1,'LRG_435',0,25741,'SO:0000738',NULL,NULL),(757,'LRG_434',1,'LRG_434',0,89989,'SO:0000738',NULL,NULL),(758,'LRG_432',1,'LRG_432',0,12966,'SO:0000738',NULL,NULL),(759,'LRG_43',1,'LRG_43',0,10607,'SO:0000738',NULL,NULL),(760,'LRG_429',1,'LRG_429',0,9852,'SO:0000738',NULL,NULL),(761,'LRG_426',1,'LRG_426',0,160302,'SO:0000738',NULL,NULL),(762,'LRG_424',1,'LRG_424',0,87628,'SO:0000738',NULL,NULL),(763,'LRG_423',1,'LRG_423',0,52077,'SO:0000738',NULL,NULL),(764,'LRG_422',1,'LRG_422',0,156148,'SO:0000738',NULL,NULL),(765,'LRG_421',1,'LRG_421',0,32421,'SO:0000738',NULL,NULL),(766,'LRG_433',1,'LRG_433',0,153695,'SO:0000738',NULL,NULL),(767,'LRG_419',1,'LRG_419',0,69205,'SO:0000738',NULL,NULL),(768,'LRG_417',1,'LRG_417',0,73320,'SO:0000738',NULL,NULL),(769,'LRG_416',1,'LRG_416',0,14258,'SO:0000738',NULL,NULL),(770,'LRG_482',1,'LRG_482',0,1203911,'SO:0000738',NULL,NULL),(771,'LRG_444',1,'LRG_444',0,14138,'SO:0000738',NULL,NULL),(772,'LRG_414',1,'LRG_414',0,28877,'SO:0000738',NULL,NULL),(773,'LRG_413',1,'LRG_413',0,87571,'SO:0000738',NULL,NULL),(774,'LRG_411',1,'LRG_411',0,401215,'SO:0000738',NULL,NULL),(775,'LRG_410',1,'LRG_410',0,112901,'SO:0000738',NULL,NULL),(776,'LRG_41',1,'LRG_41',0,40469,'SO:0000738',NULL,NULL),(777,'LRG_408',1,'LRG_408',0,13954,'SO:0000738',NULL,NULL),(778,'LRG_406',1,'LRG_406',0,30919,'SO:0000738',NULL,NULL),(779,'LRG_405',1,'LRG_405',0,158604,'SO:0000738',NULL,NULL),(780,'LRG_409',1,'LRG_409',0,643376,'SO:0000738',NULL,NULL),(781,'LRG_404',1,'LRG_404',0,75803,'SO:0000738',NULL,NULL),(782,'LRG_403',1,'LRG_403',0,13037,'SO:0000738',NULL,NULL),(783,'LRG_400',1,'LRG_400',0,43450,'SO:0000738',NULL,NULL),(784,'LRG_401',1,'LRG_401',0,174273,'SO:0000738',NULL,NULL),(785,'LRG_40',1,'LRG_40',0,18479,'SO:0000738',NULL,NULL),(786,'LRG_4',1,'LRG_4',0,40816,'SO:0000738',NULL,NULL),(787,'LRG_399',1,'LRG_399',0,30651,'SO:0000738',NULL,NULL),(788,'LRG_398',1,'LRG_398',0,113101,'SO:0000738',NULL,NULL),(789,'LRG_397',1,'LRG_397',0,57767,'SO:0000738',NULL,NULL),(790,'LRG_396',1,'LRG_396',0,59006,'SO:0000738',NULL,NULL),(791,'LRG_395',1,'LRG_395',0,31303,'SO:0000738',NULL,NULL),(792,'LRG_394',1,'LRG_394',0,82882,'SO:0000738',NULL,NULL),(793,'LRG_393',1,'LRG_393',0,16733,'SO:0000738',NULL,NULL),(794,'LRG_392',1,'LRG_392',0,22323,'SO:0000738',NULL,NULL),(795,'LRG_391',1,'LRG_391',0,311814,'SO:0000738',NULL,NULL),(796,'LRG_390',1,'LRG_390',0,19146,'SO:0000738',NULL,NULL),(797,'LRG_39',1,'LRG_39',0,16439,'SO:0000738',NULL,NULL),(798,'LRG_389',1,'LRG_389',0,33288,'SO:0000738',NULL,NULL),(799,'LRG_388',1,'LRG_388',0,14631,'SO:0000738',NULL,NULL),(800,'LRG_386',1,'LRG_386',0,28297,'SO:0000738',NULL,NULL),(801,'LRG_385',1,'LRG_385',0,74505,'SO:0000738',NULL,NULL),(802,'LRG_384',1,'LRG_384',0,29924,'SO:0000738',NULL,NULL),(803,'LRG_383',1,'LRG_383',0,129047,'SO:0000738',NULL,NULL),(804,'LRG_382',1,'LRG_382',0,202073,'SO:0000738',NULL,NULL),(805,'LRG_380',1,'LRG_380',0,15363,'SO:0000738',NULL,NULL),(806,'LRG_38',1,'LRG_38',0,18596,'SO:0000738',NULL,NULL),(807,'LRG_379',1,'LRG_379',0,16176,'SO:0000738',NULL,NULL),(808,'LRG_378',1,'LRG_378',0,9951,'SO:0000738',NULL,NULL),(809,'LRG_377',1,'LRG_377',0,146306,'SO:0000738',NULL,NULL),(810,'LRG_376',1,'LRG_376',0,226198,'SO:0000738',NULL,NULL),(811,'LRG_375',1,'LRG_375',0,24432,'SO:0000738',NULL,NULL),(812,'LRG_374',1,'LRG_374',0,130326,'SO:0000738',NULL,NULL),(813,'LRG_373',1,'LRG_373',0,59016,'SO:0000738',NULL,NULL),(814,'LRG_372',1,'LRG_372',0,57321,'SO:0000738',NULL,NULL),(815,'LRG_371',1,'LRG_371',0,117771,'SO:0000738',NULL,NULL),(816,'LRG_37',1,'LRG_37',0,10671,'SO:0000738',NULL,NULL),(817,'LRG_369',1,'LRG_369',0,187803,'SO:0000738',NULL,NULL),(818,'LRG_368',1,'LRG_368',0,25702,'SO:0000738',NULL,NULL),(819,'LRG_367',1,'LRG_367',0,113441,'SO:0000738',NULL,NULL),(820,'LRG_366',1,'LRG_366',0,26964,'SO:0000738',NULL,NULL),(821,'LRG_365',1,'LRG_365',0,138883,'SO:0000738',NULL,NULL),(822,'LRG_364',1,'LRG_364',0,85292,'SO:0000738',NULL,NULL),(823,'LRG_363',1,'LRG_363',0,150972,'SO:0000738',NULL,NULL),(824,'LRG_362',1,'LRG_362',0,104941,'SO:0000738',NULL,NULL),(825,'LRG_361',1,'LRG_361',0,23220,'SO:0000738',NULL,NULL),(826,'LRG_360',1,'LRG_360',0,106987,'SO:0000738',NULL,NULL),(827,'LRG_36',1,'LRG_36',0,94971,'SO:0000738',NULL,NULL),(828,'LRG_359',1,'LRG_359',0,44116,'SO:0000738',NULL,NULL),(829,'LRG_778',1,'LRG_778',0,244483,'SO:0000738',NULL,NULL),(830,'LRG_357',1,'LRG_357',0,13834,'SO:0000738',NULL,NULL),(831,'LRG_356',1,'LRG_356',0,14815,'SO:0000738',NULL,NULL),(832,'LRG_351',1,'LRG_351',0,871315,'SO:0000738',NULL,NULL),(833,'LRG_352',1,'LRG_352',0,27251,'SO:0000738',NULL,NULL),(834,'LRG_353',1,'LRG_353',0,76205,'SO:0000738',NULL,NULL),(835,'LRG_354',1,'LRG_354',0,155136,'SO:0000738',NULL,NULL),(836,'LRG_355',1,'LRG_355',0,37734,'SO:0000738',NULL,NULL),(837,'LRG_350',1,'LRG_350',0,56813,'SO:0000738',NULL,NULL),(838,'LRG_35',1,'LRG_35',0,14404,'SO:0000738',NULL,NULL),(839,'LRG_349',1,'LRG_349',0,82938,'SO:0000738',NULL,NULL),(840,'LRG_348',1,'LRG_348',0,42596,'SO:0000738',NULL,NULL),(841,'LRG_347',1,'LRG_347',0,7451,'SO:0000738',NULL,NULL),(842,'LRG_346',1,'LRG_346',0,11498,'SO:0000738',NULL,NULL),(843,'LRG_345',1,'LRG_345',0,8446,'SO:0000738',NULL,NULL),(844,'LRG_343',1,'LRG_343',0,48881,'SO:0000738',NULL,NULL),(845,'LRG_341',1,'LRG_341',0,12922,'SO:0000738',NULL,NULL),(846,'LRG_340',1,'LRG_340',0,27239,'SO:0000738',NULL,NULL),(847,'LRG_34',1,'LRG_34',0,61252,'SO:0000738',NULL,NULL),(848,'LRG_338',1,'LRG_338',0,74325,'SO:0000738',NULL,NULL),(849,'LRG_337',1,'LRG_337',0,111668,'SO:0000738',NULL,NULL),(850,'LRG_336',1,'LRG_336',0,208423,'SO:0000738',NULL,NULL),(851,'LRG_334',1,'LRG_334',0,734164,'SO:0000738',NULL,NULL),(852,'LRG_333',1,'LRG_333',0,36618,'SO:0000738',NULL,NULL),(853,'LRG_332',1,'LRG_332',0,42936,'SO:0000738',NULL,NULL),(854,'LRG_331',1,'LRG_331',0,176799,'SO:0000738',NULL,NULL),(855,'LRG_330',1,'LRG_330',0,26539,'SO:0000738',NULL,NULL),(856,'LRG_33',1,'LRG_33',0,53256,'SO:0000738',NULL,NULL),(857,'LRG_329',1,'LRG_329',0,114997,'SO:0000738',NULL,NULL),(858,'LRG_328',1,'LRG_328',0,17510,'SO:0000738',NULL,NULL),(859,'LRG_327',1,'LRG_327',0,577646,'SO:0000738',NULL,NULL),(860,'LRG_326',1,'LRG_326',0,27722,'SO:0000738',NULL,NULL),(861,'LRG_325',1,'LRG_325',0,41540,'SO:0000738',NULL,NULL),(862,'LRG_322',1,'LRG_322',0,17444,'SO:0000738',NULL,NULL),(863,'LRG_321',1,'LRG_321',0,32772,'SO:0000738',NULL,NULL),(864,'LRG_32',1,'LRG_32',0,87279,'SO:0000738',NULL,NULL),(865,'LRG_319',1,'LRG_319',0,46029,'SO:0000738',NULL,NULL),(866,'LRG_318',1,'LRG_318',0,124003,'SO:0000738',NULL,NULL),(867,'LRG_317',1,'LRG_317',0,57376,'SO:0000738',NULL,NULL),(868,'LRG_316',1,'LRG_316',0,42449,'SO:0000738',NULL,NULL),(869,'LRG_314',1,'LRG_314',0,48730,'SO:0000738',NULL,NULL),(870,'LRG_311',1,'LRG_311',0,115492,'SO:0000738',NULL,NULL),(871,'LRG_310',1,'LRG_310',0,98571,'SO:0000738',NULL,NULL),(872,'LRG_31',1,'LRG_31',0,43806,'SO:0000738',NULL,NULL),(873,'LRG_309',1,'LRG_309',0,76149,'SO:0000738',NULL,NULL),(874,'LRG_308',1,'LRG_308',0,45196,'SO:0000738',NULL,NULL),(875,'LRG_307',1,'LRG_307',0,89695,'SO:0000738',NULL,NULL),(876,'LRG_306',1,'LRG_306',0,82502,'SO:0000738',NULL,NULL),(877,'LRG_304',1,'LRG_304',0,244589,'SO:0000738',NULL,NULL),(878,'LRG_301',1,'LRG_301',0,105250,'SO:0000738',NULL,NULL),(879,'LRG_300',1,'LRG_300',0,191374,'SO:0000738',NULL,NULL),(880,'LRG_30',1,'LRG_30',0,80443,'SO:0000738',NULL,NULL),(881,'LRG_3',1,'LRG_3',0,45374,'SO:0000738',NULL,NULL),(882,'LRG_299',1,'LRG_299',0,212438,'SO:0000738',NULL,NULL),(883,'LRG_298',1,'LRG_298',0,175550,'SO:0000738',NULL,NULL),(884,'LRG_296',1,'LRG_296',0,40060,'SO:0000738',NULL,NULL),(885,'LRG_295',1,'LRG_295',0,20766,'SO:0000738',NULL,NULL),(886,'LRG_294',1,'LRG_294',0,30439,'SO:0000738',NULL,NULL),(887,'LRG_293',1,'LRG_293',0,91193,'SO:0000738',NULL,NULL),(888,'LRG_291',1,'LRG_291',0,14118,'SO:0000738',NULL,NULL),(889,'LRG_290',1,'LRG_290',0,71626,'SO:0000738',NULL,NULL),(890,'LRG_29',1,'LRG_29',0,126205,'SO:0000738',NULL,NULL),(891,'LRG_289',1,'LRG_289',0,108611,'SO:0000738',NULL,NULL),(892,'LRG_288',1,'LRG_288',0,39966,'SO:0000738',NULL,NULL),(893,'LRG_287',1,'LRG_287',0,411120,'SO:0000738',NULL,NULL),(894,'LRG_286',1,'LRG_286',0,38180,'SO:0000738',NULL,NULL),(895,'LRG_285',1,'LRG_285',0,30668,'SO:0000738',NULL,NULL),(896,'LRG_284',1,'LRG_284',0,18855,'SO:0000738',NULL,NULL),(897,'LRG_283',1,'LRG_283',0,227995,'SO:0000738',NULL,NULL),(898,'LRG_281',1,'LRG_281',0,67020,'SO:0000738',NULL,NULL),(899,'LRG_280',1,'LRG_280',0,13043,'SO:0000738',NULL,NULL),(900,'LRG_28',1,'LRG_28',0,104942,'SO:0000738',NULL,NULL),(901,'LRG_279',1,'LRG_279',0,67705,'SO:0000738',NULL,NULL),(902,'LRG_278',1,'LRG_278',0,14035,'SO:0000738',NULL,NULL),(903,'LRG_276',1,'LRG_276',0,32302,'SO:0000738',NULL,NULL),(904,'LRG_275',1,'LRG_275',0,32304,'SO:0000738',NULL,NULL),(905,'LRG_274',1,'LRG_274',0,51450,'SO:0000738',NULL,NULL),(906,'LRG_273',1,'LRG_273',0,49794,'SO:0000738',NULL,NULL),(907,'LRG_272',1,'LRG_272',0,91264,'SO:0000738',NULL,NULL),(908,'LRG_271',1,'LRG_271',0,19221,'SO:0000738',NULL,NULL),(909,'LRG_270',1,'LRG_270',0,115069,'SO:0000738',NULL,NULL),(910,'LRG_27',1,'LRG_27',0,49817,'SO:0000738',NULL,NULL),(911,'LRG_269',1,'LRG_269',0,146536,'SO:0000738',NULL,NULL),(912,'LRG_268',1,'LRG_268',0,100546,'SO:0000738',NULL,NULL),(913,'LRG_267',1,'LRG_267',0,522541,'SO:0000738',NULL,NULL),(914,'LRG_266',1,'LRG_266',0,95663,'SO:0000738',NULL,NULL),(915,'LRG_265',1,'LRG_265',0,26601,'SO:0000738',NULL,NULL),(916,'LRG_264',1,'LRG_264',0,29603,'SO:0000738',NULL,NULL),(917,'LRG_263',1,'LRG_263',0,42549,'SO:0000738',NULL,NULL),(918,'LRG_262',1,'LRG_262',0,60918,'SO:0000738',NULL,NULL),(919,'LRG_261',1,'LRG_261',0,73101,'SO:0000738',NULL,NULL),(920,'LRG_260',1,'LRG_260',0,59321,'SO:0000738',NULL,NULL),(921,'LRG_26',1,'LRG_26',0,25184,'SO:0000738',NULL,NULL),(922,'LRG_259',1,'LRG_259',0,12663,'SO:0000738',NULL,NULL),(923,'LRG_258',1,'LRG_258',0,67085,'SO:0000738',NULL,NULL),(924,'LRG_257',1,'LRG_257',0,98326,'SO:0000738',NULL,NULL),(925,'LRG_256',1,'LRG_256',0,12238,'SO:0000738',NULL,NULL),(926,'LRG_255',1,'LRG_255',0,40335,'SO:0000738',NULL,NULL),(927,'LRG_254',1,'LRG_254',0,64515,'SO:0000738',NULL,NULL),(928,'LRG_253',1,'LRG_253',0,46229,'SO:0000738',NULL,NULL),(929,'LRG_252',1,'LRG_252',0,177898,'SO:0000738',NULL,NULL),(930,'LRG_251',1,'LRG_251',0,73809,'SO:0000738',NULL,NULL),(931,'LRG_250',1,'LRG_250',0,43751,'SO:0000738',NULL,NULL),(932,'LRG_25',1,'LRG_25',0,17357,'SO:0000738',NULL,NULL),(933,'LRG_249',1,'LRG_249',0,49342,'SO:0000738',NULL,NULL),(934,'LRG_248',1,'LRG_248',0,8740,'SO:0000738',NULL,NULL),(935,'LRG_246',1,'LRG_246',0,15179,'SO:0000738',NULL,NULL),(936,'LRG_245',1,'LRG_245',0,17004,'SO:0000738',NULL,NULL),(937,'LRG_244',1,'LRG_244',0,174743,'SO:0000738',NULL,NULL),(938,'LRG_243',1,'LRG_243',0,46469,'SO:0000738',NULL,NULL),(939,'LRG_242',1,'LRG_242',0,72233,'SO:0000738',NULL,NULL),(940,'LRG_241',1,'LRG_241',0,141211,'SO:0000738',NULL,NULL),(941,'LRG_240',1,'LRG_240',0,253522,'SO:0000738',NULL,NULL),(942,'LRG_24',1,'LRG_24',0,11486,'SO:0000738',NULL,NULL),(943,'LRG_239',1,'LRG_239',0,114904,'SO:0000738',NULL,NULL),(944,'LRG_238',1,'LRG_238',0,120825,'SO:0000738',NULL,NULL),(945,'LRG_237',1,'LRG_237',0,37933,'SO:0000738',NULL,NULL),(946,'LRG_236',1,'LRG_236',0,81707,'SO:0000738',NULL,NULL),(947,'LRG_235',1,'LRG_235',0,26300,'SO:0000738',NULL,NULL),(948,'LRG_234',1,'LRG_234',0,141659,'SO:0000738',NULL,NULL),(949,'LRG_231',1,'LRG_231',0,168849,'SO:0000738',NULL,NULL),(950,'LRG_230',1,'LRG_230',0,157227,'SO:0000738',NULL,NULL),(951,'LRG_23',1,'LRG_23',0,15348,'SO:0000738',NULL,NULL),(952,'LRG_229',1,'LRG_229',0,141022,'SO:0000738',NULL,NULL),(953,'LRG_228',1,'LRG_228',0,11240,'SO:0000738',NULL,NULL),(954,'LRG_227',1,'LRG_227',0,39138,'SO:0000738',NULL,NULL),(955,'LRG_226',1,'LRG_226',0,33891,'SO:0000738',NULL,NULL),(956,'LRG_221',1,'LRG_221',0,100545,'SO:0000738',NULL,NULL),(957,'LRG_220',1,'LRG_220',0,18229,'SO:0000738',NULL,NULL),(958,'LRG_22',1,'LRG_22',0,10058,'SO:0000738',NULL,NULL),(959,'LRG_219',1,'LRG_219',0,30807,'SO:0000738',NULL,NULL),(960,'LRG_218',1,'LRG_218',0,166188,'SO:0000738',NULL,NULL),(961,'LRG_217',1,'LRG_217',0,44769,'SO:0000738',NULL,NULL),(962,'LRG_216',1,'LRG_216',0,79540,'SO:0000738',NULL,NULL),(963,'LRG_215',1,'LRG_215',0,48866,'SO:0000738',NULL,NULL),(964,'LRG_214',1,'LRG_214',0,289701,'SO:0000738',NULL,NULL),(965,'LRG_213',1,'LRG_213',0,11442,'SO:0000738',NULL,NULL),(966,'LRG_212',1,'LRG_212',0,43124,'SO:0000738',NULL,NULL),(967,'LRG_211',1,'LRG_211',0,20999,'SO:0000738',NULL,NULL),(968,'LRG_210',1,'LRG_210',0,8209,'SO:0000738',NULL,NULL),(969,'LRG_209',1,'LRG_209',0,184300,'SO:0000738',NULL,NULL),(970,'LRG_208',1,'LRG_208',0,1155420,'SO:0000738',NULL,NULL),(971,'LRG_207',1,'LRG_207',0,151245,'SO:0000738',NULL,NULL),(972,'LRG_53',1,'LRG_53',0,40445,'SO:0000738',NULL,NULL),(973,'LRG_204',1,'LRG_204',0,24625,'SO:0000738',NULL,NULL),(974,'LRG_203',1,'LRG_203',0,16928,'SO:0000738',NULL,NULL),(975,'LRG_202',1,'LRG_202',0,256149,'SO:0000738',NULL,NULL),(976,'LRG_201',1,'LRG_201',0,26996,'SO:0000738',NULL,NULL),(977,'LRG_200',1,'LRG_200',0,14030,'SO:0000738',NULL,NULL),(978,'LRG_20',1,'LRG_20',0,104997,'SO:0000738',NULL,NULL),(979,'LRG_2',1,'LRG_2',0,43672,'SO:0000738',NULL,NULL),(980,'LRG_197',1,'LRG_197',0,39936,'SO:0000738',NULL,NULL),(981,'LRG_199',1,'LRG_199',0,2227382,'SO:0000738',NULL,NULL),(982,'LRG_198',1,'LRG_198',0,42990,'SO:0000738',NULL,NULL),(983,'LRG_196',1,'LRG_196',0,257395,'SO:0000738',NULL,NULL),(984,'LRG_195',1,'LRG_195',0,12472,'SO:0000738',NULL,NULL),(985,'LRG_194',1,'LRG_194',0,67957,'SO:0000738',NULL,NULL),(986,'LRG_193',1,'LRG_193',0,20339,'SO:0000738',NULL,NULL),(987,'LRG_192',1,'LRG_192',0,84230,'SO:0000738',NULL,NULL),(988,'LRG_191',1,'LRG_191',0,84383,'SO:0000738',NULL,NULL),(989,'LRG_190',1,'LRG_190',0,21600,'SO:0000738',NULL,NULL),(990,'LRG_19',1,'LRG_19',0,60775,'SO:0000738',NULL,NULL),(991,'LRG_189',1,'LRG_189',0,81203,'SO:0000738',NULL,NULL),(992,'LRG_188',1,'LRG_188',0,23124,'SO:0000738',NULL,NULL),(993,'LRG_187',1,'LRG_187',0,13555,'SO:0000738',NULL,NULL),(994,'LRG_186',1,'LRG_186',0,48136,'SO:0000738',NULL,NULL),(995,'LRG_185',1,'LRG_185',0,41986,'SO:0000738',NULL,NULL),(996,'LRG_184',1,'LRG_184',0,8786,'SO:0000738',NULL,NULL),(997,'LRG_62',1,'LRG_62',0,21392,'SO:0000738',NULL,NULL),(998,'LRG_182',1,'LRG_182',0,12615,'SO:0000738',NULL,NULL),(999,'LRG_180',1,'LRG_180',0,24212,'SO:0000738',NULL,NULL),(1000,'LRG_18',1,'LRG_18',0,19348,'SO:0000738',NULL,NULL),(1001,'LRG_179',1,'LRG_179',0,20493,'SO:0000738',NULL,NULL),(1002,'LRG_177',1,'LRG_177',0,42938,'SO:0000738',NULL,NULL),(1003,'LRG_176',1,'LRG_176',0,195127,'SO:0000738',NULL,NULL),(1004,'LRG_175',1,'LRG_175',0,26274,'SO:0000738',NULL,NULL),(1005,'LRG_174',1,'LRG_174',0,101954,'SO:0000738',NULL,NULL),(1006,'LRG_173',1,'LRG_173',0,98111,'SO:0000738',NULL,NULL),(1007,'LRG_172',1,'LRG_172',0,49207,'SO:0000738',NULL,NULL),(1008,'LRG_67',1,'LRG_67',0,101357,'SO:0000738',NULL,NULL),(1009,'LRG_170',1,'LRG_170',0,299379,'SO:0000738',NULL,NULL),(1010,'LRG_17',1,'LRG_17',0,17681,'SO:0000738',NULL,NULL),(1011,'LRG_169',1,'LRG_169',0,21461,'SO:0000738',NULL,NULL),(1012,'LRG_168',1,'LRG_168',0,11032,'SO:0000738',NULL,NULL),(1013,'LRG_165',1,'LRG_165',0,17769,'SO:0000738',NULL,NULL),(1014,'LRG_164',1,'LRG_164',0,244508,'SO:0000738',NULL,NULL),(1015,'LRG_163',1,'LRG_163',0,7268,'SO:0000738',NULL,NULL),(1016,'LRG_162',1,'LRG_162',0,194076,'SO:0000738',NULL,NULL),(1017,'LRG_16',1,'LRG_16',0,39214,'SO:0000738',NULL,NULL),(1018,'LRG_159',1,'LRG_159',0,24030,'SO:0000738',NULL,NULL),(1019,'LRG_158',1,'LRG_158',0,58336,'SO:0000738',NULL,NULL),(1020,'LRG_157',1,'LRG_157',0,11545,'SO:0000738',NULL,NULL),(1021,'LRG_156',1,'LRG_156',0,30572,'SO:0000738',NULL,NULL),(1022,'LRG_155',1,'LRG_155',0,50457,'SO:0000738',NULL,NULL),(1023,'LRG_154',1,'LRG_154',0,13321,'SO:0000738',NULL,NULL),(1024,'LRG_152',1,'LRG_152',0,37849,'SO:0000738',NULL,NULL),(1025,'LRG_151',1,'LRG_151',0,22093,'SO:0000738',NULL,NULL),(1026,'LRG_150',1,'LRG_150',0,11145,'SO:0000738',NULL,NULL),(1027,'LRG_15',1,'LRG_15',0,108733,'SO:0000738',NULL,NULL),(1028,'LRG_149',1,'LRG_149',0,19459,'SO:0000738',NULL,NULL),(1029,'LRG_70',1,'LRG_70',0,29803,'SO:0000738',NULL,NULL),(1030,'LRG_147',1,'LRG_147',0,19572,'SO:0000738',NULL,NULL),(1031,'LRG_146',1,'LRG_146',0,13125,'SO:0000738',NULL,NULL),(1032,'LRG_145',1,'LRG_145',0,14437,'SO:0000738',NULL,NULL),(1033,'LRG_144',1,'LRG_144',0,23866,'SO:0000738',NULL,NULL),(1034,'LRG_143',1,'LRG_143',0,229598,'SO:0000738',NULL,NULL),(1035,'LRG_142',1,'LRG_142',0,27103,'SO:0000738',NULL,NULL),(1036,'LRG_141',1,'LRG_141',0,19214,'SO:0000738',NULL,NULL),(1037,'LRG_139',1,'LRG_139',0,70452,'SO:0000738',NULL,NULL),(1038,'LRG_135',1,'LRG_135',0,153268,'SO:0000738',NULL,NULL),(1039,'LRG_134',1,'LRG_134',0,32255,'SO:0000738',NULL,NULL),(1040,'LRG_133',1,'LRG_133',0,35907,'SO:0000738',NULL,NULL),(1041,'LRG_130',1,'LRG_130',0,163719,'SO:0000738',NULL,NULL),(1042,'LRG_13',1,'LRG_13',0,12618,'SO:0000738',NULL,NULL),(1043,'LRG_129',1,'LRG_129',0,13093,'SO:0000738',NULL,NULL),(1044,'LRG_128',1,'LRG_128',0,43778,'SO:0000738',NULL,NULL),(1045,'LRG_127',1,'LRG_127',0,46495,'SO:0000738',NULL,NULL),(1046,'LRG_126',1,'LRG_126',0,33293,'SO:0000738',NULL,NULL),(1047,'LRG_124',1,'LRG_124',0,20384,'SO:0000738',NULL,NULL),(1048,'LRG_123',1,'LRG_123',0,20020,'SO:0000738',NULL,NULL),(1049,'LRG_122',1,'LRG_122',0,24461,'SO:0000738',NULL,NULL),(1050,'LRG_121',1,'LRG_121',0,37049,'SO:0000738',NULL,NULL),(1051,'LRG_120',1,'LRG_120',0,40005,'SO:0000738',NULL,NULL),(1052,'LRG_12',1,'LRG_12',0,17508,'SO:0000738',NULL,NULL),(1053,'LRG_1',1,'LRG_1',0,24544,'SO:0000738',NULL,NULL),(1054,'LRG_10',1,'LRG_10',0,14341,'SO:0000738',NULL,NULL),(1055,'LRG_100',1,'LRG_100',0,25546,'SO:0000738',NULL,NULL),(1056,'LRG_1008',1,'LRG_1008',0,70657,'SO:0000738',NULL,NULL),(1057,'LRG_101',1,'LRG_101',0,13654,'SO:0000738',NULL,NULL),(1058,'LRG_1010',1,'LRG_1010',0,35236,'SO:0000738',NULL,NULL),(1059,'LRG_1012',1,'LRG_1012',0,484060,'SO:0000738',NULL,NULL),(1060,'LRG_1018',1,'LRG_1018',0,67734,'SO:0000738',NULL,NULL),(1061,'LRG_102',1,'LRG_102',0,16671,'SO:0000738',NULL,NULL),(1062,'LRG_1020',1,'LRG_1020',0,35709,'SO:0000738',NULL,NULL),(1063,'LRG_1021',1,'LRG_1021',0,22561,'SO:0000738',NULL,NULL),(1064,'LRG_1022',1,'LRG_1022',0,115603,'SO:0000738',NULL,NULL),(1065,'LRG_1026',1,'LRG_1026',0,72083,'SO:0000738',NULL,NULL),(1066,'LRG_1028',1,'LRG_1028',0,30029,'SO:0000738',NULL,NULL),(1067,'LRG_103',1,'LRG_103',0,17402,'SO:0000738',NULL,NULL),(1068,'LRG_104',1,'LRG_104',0,14899,'SO:0000738',NULL,NULL),(1069,'CHR_HSCHR1_6_CTG3',1,'CHR_HSCHR1_6_CTG3',1,248955842,'SO:0000738',NULL,NULL),(1070,'CHR_HG2236_PATCH',1,'CHR_HG2236_PATCH',1,198295537,'SO:0000738',NULL,NULL),(1071,'CHR_HSCHR4_12_CTG12',1,'CHR_HSCHR4_12_CTG12',1,190221648,'SO:0000738',NULL,NULL),(1072,'CHR_HSCHR5_8_CTG1',1,'CHR_HSCHR5_8_CTG1',1,181668817,'SO:0000738',NULL,NULL),(1073,'CHR_HG30_PATCH',1,'CHR_HG30_PATCH',1,181539112,'SO:0000738',NULL,NULL),(1074,'CHR_HG2088_PATCH',1,'CHR_HG2088_PATCH',1,159351667,'SO:0000738',NULL,NULL),(1075,'CHR_HG2266_PATCH',1,'CHR_HG2266_PATCH',1,159346106,'SO:0000738',NULL,NULL),(1076,'CHR_HG2068_PATCH',1,'CHR_HG2068_PATCH',1,145140411,'SO:0000738',NULL,NULL),(1077,'CHR_HG2067_PATCH',1,'CHR_HG2067_PATCH',1,145144434,'SO:0000738',NULL,NULL),(1078,'CHR_HG1708_PATCH',1,'CHR_HG1708_PATCH',1,135086620,'SO:0000738',NULL,NULL),(1079,'CHR_HG926_PATCH',1,'CHR_HG926_PATCH',1,90680781,'SO:0000738',NULL,NULL),(1080,'CHR_HG2285_HG106_HG2252_PATCH',1,'CHR_HG2285_HG106_HG2252_PATCH',1,83219555,'SO:0000738',NULL,NULL),(1081,'CHR_HG2046_PATCH',1,'CHR_HG2046_PATCH',1,83257439,'SO:0000738',NULL,NULL),(1082,'CHR_HSCHR17_3_CTG1',1,'CHR_HSCHR17_3_CTG1',1,83267046,'SO:0000738',NULL,NULL),(1083,'CHR_HSCHR17_11_CTG4',1,'CHR_HSCHR17_11_CTG4',1,83264946,'SO:0000738',NULL,NULL),(1084,'CHR_HSCHR19KIR_0019-4656-A_CTG3_1',1,'CHR_HSCHR19KIR_0019-4656-A_CTG3_1',1,58617441,'SO:0000738',NULL,NULL),(1085,'CHR_HSCHR19KIR_CA01-TA01_1_CTG3_1',1,'CHR_HSCHR19KIR_CA01-TA01_1_CTG3_1',1,58617632,'SO:0000738',NULL,NULL),(1086,'CHR_HSCHR19KIR_CA01-TA01_2_CTG3_1',1,'CHR_HSCHR19KIR_CA01-TA01_2_CTG3_1',1,58617647,'SO:0000738',NULL,NULL),(1087,'CHR_HSCHR19KIR_CA01-TB04_CTG3_1',1,'CHR_HSCHR19KIR_CA01-TB04_CTG3_1',1,58750420,'SO:0000738',NULL,NULL),(1088,'CHR_HSCHR19KIR_CA01-TB01_CTG3_1',1,'CHR_HSCHR19KIR_CA01-TB01_CTG3_1',1,58645065,'SO:0000738',NULL,NULL),(1089,'CHR_HSCHR19KIR_HG2394_CTG3_1',1,'CHR_HSCHR19KIR_HG2394_CTG3_1',1,58617630,'SO:0000738',NULL,NULL),(1090,'CHR_HSCHR19KIR_502960008-2_CTG3_1',1,'CHR_HSCHR19KIR_502960008-2_CTG3_1',1,58616590,'SO:0000738',NULL,NULL),(1091,'CHR_HSCHR19KIR_502960008-1_CTG3_1',1,'CHR_HSCHR19KIR_502960008-1_CTG3_1',1,58617609,'SO:0000738',NULL,NULL),(1092,'CHR_HSCHR19KIR_0010-5217-AB_CTG3_1',1,'CHR_HSCHR19KIR_0010-5217-AB_CTG3_1',1,58538377,'SO:0000738',NULL,NULL),(1093,'CHR_HSCHR19KIR_7191059-1_CTG3_1',1,'CHR_HSCHR19KIR_7191059-1_CTG3_1',1,58617649,'SO:0000738',NULL,NULL),(1094,'CHR_HSCHR19KIR_0019-4656-B_CTG3_1',1,'CHR_HSCHR19KIR_0019-4656-B_CTG3_1',1,58675214,'SO:0000738',NULL,NULL),(1095,'CHR_HSCHR19KIR_CA04_CTG3_1',1,'CHR_HSCHR19KIR_CA04_CTG3_1',1,58537114,'SO:0000738',NULL,NULL),(1096,'CHR_HSCHR19KIR_7191059-2_CTG3_1',1,'CHR_HSCHR19KIR_7191059-2_CTG3_1',1,58617604,'SO:0000738',NULL,NULL),(1097,'CHR_HSCHR19KIR_HG2396_CTG3_1',1,'CHR_HSCHR19KIR_HG2396_CTG3_1',1,58603982,'SO:0000738',NULL,NULL),(1098,'CHR_HSCHR19KIR_HG2393_CTG3_1',1,'CHR_HSCHR19KIR_HG2393_CTG3_1',1,58583172,'SO:0000738',NULL,NULL),(1099,'CHR_HSCHRX_3_CTG7',1,'CHR_HSCHRX_3_CTG7',1,156050387,'SO:0000738',NULL,NULL),(1100,'LRG_720',1,'LRG_720',0,40170,'SO:0000738',NULL,NULL),(1101,'LRG_72',1,'LRG_72',0,46389,'SO:0000738',NULL,NULL),(1102,'LRG_719',1,'LRG_719',0,9503,'SO:0000738',NULL,NULL),(1103,'LRG_549',1,'LRG_549',0,183614,'SO:0000738',NULL,NULL),(1104,'LRG_548',1,'LRG_548',0,33731,'SO:0000738',NULL,NULL),(1105,'LRG_543',1,'LRG_543',0,22944,'SO:0000738',NULL,NULL),(1106,'LRG_539',1,'LRG_539',0,10788,'SO:0000738',NULL,NULL),(1107,'LRG_455',1,'LRG_455',0,12989,'SO:0000738',NULL,NULL),(1108,'LRG_449',1,'LRG_449',0,155110,'SO:0000738',NULL,NULL),(1109,'LRG_178',1,'LRG_178',0,16726,'SO:0000738',NULL,NULL),(1110,'LRG_161',1,'LRG_161',0,42868,'SO:0000738',NULL,NULL),(1111,'LRG_160',1,'LRG_160',0,23083,'SO:0000738',NULL,NULL),(1112,'LRG_140',1,'LRG_140',0,21944,'SO:0000738',NULL,NULL),(1113,'LRG_138',1,'LRG_138',0,27624,'SO:0000738',NULL,NULL),(1114,'LRG_137',1,'LRG_137',0,27624,'SO:0000738',NULL,NULL),(1115,'LRG_136',1,'LRG_136',0,13141,'SO:0000738',NULL,NULL),(1116,'LRG_132',1,'LRG_132',0,10454,'SO:0000738',NULL,NULL),(1117,'LRG_105',1,'LRG_105',0,24300,'SO:0000738',NULL,NULL),(1118,'LRG_106',1,'LRG_106',0,33856,'SO:0000738',NULL,NULL),(1119,'LRG_107',1,'LRG_107',0,15945,'SO:0000738',NULL,NULL),(1120,'LRG_108',1,'LRG_108',0,77640,'SO:0000738',NULL,NULL),(1121,'LRG_109',1,'LRG_109',0,58194,'SO:0000738',NULL,NULL),(1122,'LRG_11',1,'LRG_11',0,33740,'SO:0000738',NULL,NULL),(1123,'LRG_205',1,'LRG_205',0,904446,'SO:0000738',NULL,NULL),(1124,'LRG_722',1,'LRG_722',0,850317,'SO:0000738',NULL,NULL),(1125,'LRG_723',1,'LRG_723',0,10059,'SO:0000738',NULL,NULL),(1126,'LRG_724',1,'LRG_724',0,47523,'SO:0000738',NULL,NULL),(1127,'LRG_725',1,'LRG_725',0,111672,'SO:0000738',NULL,NULL),(1128,'LRG_726',1,'LRG_726',0,27374,'SO:0000738',NULL,NULL),(1129,'LRG_727',1,'LRG_727',0,11334,'SO:0000738',NULL,NULL),(1130,'LRG_73',1,'LRG_73',0,57767,'SO:0000738',NULL,NULL),(1131,'LRG_730',1,'LRG_730',0,13107,'SO:0000738',NULL,NULL),(1132,'LRG_733',1,'LRG_733',0,20027,'SO:0000738',NULL,NULL),(1133,'LRG_734',1,'LRG_734',0,163021,'SO:0000738',NULL,NULL),(1134,'LRG_737',1,'LRG_737',0,210038,'SO:0000738',NULL,NULL),(1135,'LRG_74',1,'LRG_74',0,26934,'SO:0000738',NULL,NULL),(1136,'LRG_742',1,'LRG_742',0,33450,'SO:0000738',NULL,NULL),(1137,'LRG_744',1,'LRG_744',0,9204,'SO:0000738',NULL,NULL),(1138,'LRG_745',1,'LRG_745',0,21002,'SO:0000738',NULL,NULL),(1139,'LRG_748',1,'LRG_748',0,18063,'SO:0000738',NULL,NULL),(1140,'LRG_749',1,'LRG_749',0,50202,'SO:0000738',NULL,NULL),(1141,'LRG_75',1,'LRG_75',0,37600,'SO:0000738',NULL,NULL),(1142,'LRG_750',1,'LRG_750',0,40808,'SO:0000738',NULL,NULL),(1143,'LRG_751',1,'LRG_751',0,9075,'SO:0000738',NULL,NULL),(1144,'LRG_753',1,'LRG_753',0,101125,'SO:0000738',NULL,NULL),(1145,'LRG_754',1,'LRG_754',0,145915,'SO:0000738',NULL,NULL),(1146,'LRG_755',1,'LRG_755',0,58670,'SO:0000738',NULL,NULL),(1147,'LRG_757',1,'LRG_757',0,23331,'SO:0000738',NULL,NULL),(1148,'LRG_759',1,'LRG_759',0,173001,'SO:0000738',NULL,NULL),(1149,'LRG_76',1,'LRG_76',0,49886,'SO:0000738',NULL,NULL),(1150,'LRG_760',1,'LRG_760',0,17311,'SO:0000738',NULL,NULL),(1151,'LRG_762',1,'LRG_762',0,46135,'SO:0000738',NULL,NULL),(1152,'LRG_765',1,'LRG_765',0,36598,'SO:0000738',NULL,NULL),(1153,'LRG_766',1,'LRG_766',0,160865,'SO:0000738',NULL,NULL),(1154,'LRG_767',1,'LRG_767',0,8870,'SO:0000738',NULL,NULL),(1155,'LRG_768',1,'LRG_768',0,12880,'SO:0000738',NULL,NULL),(1156,'LRG_77',1,'LRG_77',0,28840,'SO:0000738',NULL,NULL),(1157,'LRG_770',1,'LRG_770',0,71483,'SO:0000738',NULL,NULL),(1158,'LRG_771',1,'LRG_771',0,10987,'SO:0000738',NULL,NULL),(1159,'LRG_772',1,'LRG_772',0,35933,'SO:0000738',NULL,NULL),(1160,'LRG_773',1,'LRG_773',0,55522,'SO:0000738',NULL,NULL),(1161,'LRG_774',1,'LRG_774',0,43944,'SO:0000738',NULL,NULL),(1162,'LRG_775',1,'LRG_775',0,154570,'SO:0000738',NULL,NULL),(1163,'LRG_776',1,'LRG_776',0,235855,'SO:0000738',NULL,NULL),(1164,'LRG_777',1,'LRG_777',0,29740,'SO:0000738',NULL,NULL),(1165,'LRG_358',1,'LRG_358',0,22819,'SO:0000738',NULL,NULL),(1166,'LRG_779',1,'LRG_779',0,94641,'SO:0000738',NULL,NULL),(1167,'LRG_78',1,'LRG_78',0,61858,'SO:0000738',NULL,NULL),(1168,'LRG_780',1,'LRG_780',0,217663,'SO:0000738',NULL,NULL),(1169,'LRG_781',1,'LRG_781',0,63317,'SO:0000738',NULL,NULL),(1170,'LRG_782',1,'LRG_782',0,469105,'SO:0000738',NULL,NULL),(1171,'LRG_783',1,'LRG_783',0,22896,'SO:0000738',NULL,NULL),(1172,'LRG_784',1,'LRG_784',0,39267,'SO:0000738',NULL,NULL),(1173,'LRG_785',1,'LRG_785',0,40696,'SO:0000738',NULL,NULL),(1174,'LRG_786',1,'LRG_786',0,120181,'SO:0000738',NULL,NULL),(1175,'LRG_787',1,'LRG_787',0,74478,'SO:0000738',NULL,NULL),(1176,'LRG_788',1,'LRG_788',0,41618,'SO:0000738',NULL,NULL),(1177,'LRG_789',1,'LRG_789',0,70763,'SO:0000738',NULL,NULL),(1178,'LRG_79',1,'LRG_79',0,15093,'SO:0000738',NULL,NULL),(1179,'LRG_798',1,'LRG_798',0,19341,'SO:0000738',NULL,NULL),(1180,'LRG_8',1,'LRG_8',0,91480,'SO:0000738',NULL,NULL),(1181,'LRG_80',1,'LRG_80',0,42928,'SO:0000738',NULL,NULL),(1182,'LRG_808',1,'LRG_808',0,79123,'SO:0000738',NULL,NULL),(1183,'LRG_81',1,'LRG_81',0,10785,'SO:0000738',NULL,NULL),(1184,'LRG_818',1,'LRG_818',0,31670,'SO:0000738',NULL,NULL),(1185,'LRG_822',1,'LRG_822',0,38700,'SO:0000738',NULL,NULL),(1186,'LRG_825',1,'LRG_825',0,9782,'SO:0000738',NULL,NULL),(1187,'LRG_828',1,'LRG_828',0,12891,'SO:0000738',NULL,NULL),(1188,'LRG_83',1,'LRG_83',0,73708,'SO:0000738',NULL,NULL),(1189,'LRG_837',1,'LRG_837',0,27222,'SO:0000738',NULL,NULL),(1190,'LRG_838',1,'LRG_838',0,70218,'SO:0000738',NULL,NULL),(1191,'LRG_183',1,'LRG_183',0,18567,'SO:0000738',NULL,NULL),(1192,'LRG_171',1,'LRG_171',0,12715,'SO:0000738',NULL,NULL),(1193,'LRG_148',1,'LRG_148',0,23182,'SO:0000738',NULL,NULL),(1194,'LRG_125',1,'LRG_125',0,14633,'SO:0000738',NULL,NULL),(1195,'LRG_84',1,'LRG_84',0,18080,'SO:0000738',NULL,NULL),(1196,'LRG_844',1,'LRG_844',0,52927,'SO:0000738',NULL,NULL),(1197,'LRG_847',1,'LRG_847',0,21483,'SO:0000738',NULL,NULL),(1198,'LRG_85',1,'LRG_85',0,83575,'SO:0000738',NULL,NULL),(1199,'LRG_855',1,'LRG_855',0,11042,'SO:0000738',NULL,NULL),(1200,'LRG_86',1,'LRG_86',0,228768,'SO:0000738',NULL,NULL),(1201,'LRG_860',1,'LRG_860',0,19180,'SO:0000738',NULL,NULL),(1202,'LRG_862',1,'LRG_862',0,12259,'SO:0000738',NULL,NULL),(1203,'LRG_863',1,'LRG_863',0,469379,'SO:0000738',NULL,NULL),(1204,'LRG_867',1,'LRG_867',0,58030,'SO:0000738',NULL,NULL),(1205,'LRG_868',1,'LRG_868',0,97192,'SO:0000738',NULL,NULL),(1206,'LRG_870',1,'LRG_870',0,35846,'SO:0000738',NULL,NULL),(1207,'LRG_875',1,'LRG_875',0,93080,'SO:0000738',NULL,NULL),(1208,'LRG_876',1,'LRG_876',0,13711,'SO:0000738',NULL,NULL),(1209,'LRG_879',1,'LRG_879',0,53143,'SO:0000738',NULL,NULL),(1210,'LRG_88',1,'LRG_88',0,42020,'SO:0000738',NULL,NULL),(1211,'LRG_880',1,'LRG_880',0,28146,'SO:0000738',NULL,NULL),(1212,'LRG_883',1,'LRG_883',0,35781,'SO:0000738',NULL,NULL),(1213,'LRG_884',1,'LRG_884',0,31060,'SO:0000738',NULL,NULL),(1214,'LRG_885',1,'LRG_885',0,19430,'SO:0000738',NULL,NULL),(1215,'LRG_886',1,'LRG_886',0,112244,'SO:0000738',NULL,NULL),(1216,'LRG_887',1,'LRG_887',0,32411,'SO:0000738',NULL,NULL),(1217,'LRG_89',1,'LRG_89',0,10228,'SO:0000738',NULL,NULL),(1218,'LRG_90',1,'LRG_90',0,92542,'SO:0000738',NULL,NULL),(1219,'LRG_91',1,'LRG_91',0,14707,'SO:0000738',NULL,NULL),(1220,'LRG_92',1,'LRG_92',0,19438,'SO:0000738',NULL,NULL),(1221,'LRG_93',1,'LRG_93',0,22459,'SO:0000738',NULL,NULL),(1222,'LRG_94',1,'LRG_94',0,12428,'SO:0000738',NULL,NULL),(1223,'LRG_96',1,'LRG_96',0,93210,'SO:0000738',NULL,NULL),(1224,'LRG_97',1,'LRG_97',0,25996,'SO:0000738',NULL,NULL),(1225,'LRG_98',1,'LRG_98',0,18750,'SO:0000738',NULL,NULL),(1226,'LRG_99',1,'LRG_99',0,13294,'SO:0000738',NULL,NULL),(1227,'LRG_990',1,'LRG_990',0,20370,'SO:0000738',NULL,NULL),(1228,'LRG_991',1,'LRG_991',0,238707,'SO:0000738',NULL,NULL),(1229,'LRG_992',1,'LRG_992',0,479929,'SO:0000738',NULL,NULL),(1230,'LRG_993',1,'LRG_993',0,64697,'SO:0000738',NULL,NULL),(1231,'LRG_994',1,'LRG_994',0,127129,'SO:0000738',NULL,NULL),(1232,'LRG_995',1,'LRG_995',0,42039,'SO:0000738',NULL,NULL),(1233,'LRG_996',1,'LRG_996',0,30237,'SO:0000738',NULL,NULL),(1234,'LRG_997',1,'LRG_997',0,144489,'SO:0000738',NULL,NULL),(1235,'LRG_998',1,'LRG_998',0,120962,'SO:0000738',NULL,NULL),(1236,'LRG_999',1,'LRG_999',0,34260,'SO:0000738',NULL,NULL),(1237,'CHR_HSCHR1_8_CTG3',1,'CHR_HSCHR1_8_CTG3',1,248962151,'SO:0000738',NULL,NULL),(1238,'CHR_HSCHR1_9_CTG3',1,'CHR_HSCHR1_9_CTG3',1,248965380,'SO:0000738',NULL,NULL),(1239,'CHR_HG2002_PATCH',1,'CHR_HG2002_PATCH',1,248942227,'SO:0000738',NULL,NULL),(1240,'CHR_HSCHR2_7_CTG7_2',1,'CHR_HSCHR2_7_CTG7_2',1,242202531,'SO:0000738',NULL,NULL),(1241,'CHR_HSCHR2_8_CTG7_2',1,'CHR_HSCHR2_8_CTG7_2',1,242199670,'SO:0000738',NULL,NULL),(1242,'CHR_HSCHR3_4_CTG1',1,'CHR_HSCHR3_4_CTG1',1,198310749,'SO:0000738',NULL,NULL),(1243,'CHR_HSCHR5_9_CTG1',1,'CHR_HSCHR5_9_CTG1',1,181543440,'SO:0000738',NULL,NULL),(1244,'CHR_HG2057_PATCH',1,'CHR_HG2057_PATCH',1,170805979,'SO:0000738',NULL,NULL),(1245,'CHR_HG708_PATCH',1,'CHR_HG708_PATCH',1,159270839,'SO:0000738',NULL,NULL),(1246,'CHR_HSCHR7_3_CTG4_4',1,'CHR_HSCHR7_3_CTG4_4',1,159441130,'SO:0000738',NULL,NULL),(1247,'CHR_HG76_PATCH',1,'CHR_HG76_PATCH',1,144938989,'SO:0000738',NULL,NULL),(1248,'CHR_HG2419_PATCH',1,'CHR_HG2419_PATCH',1,145138635,'SO:0000738',NULL,NULL),(1249,'CHR_HG1815_PATCH',1,'CHR_HG1815_PATCH',1,133281281,'SO:0000738',NULL,NULL),(1250,'CHR_HSCHR12_8_CTG2_1',1,'CHR_HSCHR12_8_CTG2_1',1,133282605,'SO:0000738',NULL,NULL),(1251,'CHR_HG2047_PATCH',1,'CHR_HG2047_PATCH',1,133275304,'SO:0000738',NULL,NULL),(1252,'CHR_HG1_PATCH',1,'CHR_HG1_PATCH',1,107043717,'SO:0000738',NULL,NULL),(1253,'CHR_HSCHR14_8_CTG1',1,'CHR_HSCHR14_8_CTG1',1,107050407,'SO:0000738',NULL,NULL),(1254,'CHR_HSCHR16_5_CTG3_1',1,'CHR_HSCHR16_5_CTG3_1',1,90338377,'SO:0000738',NULL,NULL),(1255,'CHR_HG2442_PATCH',1,'CHR_HG2442_PATCH',1,80379182,'SO:0000738',NULL,NULL),(1256,'CHR_HG1531_PATCH',1,'CHR_HG1531_PATCH',1,57177176,'SO:0000738',NULL,NULL),(1257,'CHR_HG1535_PATCH',1,'CHR_HG1535_PATCH',1,57187419,'SO:0000738',NULL,NULL),(1258,'CHR_HG460_PATCH',1,'CHR_HG460_PATCH',1,248955838,'SO:0000738',NULL,NULL),(1259,'CHR_HG2133_PATCH',1,'CHR_HG2133_PATCH',1,198299611,'SO:0000738',NULL,NULL),(1260,'CHR_HSCHR3_6_CTG2_1',1,'CHR_HSCHR3_6_CTG2_1',1,198305007,'SO:0000738',NULL,NULL),(1261,'CHR_HSCHR3_9_CTG2_1',1,'CHR_HSCHR3_9_CTG2_1',1,198302489,'SO:0000738',NULL,NULL),(1262,'CHR_HSCHR3_8_CTG2_1',1,'CHR_HSCHR3_8_CTG2_1',1,198302280,'SO:0000738',NULL,NULL),(1263,'CHR_HSCHR3_7_CTG2_1',1,'CHR_HSCHR3_7_CTG2_1',1,198301024,'SO:0000738',NULL,NULL),(1264,'CHR_HSCHR7_3_CTG1',1,'CHR_HSCHR7_3_CTG1',1,159352526,'SO:0000738',NULL,NULL),(1265,'CHR_HSCHR8_7_CTG7',1,'CHR_HSCHR8_7_CTG7',1,145147686,'SO:0000738',NULL,NULL),(1266,'CHR_HG2114_PATCH',1,'CHR_HG2114_PATCH',1,135091163,'SO:0000738',NULL,NULL),(1267,'CHR_HG2060_PATCH',1,'CHR_HG2060_PATCH',1,135086593,'SO:0000738',NULL,NULL),(1268,'CHR_HSCHR11_1_CTG3_1',1,'CHR_HSCHR11_1_CTG3_1',1,135090845,'SO:0000738',NULL,NULL),(1269,'CHR_HSCHR11_2_CTG8',1,'CHR_HSCHR11_2_CTG8',1,135117433,'SO:0000738',NULL,NULL),(1270,'CHR_HSCHR12_9_CTG2_1',1,'CHR_HSCHR12_9_CTG2_1',1,133289677,'SO:0000738',NULL,NULL),(1271,'CHR_HG2263_PATCH',1,'CHR_HG2263_PATCH',1,90338583,'SO:0000738',NULL,NULL),(1272,'CHR_HSCHR17_12_CTG4',1,'CHR_HSCHR17_12_CTG4',1,83271781,'SO:0000738',NULL,NULL),(1273,'CHR_HSCHR18_1_CTG1',1,'CHR_HSCHR18_1_CTG1',1,80395815,'SO:0000738',NULL,NULL),(1274,'CHR_HG2412_PATCH',1,'CHR_HG2412_PATCH',1,80373284,'SO:0000738',NULL,NULL),(1275,'LRG_110',1,'LRG_110',0,80391,'SO:0000738',NULL,NULL),(1276,'LRG_111',1,'LRG_111',0,52215,'SO:0000738',NULL,NULL),(1277,'LRG_112',1,'LRG_112',0,82171,'SO:0000738',NULL,NULL),(1278,'LRG_113',1,'LRG_113',0,48423,'SO:0000738',NULL,NULL),(1279,'LRG_114',1,'LRG_114',0,21519,'SO:0000738',NULL,NULL),(1280,'LRG_115',1,'LRG_115',0,18884,'SO:0000738',NULL,NULL),(1281,'LRG_116',1,'LRG_116',0,26887,'SO:0000738',NULL,NULL),(1282,'LRG_117',1,'LRG_117',0,22944,'SO:0000738',NULL,NULL),(1283,'LRG_118',1,'LRG_118',0,26490,'SO:0000738',NULL,NULL),(1284,'LRG_119',1,'LRG_119',0,19191,'SO:0000738',NULL,NULL),(1285,'LRG_1120',1,'LRG_1120',0,11445,'SO:0000738',NULL,NULL),(1286,'LRG_1122',1,'LRG_1122',0,58343,'SO:0000738',NULL,NULL),(1287,'LRG_1124',1,'LRG_1124',0,30275,'SO:0000738',NULL,NULL),(1288,'LRG_1125',1,'LRG_1125',0,12732,'SO:0000738',NULL,NULL),(1289,'LRG_1127',1,'LRG_1127',0,465638,'SO:0000738',NULL,NULL),(1290,'LRG_1129',1,'LRG_1129',0,12671,'SO:0000738',NULL,NULL),(1291,'LRG_1130',1,'LRG_1130',0,140610,'SO:0000738',NULL,NULL),(1292,'LRG_1131',1,'LRG_1131',0,83011,'SO:0000738',NULL,NULL),(1293,'LRG_1132',1,'LRG_1132',0,40802,'SO:0000738',NULL,NULL),(1294,'LRG_1133',1,'LRG_1133',0,21005,'SO:0000738',NULL,NULL),(1295,'LRG_1134',1,'LRG_1134',0,60934,'SO:0000738',NULL,NULL),(1296,'LRG_1135',1,'LRG_1135',0,1314200,'SO:0000738',NULL,NULL),(1297,'LRG_1136',1,'LRG_1136',0,19142,'SO:0000738',NULL,NULL),(1298,'LRG_1137',1,'LRG_1137',0,76883,'SO:0000738',NULL,NULL),(1299,'LRG_1138',1,'LRG_1138',0,15646,'SO:0000738',NULL,NULL),(1300,'LRG_1140',1,'LRG_1140',0,12057,'SO:0000738',NULL,NULL),(1301,'LRG_1141',1,'LRG_1141',0,223330,'SO:0000738',NULL,NULL),(1302,'LRG_1143',1,'LRG_1143',0,10795,'SO:0000738',NULL,NULL),(1303,'LRG_1146',1,'LRG_1146',0,9322,'SO:0000738',NULL,NULL),(1304,'LRG_1148',1,'LRG_1148',0,12657,'SO:0000738',NULL,NULL),(1305,'LRG_1150',1,'LRG_1150',0,395338,'SO:0000738',NULL,NULL),(1306,'LRG_1151',1,'LRG_1151',0,43086,'SO:0000738',NULL,NULL),(1307,'LRG_1152',1,'LRG_1152',0,15087,'SO:0000738',NULL,NULL),(1308,'LRG_1153',1,'LRG_1153',0,288392,'SO:0000738',NULL,NULL),(1309,'LRG_1154',1,'LRG_1154',0,34458,'SO:0000738',NULL,NULL),(1310,'LRG_1155',1,'LRG_1155',0,16939,'SO:0000738',NULL,NULL),(1311,'LRG_1156',1,'LRG_1156',0,11687,'SO:0000738',NULL,NULL),(1312,'LRG_1158',1,'LRG_1158',0,8401,'SO:0000738',NULL,NULL),(1313,'LRG_1161',1,'LRG_1161',0,29792,'SO:0000738',NULL,NULL),(1314,'LRG_1162',1,'LRG_1162',0,112236,'SO:0000738',NULL,NULL),(1315,'LRG_1163',1,'LRG_1163',0,29010,'SO:0000738',NULL,NULL),(1316,'LRG_1164',1,'LRG_1164',0,20658,'SO:0000738',NULL,NULL),(1317,'LRG_1165',1,'LRG_1165',0,25093,'SO:0000738',NULL,NULL),(1318,'LRG_1166',1,'LRG_1166',0,54789,'SO:0000738',NULL,NULL),(1319,'LRG_1168',1,'LRG_1168',0,34595,'SO:0000738',NULL,NULL),(1320,'LRG_1169',1,'LRG_1169',0,17310,'SO:0000738',NULL,NULL),(1321,'LRG_1170',1,'LRG_1170',0,85035,'SO:0000738',NULL,NULL),(1322,'LRG_1171',1,'LRG_1171',0,35630,'SO:0000738',NULL,NULL),(1323,'LRG_1173',1,'LRG_1173',0,41182,'SO:0000738',NULL,NULL),(1324,'LRG_1178',1,'LRG_1178',0,49822,'SO:0000738',NULL,NULL),(1325,'LRG_1179',1,'LRG_1179',0,221092,'SO:0000738',NULL,NULL),(1326,'LRG_1186',1,'LRG_1186',0,34649,'SO:0000738',NULL,NULL),(1327,'LRG_1188',1,'LRG_1188',0,27127,'SO:0000738',NULL,NULL),(1328,'LRG_1190',1,'LRG_1190',0,12764,'SO:0000738',NULL,NULL),(1329,'LRG_1191',1,'LRG_1191',0,43363,'SO:0000738',NULL,NULL),(1330,'LRG_1196',1,'LRG_1196',0,46536,'SO:0000738',NULL,NULL),(1331,'LRG_1199',1,'LRG_1199',0,122929,'SO:0000738',NULL,NULL),(1332,'LRG_1201',1,'LRG_1201',0,161302,'SO:0000738',NULL,NULL),(1333,'LRG_1203',1,'LRG_1203',0,73526,'SO:0000738',NULL,NULL),(1334,'LRG_1205',1,'LRG_1205',0,164397,'SO:0000738',NULL,NULL),(1335,'LRG_1206',1,'LRG_1206',0,34858,'SO:0000738',NULL,NULL),(1336,'LRG_1207',1,'LRG_1207',0,70481,'SO:0000738',NULL,NULL),(1337,'LRG_1208',1,'LRG_1208',0,78144,'SO:0000738',NULL,NULL),(1338,'LRG_1209',1,'LRG_1209',0,273474,'SO:0000738',NULL,NULL),(1339,'LRG_1210',1,'LRG_1210',0,18129,'SO:0000738',NULL,NULL),(1340,'LRG_1211',1,'LRG_1211',0,8729,'SO:0000738',NULL,NULL),(1341,'LRG_1212',1,'LRG_1212',0,56504,'SO:0000738',NULL,NULL),(1342,'LRG_1213',1,'LRG_1213',0,289009,'SO:0000738',NULL,NULL),(1343,'LRG_1214',1,'LRG_1214',0,36425,'SO:0000738',NULL,NULL),(1344,'LRG_1215',1,'LRG_1215',0,14401,'SO:0000738',NULL,NULL),(1345,'LRG_1216',1,'LRG_1216',0,22459,'SO:0000738',NULL,NULL),(1346,'LRG_1217',1,'LRG_1217',0,50065,'SO:0000738',NULL,NULL),(1347,'LRG_1218',1,'LRG_1218',0,11327,'SO:0000738',NULL,NULL),(1348,'LRG_1219',1,'LRG_1219',0,16468,'SO:0000738',NULL,NULL),(1349,'LRG_1220',1,'LRG_1220',0,13175,'SO:0000738',NULL,NULL),(1350,'LRG_1221',1,'LRG_1221',0,90092,'SO:0000738',NULL,NULL),(1351,'LRG_1222',1,'LRG_1222',0,60928,'SO:0000738',NULL,NULL),(1352,'LRG_1223',1,'LRG_1223',0,11252,'SO:0000738',NULL,NULL),(1353,'LRG_1224',1,'LRG_1224',0,37700,'SO:0000738',NULL,NULL),(1354,'LRG_1226',1,'LRG_1226',0,11354,'SO:0000738',NULL,NULL),(1355,'LRG_1228',1,'LRG_1228',0,10763,'SO:0000738',NULL,NULL),(1356,'LRG_1229',1,'LRG_1229',0,40267,'SO:0000738',NULL,NULL),(1357,'LRG_1233',1,'LRG_1233',0,145899,'SO:0000738',NULL,NULL),(1358,'LRG_1234',1,'LRG_1234',0,126731,'SO:0000738',NULL,NULL),(1359,'LRG_1235',1,'LRG_1235',0,58451,'SO:0000738',NULL,NULL),(1360,'LRG_1239',1,'LRG_1239',0,24958,'SO:0000738',NULL,NULL),(1361,'LRG_580',1,'LRG_580',0,13160,'SO:0000738',NULL,NULL),(1362,'LRG_598',1,'LRG_598',0,34102,'SO:0000738',NULL,NULL),(1363,'LRG_1076',1,'LRG_1076',0,15673,'SO:0000738',NULL,NULL),(1364,'LRG_1077',1,'LRG_1077',0,79480,'SO:0000738',NULL,NULL),(1365,'LRG_1079',1,'LRG_1079',0,10512,'SO:0000738',NULL,NULL),(1366,'LRG_1195',1,'LRG_1195',0,58934,'SO:0000738',NULL,NULL),(1367,'LRG_1227',1,'LRG_1227',0,453136,'SO:0000738',NULL,NULL),(1368,'LRG_1237',1,'LRG_1237',0,10304,'SO:0000738',NULL,NULL),(1369,'LRG_1242',1,'LRG_1242',0,15345,'SO:0000738',NULL,NULL),(1370,'LRG_1243',1,'LRG_1243',0,82417,'SO:0000738',NULL,NULL),(1371,'LRG_1244',1,'LRG_1244',0,22221,'SO:0000738',NULL,NULL),(1372,'LRG_1246',1,'LRG_1246',0,17530,'SO:0000738',NULL,NULL),(1373,'LRG_1247',1,'LRG_1247',0,25765,'SO:0000738',NULL,NULL),(1374,'LRG_1249',1,'LRG_1249',0,61593,'SO:0000738',NULL,NULL),(1375,'LRG_1250',1,'LRG_1250',0,14913,'SO:0000738',NULL,NULL),(1376,'LRG_1251',1,'LRG_1251',0,110132,'SO:0000738',NULL,NULL),(1377,'LRG_1253',1,'LRG_1253',0,31098,'SO:0000738',NULL,NULL),(1378,'LRG_1254',1,'LRG_1254',0,12307,'SO:0000738',NULL,NULL),(1379,'LRG_1255',1,'LRG_1255',0,10957,'SO:0000738',NULL,NULL),(1380,'LRG_1256',1,'LRG_1256',0,56439,'SO:0000738',NULL,NULL),(1381,'LRG_1260',1,'LRG_1260',0,77972,'SO:0000738',NULL,NULL),(1382,'LRG_1262',1,'LRG_1262',0,12987,'SO:0000738',NULL,NULL),(1383,'LRG_1264',1,'LRG_1264',0,22081,'SO:0000738',NULL,NULL),(1384,'LRG_1265',1,'LRG_1265',0,17326,'SO:0000738',NULL,NULL),(1385,'LRG_1267',1,'LRG_1267',0,34098,'SO:0000738',NULL,NULL),(1386,'LRG_1274',1,'LRG_1274',0,14763,'SO:0000738',NULL,NULL),(1387,'LRG_303',1,'LRG_303',0,11312,'SO:0000738',NULL,NULL),(1388,'LRG_1230',1,'LRG_1230',0,11892,'SO:0000738',NULL,NULL),(1389,'LRG_1238',1,'LRG_1238',0,15768,'SO:0000738',NULL,NULL),(1390,'LRG_1241',1,'LRG_1241',0,68352,'SO:0000738',NULL,NULL),(1391,'LRG_1248',1,'LRG_1248',0,12363,'SO:0000738',NULL,NULL),(1392,'LRG_1263',1,'LRG_1263',0,17959,'SO:0000738',NULL,NULL),(1393,'LRG_1231',1,'LRG_1231',0,20404,'SO:0000738',NULL,NULL),(1394,'LRG_1285',1,'LRG_1285',0,46176,'SO:0000738',NULL,NULL),(1395,'LRG_1286',1,'LRG_1286',0,201572,'SO:0000738',NULL,NULL),(1396,'LRG_1287',1,'LRG_1287',0,292926,'SO:0000738',NULL,NULL),(1397,'LRG_1306',1,'LRG_1306',0,57060,'SO:0000738',NULL,NULL),(1398,'LRG_1308',1,'LRG_1308',0,14263,'SO:0000738',NULL,NULL),(1399,'LRG_1311',1,'LRG_1311',0,23524,'SO:0000738',NULL,NULL),(1400,'LRG_1312',1,'LRG_1312',0,50172,'SO:0000738',NULL,NULL),(1401,'LRG_1313',1,'LRG_1313',0,10445,'SO:0000738',NULL,NULL),(1402,'LRG_1314',1,'LRG_1314',0,33520,'SO:0000738',NULL,NULL),(1403,'LRG_1315',1,'LRG_1315',0,20787,'SO:0000738',NULL,NULL),(1404,'LRG_1316',1,'LRG_1316',0,122974,'SO:0000738',NULL,NULL),(1405,'LRG_1317',1,'LRG_1317',0,48295,'SO:0000738',NULL,NULL),(1406,'LRG_1318',1,'LRG_1318',0,69165,'SO:0000738',NULL,NULL),(1407,'LRG_1319',1,'LRG_1319',0,10313,'SO:0000738',NULL,NULL),(1408,'LRG_1320',1,'LRG_1320',0,15833,'SO:0000738',NULL,NULL),(1409,'LRG_1322',1,'LRG_1322',0,32802,'SO:0000738',NULL,NULL),(1410,'LRG_1323',1,'LRG_1323',0,167008,'SO:0000738',NULL,NULL),(1411,'LRG_1324',1,'LRG_1324',0,757839,'SO:0000738',NULL,NULL),(1412,'LRG_1325',1,'LRG_1325',0,50263,'SO:0000738',NULL,NULL),(1413,'LRG_1327',1,'LRG_1327',0,43709,'SO:0000738',NULL,NULL),(1414,'LRG_1328',1,'LRG_1328',0,11219,'SO:0000738',NULL,NULL),(1415,'LRG_1329',1,'LRG_1329',0,25657,'SO:0000738',NULL,NULL),(1416,'LRG_1330',1,'LRG_1330',0,46340,'SO:0000738',NULL,NULL),(1417,'LRG_1332',1,'LRG_1332',0,146557,'SO:0000738',NULL,NULL),(1418,'LRG_1333',1,'LRG_1333',0,79926,'SO:0000738',NULL,NULL),(1419,'LRG_1334',1,'LRG_1334',0,55074,'SO:0000738',NULL,NULL),(1420,'LRG_1336',1,'LRG_1336',0,61978,'SO:0000738',NULL,NULL),(1421,'LRG_1337',1,'LRG_1337',0,57498,'SO:0000738',NULL,NULL),(1422,'LRG_1338',1,'LRG_1338',0,156190,'SO:0000738',NULL,NULL),(1423,'LRG_1341',1,'LRG_1341',0,89973,'SO:0000738',NULL,NULL),(1424,'LRG_1347',1,'LRG_1347',0,15415,'SO:0000738',NULL,NULL),(1425,'CHR_HG1384_PATCH',1,'CHR_HG1384_PATCH',1,242195459,'SO:0000738',NULL,NULL),(1426,'CHR_HG721_PATCH',1,'CHR_HG721_PATCH',1,242194216,'SO:0000738',NULL,NULL),(1427,'CHR_HSCHR3_5_CTG1',1,'CHR_HSCHR3_5_CTG1',1,198305844,'SO:0000738',NULL,NULL),(1428,'CHR_HG699_PATCH',1,'CHR_HG699_PATCH',1,190211220,'SO:0000738',NULL,NULL),(1429,'CHR_HG1298_PATCH',1,'CHR_HG1298_PATCH',1,190196285,'SO:0000738',NULL,NULL),(1430,'CHR_HG1299_PATCH',1,'CHR_HG1299_PATCH',1,190201596,'SO:0000738',NULL,NULL),(1431,'CHR_HG1296_PATCH',1,'CHR_HG1296_PATCH',1,190208697,'SO:0000738',NULL,NULL),(1432,'CHR_HG2525_PATCH',1,'CHR_HG2525_PATCH',1,190293418,'SO:0000738',NULL,NULL),(1433,'CHR_HG705_PATCH',1,'CHR_HG705_PATCH',1,190172551,'SO:0000738',NULL,NULL),(1434,'CHR_HG1395_PATCH',1,'CHR_HG1395_PATCH',1,181537525,'SO:0000738',NULL,NULL),(1435,'CHR_HG2121_PATCH',1,'CHR_HG2121_PATCH',1,170808322,'SO:0000738',NULL,NULL),(1436,'CHR_HG563_PATCH',1,'CHR_HG563_PATCH',1,170759097,'SO:0000738',NULL,NULL),(1437,'CHR_HG1309_PATCH',1,'CHR_HG1309_PATCH',1,159365091,'SO:0000738',NULL,NULL),(1438,'CHR_HG613_PATCH',1,'CHR_HG613_PATCH',1,138394874,'SO:0000738',NULL,NULL),(1439,'CHR_HG545_PATCH',1,'CHR_HG545_PATCH',1,133833661,'SO:0000738',NULL,NULL),(1440,'CHR_HG1277_PATCH',1,'CHR_HG1277_PATCH',1,133754853,'SO:0000738',NULL,NULL),(1441,'CHR_HG28_PATCH',1,'CHR_HG28_PATCH',1,135088641,'SO:0000738',NULL,NULL),(1442,'CHR_HG2111_PATCH',1,'CHR_HG2111_PATCH',1,135089248,'SO:0000738',NULL,NULL),(1443,'CHR_HG2115_PATCH',1,'CHR_HG2115_PATCH',1,135092089,'SO:0000738',NULL,NULL),(1444,'CHR_HG1445_PATCH',1,'CHR_HG1445_PATCH',1,135063159,'SO:0000738',NULL,NULL),(1445,'CHR_HG1521_PATCH',1,'CHR_HG1521_PATCH',1,135087279,'SO:0000738',NULL,NULL),(1446,'CHR_HG1398_PATCH',1,'CHR_HG1398_PATCH',1,133274540,'SO:0000738',NULL,NULL),(1447,'CHR_HG2246_HG2248_HG2276_PATCH',1,'CHR_HG2246_HG2248_HG2276_PATCH',1,133274640,'SO:0000738',NULL,NULL),(1448,'CHR_HG2509_PATCH',1,'CHR_HG2509_PATCH',1,114364327,'SO:0000738',NULL,NULL),(1449,'CHR_HG1817_1_PATCH',1,'CHR_HG1817_1_PATCH',1,114369395,'SO:0000738',NULL,NULL),(1450,'CHR_HG1523_PATCH',1,'CHR_HG1523_PATCH',1,114458500,'SO:0000738',NULL,NULL),(1451,'CHR_HG1524_PATCH',1,'CHR_HG1524_PATCH',1,114315104,'SO:0000738',NULL,NULL),(1452,'CHR_HG2510_PATCH',1,'CHR_HG2510_PATCH',1,107043717,'SO:0000738',NULL,NULL),(1453,'CHR_HSCHR14_9_CTG1',1,'CHR_HSCHR14_9_CTG1',1,107050362,'SO:0000738',NULL,NULL),(1454,'CHR_HG2511_PATCH',1,'CHR_HG2511_PATCH',1,101991188,'SO:0000738',NULL,NULL),(1455,'CHR_HG2365_PATCH',1,'CHR_HG2365_PATCH',1,102714182,'SO:0000738',NULL,NULL),(1456,'CHR_HG2198_PATCH',1,'CHR_HG2198_PATCH',1,101993033,'SO:0000738',NULL,NULL),(1457,'CHR_HG2499_PATCH',1,'CHR_HG2499_PATCH',1,102001626,'SO:0000738',NULL,NULL),(1458,'CHR_HG2471_PATCH',1,'CHR_HG2471_PATCH',1,90341128,'SO:0000738',NULL,NULL),(1459,'CHR_HG2087_PATCH',1,'CHR_HG2087_PATCH',1,83260478,'SO:0000738',NULL,NULL),(1460,'CHR_HG1320_PATCH',1,'CHR_HG1320_PATCH',1,83207673,'SO:0000738',NULL,NULL),(1461,'CHR_HG109_PATCH',1,'CHR_HG109_PATCH',1,58617934,'SO:0000738',NULL,NULL),(1462,'CHR_HG2513_PATCH',1,'CHR_HG2513_PATCH',1,47068079,'SO:0000738',NULL,NULL),(1463,'CHR_HG2512_PATCH',1,'CHR_HG2512_PATCH',1,50818467,'SO:0000738',NULL,NULL),(1464,'CHR_HG1485_PATCH',1,'CHR_HG1485_PATCH',1,50915261,'SO:0000738',NULL,NULL),(1465,'CHR_HG494_PATCH',1,'CHR_HG494_PATCH',1,50818473,'SO:0000738',NULL,NULL),(1466,'CHR_HG1466_PATCH',1,'CHR_HG1466_PATCH',1,155848651,'SO:0000738',NULL,NULL),(1467,'CHR_HG1506_PATCH',1,'CHR_HG1506_PATCH',1,155994589,'SO:0000738',NULL,NULL),(1468,'CHR_HG1507_PATCH',1,'CHR_HG1507_PATCH',1,155996656,'SO:0000738',NULL,NULL),(1469,'CHR_HG439_PATCH',1,'CHR_HG439_PATCH',1,155960230,'SO:0000738',NULL,NULL),(1470,'CHR_HG1509_PATCH',1,'CHR_HG1509_PATCH',1,155994530,'SO:0000738',NULL,NULL),(1471,'LRG_1364',1,'LRG_1364',0,78912,'SO:0000738',NULL,NULL),(1472,'LRG_1365',1,'LRG_1365',0,34103,'SO:0000738',NULL,NULL),(1473,'LRG_1366',1,'LRG_1366',0,15052,'SO:0000738',NULL,NULL),(1474,'LRG_1367',1,'LRG_1367',0,30689,'SO:0000738',NULL,NULL),(1475,'LRG_1368',1,'LRG_1368',0,73566,'SO:0000738',NULL,NULL),(1476,'LRG_1369',1,'LRG_1369',0,43736,'SO:0000738',NULL,NULL),(1477,'LRG_1372',1,'LRG_1372',0,20595,'SO:0000738',NULL,NULL),(1478,'LRG_1375',1,'LRG_1375',0,47400,'SO:0000738',NULL,NULL),(1479,'LRG_1383',1,'LRG_1383',0,115111,'SO:0000738',NULL,NULL),(1480,'LRG_1384',1,'LRG_1384',0,208205,'SO:0000738',NULL,NULL),(1481,'LRG_1386',1,'LRG_1386',0,12385,'SO:0000738',NULL,NULL),(1482,'LRG_1387',1,'LRG_1387',0,195932,'SO:0000738',NULL,NULL),(1483,'LRG_1389',1,'LRG_1389',0,229907,'SO:0000738',NULL,NULL),(1484,'LRG_1390',1,'LRG_1390',0,162361,'SO:0000738',NULL,NULL),(1485,'LRG_1391',1,'LRG_1391',0,62042,'SO:0000738',NULL,NULL),(1486,'LRG_1392',1,'LRG_1392',0,24356,'SO:0000738',NULL,NULL),(1487,'LRG_1393',1,'LRG_1393',0,31677,'SO:0000738',NULL,NULL),(1488,'LRG_1396',1,'LRG_1396',0,369847,'SO:0000738',NULL,NULL),(1489,'LRG_1398',1,'LRG_1398',0,241524,'SO:0000738',NULL,NULL),(1490,'LRG_1399',1,'LRG_1399',0,72533,'SO:0000738',NULL,NULL),(1491,'LRG_1400',1,'LRG_1400',0,37899,'SO:0000738',NULL,NULL),(1492,'LRG_297',1,'LRG_297',0,91067,'SO:0000738',NULL,NULL),(1493,'LRG_344',1,'LRG_344',0,53215,'SO:0000738',NULL,NULL),(1494,'LRG_402',1,'LRG_402',0,797005,'SO:0000738',NULL,NULL),(1495,'LRG_1429',1,'LRG_1429',0,24989,'SO:0000738',NULL,NULL),(1496,'LRG_721',1,'LRG_721',0,33396,'SO:0000738',NULL,NULL),(1497,'LRG_741',1,'LRG_741',0,231167,'SO:0000738',NULL,NULL),(1498,'LRG_763',1,'LRG_763',0,176286,'SO:0000738',NULL,NULL),(1499,'LRG_839',1,'LRG_839',0,111570,'SO:0000738',NULL,NULL),(1500,'LRG_1431',1,'LRG_1431',0,38805,'SO:0000738',NULL,NULL),(1501,'LRG_584',1,'LRG_584',0,99871,'SO:0000738',NULL,NULL),(1502,'LRG_1000',1,'LRG_1000',0,17067,'SO:0000738',NULL,NULL),(1503,'LRG_1001',1,'LRG_1001',0,112454,'SO:0000738',NULL,NULL),(1504,'LRG_1002',1,'LRG_1002',0,139533,'SO:0000738',NULL,NULL),(1505,'LRG_1003',1,'LRG_1003',0,10367,'SO:0000738',NULL,NULL),(1506,'LRG_1004',1,'LRG_1004',0,8595,'SO:0000738',NULL,NULL),(1507,'LRG_1005',1,'LRG_1005',0,171946,'SO:0000738',NULL,NULL),(1508,'LRG_1006',1,'LRG_1006',0,91698,'SO:0000738',NULL,NULL),(1509,'LRG_1007',1,'LRG_1007',0,243367,'SO:0000738',NULL,NULL),(1510,'LRG_1009',1,'LRG_1009',0,332977,'SO:0000738',NULL,NULL),(1511,'LRG_1011',1,'LRG_1011',0,8340,'SO:0000738',NULL,NULL),(1512,'LRG_1013',1,'LRG_1013',0,21514,'SO:0000738',NULL,NULL),(1513,'LRG_1014',1,'LRG_1014',0,93590,'SO:0000738',NULL,NULL),(1514,'LRG_1015',1,'LRG_1015',0,110284,'SO:0000738',NULL,NULL),(1515,'LRG_1016',1,'LRG_1016',0,48035,'SO:0000738',NULL,NULL),(1516,'LRG_1017',1,'LRG_1017',0,26895,'SO:0000738',NULL,NULL),(1517,'LRG_1019',1,'LRG_1019',0,37966,'SO:0000738',NULL,NULL),(1518,'LRG_1023',1,'LRG_1023',0,57123,'SO:0000738',NULL,NULL),(1519,'LRG_1024',1,'LRG_1024',0,77836,'SO:0000738',NULL,NULL),(1520,'LRG_1025',1,'LRG_1025',0,190604,'SO:0000738',NULL,NULL),(1521,'LRG_1027',1,'LRG_1027',0,21647,'SO:0000738',NULL,NULL),(1522,'LRG_1029',1,'LRG_1029',0,18221,'SO:0000738',NULL,NULL),(1523,'LRG_1030',1,'LRG_1030',0,9660,'SO:0000738',NULL,NULL),(1524,'LRG_1031',1,'LRG_1031',0,27487,'SO:0000738',NULL,NULL),(1525,'LRG_1032',1,'LRG_1032',0,210400,'SO:0000738',NULL,NULL),(1526,'LRG_1033',1,'LRG_1033',0,27088,'SO:0000738',NULL,NULL),(1527,'LRG_1034',1,'LRG_1034',0,11816,'SO:0000738',NULL,NULL),(1528,'LRG_1035',1,'LRG_1035',0,12845,'SO:0000738',NULL,NULL),(1529,'LRG_1036',1,'LRG_1036',0,149409,'SO:0000738',NULL,NULL),(1530,'LRG_1037',1,'LRG_1037',0,157244,'SO:0000738',NULL,NULL),(1531,'LRG_1038',1,'LRG_1038',0,38047,'SO:0000738',NULL,NULL),(1532,'LRG_1039',1,'LRG_1039',0,10511,'SO:0000738',NULL,NULL),(1533,'LRG_1040',1,'LRG_1040',0,28223,'SO:0000738',NULL,NULL),(1534,'LRG_1041',1,'LRG_1041',0,737855,'SO:0000738',NULL,NULL),(1535,'LRG_1042',1,'LRG_1042',0,109219,'SO:0000738',NULL,NULL),(1536,'LRG_1043',1,'LRG_1043',0,8148,'SO:0000738',NULL,NULL),(1537,'LRG_1044',1,'LRG_1044',0,18360,'SO:0000738',NULL,NULL),(1538,'LRG_1045',1,'LRG_1045',0,71769,'SO:0000738',NULL,NULL),(1539,'LRG_1046',1,'LRG_1046',0,11298,'SO:0000738',NULL,NULL),(1540,'LRG_1047',1,'LRG_1047',0,8897,'SO:0000738',NULL,NULL),(1541,'LRG_1048',1,'LRG_1048',0,9486,'SO:0000738',NULL,NULL),(1542,'LRG_1049',1,'LRG_1049',0,50271,'SO:0000738',NULL,NULL),(1543,'LRG_1050',1,'LRG_1050',0,36243,'SO:0000738',NULL,NULL),(1544,'LRG_1051',1,'LRG_1051',0,38986,'SO:0000738',NULL,NULL),(1545,'LRG_1052',1,'LRG_1052',0,98671,'SO:0000738',NULL,NULL),(1546,'LRG_1053',1,'LRG_1053',0,78733,'SO:0000738',NULL,NULL),(1547,'LRG_1054',1,'LRG_1054',0,32526,'SO:0000738',NULL,NULL),(1548,'LRG_1055',1,'LRG_1055',0,321999,'SO:0000738',NULL,NULL),(1549,'LRG_1056',1,'LRG_1056',0,11116,'SO:0000738',NULL,NULL),(1550,'LRG_1057',1,'LRG_1057',0,24069,'SO:0000738',NULL,NULL),(1551,'LRG_1058',1,'LRG_1058',0,209591,'SO:0000738',NULL,NULL),(1552,'LRG_1059',1,'LRG_1059',0,30970,'SO:0000738',NULL,NULL),(1553,'LRG_1060',1,'LRG_1060',0,55242,'SO:0000738',NULL,NULL),(1554,'LRG_1061',1,'LRG_1061',0,133088,'SO:0000738',NULL,NULL),(1555,'LRG_1062',1,'LRG_1062',0,8955,'SO:0000738',NULL,NULL),(1556,'LRG_1064',1,'LRG_1064',0,12359,'SO:0000738',NULL,NULL),(1557,'LRG_1065',1,'LRG_1065',0,46798,'SO:0000738',NULL,NULL),(1558,'LRG_1066',1,'LRG_1066',0,18116,'SO:0000738',NULL,NULL),(1559,'LRG_1067',1,'LRG_1067',0,50353,'SO:0000738',NULL,NULL),(1560,'LRG_1068',1,'LRG_1068',0,66347,'SO:0000738',NULL,NULL),(1561,'LRG_1069',1,'LRG_1069',0,60147,'SO:0000738',NULL,NULL),(1562,'LRG_1070',1,'LRG_1070',0,55473,'SO:0000738',NULL,NULL),(1563,'LRG_1071',1,'LRG_1071',0,251856,'SO:0000738',NULL,NULL),(1564,'LRG_1072',1,'LRG_1072',0,9323,'SO:0000738',NULL,NULL),(1565,'LRG_1073',1,'LRG_1073',0,7952,'SO:0000738',NULL,NULL),(1566,'LRG_1074',1,'LRG_1074',0,60900,'SO:0000738',NULL,NULL),(1567,'LRG_1075',1,'LRG_1075',0,15267,'SO:0000738',NULL,NULL),(1568,'LRG_1078',1,'LRG_1078',0,18623,'SO:0000738',NULL,NULL),(1569,'LRG_1080',1,'LRG_1080',0,48897,'SO:0000738',NULL,NULL),(1570,'LRG_1081',1,'LRG_1081',0,45289,'SO:0000738',NULL,NULL),(1571,'LRG_1082',1,'LRG_1082',0,16709,'SO:0000738',NULL,NULL),(1572,'LRG_1083',1,'LRG_1083',0,8465,'SO:0000738',NULL,NULL),(1573,'LRG_1084',1,'LRG_1084',0,121169,'SO:0000738',NULL,NULL),(1574,'LRG_1085',1,'LRG_1085',0,59962,'SO:0000738',NULL,NULL),(1575,'LRG_1086',1,'LRG_1086',0,19859,'SO:0000738',NULL,NULL),(1576,'LRG_1087',1,'LRG_1087',0,11277,'SO:0000738',NULL,NULL),(1577,'LRG_1088',1,'LRG_1088',0,22394,'SO:0000738',NULL,NULL),(1578,'LRG_1089',1,'LRG_1089',0,10203,'SO:0000738',NULL,NULL),(1579,'LRG_1090',1,'LRG_1090',0,33559,'SO:0000738',NULL,NULL),(1580,'LRG_1091',1,'LRG_1091',0,34039,'SO:0000738',NULL,NULL),(1581,'LRG_1092',1,'LRG_1092',0,97010,'SO:0000738',NULL,NULL),(1582,'LRG_1093',1,'LRG_1093',0,87833,'SO:0000738',NULL,NULL),(1583,'LRG_1094',1,'LRG_1094',0,110377,'SO:0000738',NULL,NULL),(1584,'LRG_1095',1,'LRG_1095',0,641873,'SO:0000738',NULL,NULL),(1585,'LRG_1096',1,'LRG_1096',0,130905,'SO:0000738',NULL,NULL),(1586,'LRG_1097',1,'LRG_1097',0,20371,'SO:0000738',NULL,NULL),(1587,'LRG_1098',1,'LRG_1098',0,88617,'SO:0000738',NULL,NULL),(1588,'LRG_1101',1,'LRG_1101',0,131299,'SO:0000738',NULL,NULL),(1589,'LRG_1102',1,'LRG_1102',0,23560,'SO:0000738',NULL,NULL),(1590,'LRG_1103',1,'LRG_1103',0,116859,'SO:0000738',NULL,NULL),(1591,'LRG_1104',1,'LRG_1104',0,7108,'SO:0000738',NULL,NULL),(1592,'LRG_1105',1,'LRG_1105',0,69868,'SO:0000738',NULL,NULL),(1593,'LRG_1106',1,'LRG_1106',0,70514,'SO:0000738',NULL,NULL),(1594,'LRG_1107',1,'LRG_1107',0,1202732,'SO:0000738',NULL,NULL),(1595,'LRG_1108',1,'LRG_1108',0,67646,'SO:0000738',NULL,NULL),(1596,'LRG_1109',1,'LRG_1109',0,25599,'SO:0000738',NULL,NULL),(1597,'LRG_1110',1,'LRG_1110',0,322030,'SO:0000738',NULL,NULL),(1598,'LRG_1111',1,'LRG_1111',0,36593,'SO:0000738',NULL,NULL),(1599,'LRG_1112',1,'LRG_1112',0,144673,'SO:0000738',NULL,NULL),(1600,'LRG_1113',1,'LRG_1113',0,203035,'SO:0000738',NULL,NULL),(1601,'LRG_1114',1,'LRG_1114',0,22110,'SO:0000738',NULL,NULL),(1602,'LRG_1115',1,'LRG_1115',0,81053,'SO:0000738',NULL,NULL),(1603,'LRG_1116',1,'LRG_1116',0,165187,'SO:0000738',NULL,NULL),(1604,'LRG_1117',1,'LRG_1117',0,111035,'SO:0000738',NULL,NULL),(1605,'LRG_1118',1,'LRG_1118',0,587277,'SO:0000738',NULL,NULL),(1606,'LRG_1119',1,'LRG_1119',0,19223,'SO:0000738',NULL,NULL),(1607,'LRG_1121',1,'LRG_1121',0,108019,'SO:0000738',NULL,NULL),(1608,'LRG_1123',1,'LRG_1123',0,475056,'SO:0000738',NULL,NULL),(1609,'LRG_1126',1,'LRG_1126',0,10527,'SO:0000738',NULL,NULL),(1610,'LRG_1128',1,'LRG_1128',0,51125,'SO:0000738',NULL,NULL),(1611,'LRG_1157',1,'LRG_1157',0,12018,'SO:0000738',NULL,NULL),(1612,'LRG_1159',1,'LRG_1159',0,148990,'SO:0000738',NULL,NULL),(1613,'LRG_1160',1,'LRG_1160',0,55493,'SO:0000738',NULL,NULL),(1614,'LRG_1167',1,'LRG_1167',0,56909,'SO:0000738',NULL,NULL),(1615,'LRG_1180',1,'LRG_1180',0,24245,'SO:0000738',NULL,NULL),(1616,'LRG_1181',1,'LRG_1181',0,33348,'SO:0000738',NULL,NULL),(1617,'LRG_1182',1,'LRG_1182',0,58047,'SO:0000738',NULL,NULL),(1618,'LRG_1183',1,'LRG_1183',0,288618,'SO:0000738',NULL,NULL),(1619,'LRG_1184',1,'LRG_1184',0,197691,'SO:0000738',NULL,NULL),(1620,'LRG_1185',1,'LRG_1185',0,78528,'SO:0000738',NULL,NULL),(1621,'LRG_1187',1,'LRG_1187',0,18264,'SO:0000738',NULL,NULL),(1622,'LRG_1189',1,'LRG_1189',0,45565,'SO:0000738',NULL,NULL),(1623,'LRG_1204',1,'LRG_1204',0,7136,'SO:0000738',NULL,NULL),(1624,'LRG_1225',1,'LRG_1225',0,7872,'SO:0000738',NULL,NULL),(1625,'LRG_1240',1,'LRG_1240',0,7864,'SO:0000738',NULL,NULL),(1626,'LRG_1257',1,'LRG_1257',0,23779,'SO:0000738',NULL,NULL),(1627,'LRG_1279',1,'LRG_1279',0,11442,'SO:0000738',NULL,NULL),(1628,'LRG_1291',1,'LRG_1291',0,26665,'SO:0000738',NULL,NULL),(1629,'LRG_1292',1,'LRG_1292',0,9900,'SO:0000738',NULL,NULL),(1630,'LRG_1309',1,'LRG_1309',0,44746,'SO:0000738',NULL,NULL),(1631,'LRG_1340',1,'LRG_1340',0,33107,'SO:0000738',NULL,NULL),(1632,'LRG_1342',1,'LRG_1342',0,11272,'SO:0000738',NULL,NULL),(1633,'LRG_1343',1,'LRG_1343',0,13033,'SO:0000738',NULL,NULL),(1634,'LRG_1344',1,'LRG_1344',0,27748,'SO:0000738',NULL,NULL),(1635,'LRG_1345',1,'LRG_1345',0,12191,'SO:0000738',NULL,NULL),(1636,'LRG_1346',1,'LRG_1346',0,8438,'SO:0000738',NULL,NULL),(1637,'LRG_1348',1,'LRG_1348',0,25076,'SO:0000738',NULL,NULL),(1638,'LRG_1349',1,'LRG_1349',0,12743,'SO:0000738',NULL,NULL),(1639,'LRG_1357',1,'LRG_1357',0,20894,'SO:0000738',NULL,NULL),(1640,'LRG_1373',1,'LRG_1373',0,65986,'SO:0000738',NULL,NULL),(1641,'LRG_1374',1,'LRG_1374',0,24482,'SO:0000738',NULL,NULL),(1642,'LRG_1376',1,'LRG_1376',0,14873,'SO:0000738',NULL,NULL),(1643,'LRG_1377',1,'LRG_1377',0,80232,'SO:0000738',NULL,NULL),(1644,'LRG_1378',1,'LRG_1378',0,63666,'SO:0000738',NULL,NULL),(1645,'LRG_1379',1,'LRG_1379',0,94673,'SO:0000738',NULL,NULL),(1646,'LRG_1380',1,'LRG_1380',0,35911,'SO:0000738',NULL,NULL),(1647,'LRG_1381',1,'LRG_1381',0,32549,'SO:0000738',NULL,NULL),(1648,'LRG_1382',1,'LRG_1382',0,76586,'SO:0000738',NULL,NULL),(1649,'LRG_1385',1,'LRG_1385',0,12794,'SO:0000738',NULL,NULL),(1650,'LRG_1388',1,'LRG_1388',0,42297,'SO:0000738',NULL,NULL),(1651,'LRG_1404',1,'LRG_1404',0,106896,'SO:0000738',NULL,NULL),(1652,'LRG_1405',1,'LRG_1405',0,191370,'SO:0000738',NULL,NULL),(1653,'LRG_1406',1,'LRG_1406',0,193588,'SO:0000738',NULL,NULL),(1654,'LRG_1407',1,'LRG_1407',0,110355,'SO:0000738',NULL,NULL),(1655,'LRG_1408',1,'LRG_1408',0,9662,'SO:0000738',NULL,NULL),(1656,'LRG_1409',1,'LRG_1409',0,117934,'SO:0000738',NULL,NULL),(1657,'LRG_1415',1,'LRG_1415',0,12569,'SO:0000738',NULL,NULL),(1658,'LRG_1430',1,'LRG_1430',0,20731,'SO:0000738',NULL,NULL),(1659,'LRG_387',1,'LRG_387',0,36277,'SO:0000738',NULL,NULL),(1660,'LRG_542',1,'LRG_542',0,154154,'SO:0000738',NULL,NULL),(1661,'LRG_545',1,'LRG_545',0,10876,'SO:0000738',NULL,NULL),(1662,'LRG_638',1,'LRG_638',0,50934,'SO:0000738',NULL,NULL),(1663,'LRG_648',1,'LRG_648',0,62373,'SO:0000738',NULL,NULL),(1664,'LRG_649',1,'LRG_649',0,40942,'SO:0000738',NULL,NULL),(1665,'LRG_668',1,'LRG_668',0,24441,'SO:0000738',NULL,NULL),(1666,'LRG_671',1,'LRG_671',0,10209,'SO:0000738',NULL,NULL),(1667,'LRG_677',1,'LRG_677',0,35073,'SO:0000738',NULL,NULL),(1668,'LRG_678',1,'LRG_678',0,353180,'SO:0000738',NULL,NULL),(1669,'LRG_679',1,'LRG_679',0,23446,'SO:0000738',NULL,NULL),(1670,'LRG_68',1,'LRG_68',0,16028,'SO:0000738',NULL,NULL),(1671,'LRG_681',1,'LRG_681',0,43830,'SO:0000738',NULL,NULL),(1672,'LRG_686',1,'LRG_686',0,49822,'SO:0000738',NULL,NULL),(1673,'LRG_694',1,'LRG_694',0,100204,'SO:0000738',NULL,NULL),(1674,'LRG_696',1,'LRG_696',0,113177,'SO:0000738',NULL,NULL),(1675,'LRG_698',1,'LRG_698',0,13505,'SO:0000738',NULL,NULL),(1676,'LRG_701',1,'LRG_701',0,38625,'SO:0000738',NULL,NULL),(1677,'LRG_704',1,'LRG_704',0,82472,'SO:0000738',NULL,NULL),(1678,'LRG_705',1,'LRG_705',0,10892,'SO:0000738',NULL,NULL),(1679,'LRG_706',1,'LRG_706',0,33855,'SO:0000738',NULL,NULL),(1680,'LRG_707',1,'LRG_707',0,98374,'SO:0000738',NULL,NULL),(1681,'LRG_708',1,'LRG_708',0,28506,'SO:0000738',NULL,NULL),(1682,'LRG_709',1,'LRG_709',0,10190,'SO:0000738',NULL,NULL),(1683,'LRG_710',1,'LRG_710',0,42068,'SO:0000738',NULL,NULL),(1684,'LRG_711',1,'LRG_711',0,53408,'SO:0000738',NULL,NULL),(1685,'LRG_718',1,'LRG_718',0,23789,'SO:0000738',NULL,NULL),(1686,'LRG_756',1,'LRG_756',0,405555,'SO:0000738',NULL,NULL),(1687,'LRG_758',1,'LRG_758',0,14126,'SO:0000738',NULL,NULL),(1688,'LRG_761',1,'LRG_761',0,37943,'SO:0000738',NULL,NULL),(1689,'LRG_764',1,'LRG_764',0,122531,'SO:0000738',NULL,NULL),(1690,'LRG_790',1,'LRG_790',0,91018,'SO:0000738',NULL,NULL),(1691,'LRG_791',1,'LRG_791',0,9637,'SO:0000738',NULL,NULL),(1692,'LRG_792',1,'LRG_792',0,42144,'SO:0000738',NULL,NULL),(1693,'LRG_793',1,'LRG_793',0,38439,'SO:0000738',NULL,NULL),(1694,'LRG_794',1,'LRG_794',0,33690,'SO:0000738',NULL,NULL),(1695,'LRG_795',1,'LRG_795',0,36190,'SO:0000738',NULL,NULL),(1696,'LRG_796',1,'LRG_796',0,64956,'SO:0000738',NULL,NULL),(1697,'LRG_800',1,'LRG_800',0,21235,'SO:0000738',NULL,NULL),(1698,'LRG_801',1,'LRG_801',0,9488,'SO:0000738',NULL,NULL),(1699,'LRG_802',1,'LRG_802',0,72496,'SO:0000738',NULL,NULL),(1700,'LRG_803',1,'LRG_803',0,26746,'SO:0000738',NULL,NULL),(1701,'LRG_804',1,'LRG_804',0,13140,'SO:0000738',NULL,NULL),(1702,'LRG_805',1,'LRG_805',0,71449,'SO:0000738',NULL,NULL),(1703,'LRG_806',1,'LRG_806',0,34885,'SO:0000738',NULL,NULL),(1704,'LRG_807',1,'LRG_807',0,24911,'SO:0000738',NULL,NULL),(1705,'LRG_821',1,'LRG_821',0,13433,'SO:0000738',NULL,NULL),(1706,'LRG_840',1,'LRG_840',0,312394,'SO:0000738',NULL,NULL),(1707,'LRG_841',1,'LRG_841',0,131040,'SO:0000738',NULL,NULL),(1708,'LRG_842',1,'LRG_842',0,27905,'SO:0000738',NULL,NULL),(1709,'LRG_843',1,'LRG_843',0,125630,'SO:0000738',NULL,NULL),(1710,'LRG_845',1,'LRG_845',0,240141,'SO:0000738',NULL,NULL),(1711,'LRG_846',1,'LRG_846',0,75968,'SO:0000738',NULL,NULL),(1712,'LRG_869',1,'LRG_869',0,44520,'SO:0000738',NULL,NULL),(1713,'LRG_87',1,'LRG_87',0,22353,'SO:0000738',NULL,NULL),(1714,'LRG_871',1,'LRG_871',0,34738,'SO:0000738',NULL,NULL),(1715,'LRG_872',1,'LRG_872',0,471551,'SO:0000738',NULL,NULL),(1716,'LRG_873',1,'LRG_873',0,66258,'SO:0000738',NULL,NULL),(1717,'LRG_874',1,'LRG_874',0,33833,'SO:0000738',NULL,NULL),(1718,'LRG_1139',1,'LRG_1139',0,12528,'SO:0000738',NULL,NULL),(1719,'LRG_1142',1,'LRG_1142',0,11825,'SO:0000738',NULL,NULL),(1720,'LRG_1144',1,'LRG_1144',0,18499,'SO:0000738',NULL,NULL),(1721,'LRG_1145',1,'LRG_1145',0,30054,'SO:0000738',NULL,NULL),(1722,'LRG_1147',1,'LRG_1147',0,34727,'SO:0000738',NULL,NULL),(1723,'LRG_1149',1,'LRG_1149',0,45444,'SO:0000738',NULL,NULL),(1724,'LRG_1172',1,'LRG_1172',0,155977,'SO:0000738',NULL,NULL),(1725,'LRG_1174',1,'LRG_1174',0,50502,'SO:0000738',NULL,NULL),(1726,'LRG_1175',1,'LRG_1175',0,98903,'SO:0000738',NULL,NULL),(1727,'LRG_1176',1,'LRG_1176',0,36564,'SO:0000738',NULL,NULL),(1728,'LRG_1177',1,'LRG_1177',0,48152,'SO:0000738',NULL,NULL),(1729,'LRG_1192',1,'LRG_1192',0,141343,'SO:0000738',NULL,NULL),(1730,'LRG_1193',1,'LRG_1193',0,44472,'SO:0000738',NULL,NULL),(1731,'LRG_1194',1,'LRG_1194',0,102567,'SO:0000738',NULL,NULL),(1732,'LRG_1197',1,'LRG_1197',0,69604,'SO:0000738',NULL,NULL),(1733,'LRG_1198',1,'LRG_1198',0,54337,'SO:0000738',NULL,NULL),(1734,'LRG_1200',1,'LRG_1200',0,10133,'SO:0000738',NULL,NULL),(1735,'LRG_1202',1,'LRG_1202',0,7130,'SO:0000738',NULL,NULL),(1736,'LRG_1232',1,'LRG_1232',0,10106,'SO:0000738',NULL,NULL),(1737,'LRG_1236',1,'LRG_1236',0,23797,'SO:0000738',NULL,NULL),(1738,'LRG_1245',1,'LRG_1245',0,10452,'SO:0000738',NULL,NULL),(1739,'LRG_1252',1,'LRG_1252',0,30390,'SO:0000738',NULL,NULL),(1740,'LRG_1258',1,'LRG_1258',0,10334,'SO:0000738',NULL,NULL),(1741,'LRG_1259',1,'LRG_1259',0,27628,'SO:0000738',NULL,NULL),(1742,'LRG_1261',1,'LRG_1261',0,9793,'SO:0000738',NULL,NULL),(1743,'LRG_1266',1,'LRG_1266',0,30830,'SO:0000738',NULL,NULL),(1744,'LRG_1268',1,'LRG_1268',0,16728,'SO:0000738',NULL,NULL),(1745,'LRG_1269',1,'LRG_1269',0,25216,'SO:0000738',NULL,NULL),(1746,'LRG_1270',1,'LRG_1270',0,40886,'SO:0000738',NULL,NULL),(1747,'LRG_1271',1,'LRG_1271',0,25630,'SO:0000738',NULL,NULL),(1748,'LRG_1272',1,'LRG_1272',0,44622,'SO:0000738',NULL,NULL),(1749,'LRG_1273',1,'LRG_1273',0,15164,'SO:0000738',NULL,NULL),(1750,'LRG_1275',1,'LRG_1275',0,15424,'SO:0000738',NULL,NULL),(1751,'LRG_1276',1,'LRG_1276',0,257962,'SO:0000738',NULL,NULL),(1752,'LRG_1277',1,'LRG_1277',0,24533,'SO:0000738',NULL,NULL),(1753,'LRG_1278',1,'LRG_1278',0,17290,'SO:0000738',NULL,NULL),(1754,'LRG_1280',1,'LRG_1280',0,61981,'SO:0000738',NULL,NULL),(1755,'LRG_1281',1,'LRG_1281',0,43157,'SO:0000738',NULL,NULL),(1756,'LRG_1282',1,'LRG_1282',0,25240,'SO:0000738',NULL,NULL),(1757,'LRG_1283',1,'LRG_1283',0,18564,'SO:0000738',NULL,NULL),(1758,'LRG_1284',1,'LRG_1284',0,18970,'SO:0000738',NULL,NULL),(1759,'LRG_1288',1,'LRG_1288',0,94140,'SO:0000738',NULL,NULL),(1760,'LRG_1289',1,'LRG_1289',0,21129,'SO:0000738',NULL,NULL),(1761,'LRG_1290',1,'LRG_1290',0,14434,'SO:0000738',NULL,NULL),(1762,'LRG_1293',1,'LRG_1293',0,75659,'SO:0000738',NULL,NULL),(1763,'LRG_1294',1,'LRG_1294',0,13224,'SO:0000738',NULL,NULL),(1764,'LRG_1295',1,'LRG_1295',0,9917,'SO:0000738',NULL,NULL),(1765,'LRG_1296',1,'LRG_1296',0,73846,'SO:0000738',NULL,NULL),(1766,'LRG_1297',1,'LRG_1297',0,15350,'SO:0000738',NULL,NULL),(1767,'LRG_1298',1,'LRG_1298',0,72543,'SO:0000738',NULL,NULL),(1768,'LRG_1299',1,'LRG_1299',0,35901,'SO:0000738',NULL,NULL),(1769,'LRG_1300',1,'LRG_1300',0,242504,'SO:0000738',NULL,NULL),(1770,'LRG_1301',1,'LRG_1301',0,67992,'SO:0000738',NULL,NULL),(1771,'LRG_1302',1,'LRG_1302',0,14098,'SO:0000738',NULL,NULL),(1772,'LRG_1303',1,'LRG_1303',0,16457,'SO:0000738',NULL,NULL),(1773,'LRG_1304',1,'LRG_1304',0,25165,'SO:0000738',NULL,NULL),(1774,'LRG_1305',1,'LRG_1305',0,22607,'SO:0000738',NULL,NULL),(1775,'LRG_1307',1,'LRG_1307',0,29242,'SO:0000738',NULL,NULL),(1776,'LRG_1310',1,'LRG_1310',0,199868,'SO:0000738',NULL,NULL),(1777,'LRG_131',1,'LRG_131',0,17189,'SO:0000738',NULL,NULL),(1778,'LRG_1326',1,'LRG_1326',0,82850,'SO:0000738',NULL,NULL),(1779,'LRG_1331',1,'LRG_1331',0,10984,'SO:0000738',NULL,NULL),(1780,'LRG_1335',1,'LRG_1335',0,17980,'SO:0000738',NULL,NULL),(1781,'LRG_1339',1,'LRG_1339',0,42497,'SO:0000738',NULL,NULL),(1782,'LRG_1350',1,'LRG_1350',0,12513,'SO:0000738',NULL,NULL),(1783,'LRG_1351',1,'LRG_1351',0,172403,'SO:0000738',NULL,NULL),(1784,'LRG_1352',1,'LRG_1352',0,55192,'SO:0000738',NULL,NULL),(1785,'LRG_1353',1,'LRG_1353',0,173158,'SO:0000738',NULL,NULL),(1786,'LRG_1354',1,'LRG_1354',0,285464,'SO:0000738',NULL,NULL),(1787,'LRG_1355',1,'LRG_1355',0,8497,'SO:0000738',NULL,NULL),(1788,'LRG_1356',1,'LRG_1356',0,17375,'SO:0000738',NULL,NULL),(1789,'LRG_1358',1,'LRG_1358',0,59189,'SO:0000738',NULL,NULL),(1790,'LRG_1359',1,'LRG_1359',0,10753,'SO:0000738',NULL,NULL),(1791,'LRG_1360',1,'LRG_1360',0,19574,'SO:0000738',NULL,NULL),(1792,'LRG_1361',1,'LRG_1361',0,8111,'SO:0000738',NULL,NULL),(1793,'LRG_1362',1,'LRG_1362',0,173986,'SO:0000738',NULL,NULL),(1794,'LRG_1363',1,'LRG_1363',0,13880,'SO:0000738',NULL,NULL),(1795,'LRG_1394',1,'LRG_1394',0,22906,'SO:0000738',NULL,NULL),(1796,'LRG_1395',1,'LRG_1395',0,17434,'SO:0000738',NULL,NULL),(1797,'LRG_1397',1,'LRG_1397',0,14518,'SO:0000738',NULL,NULL),(1798,'LRG_1401',1,'LRG_1401',0,160896,'SO:0000738',NULL,NULL),(1799,'LRG_1402',1,'LRG_1402',0,14453,'SO:0000738',NULL,NULL),(1800,'LRG_1403',1,'LRG_1403',0,136592,'SO:0000738',NULL,NULL),(1801,'LRG_1410',1,'LRG_1410',0,16296,'SO:0000738',NULL,NULL),(1802,'LRG_1411',1,'LRG_1411',0,63638,'SO:0000738',NULL,NULL),(1803,'LRG_1412',1,'LRG_1412',0,86280,'SO:0000738',NULL,NULL),(1804,'LRG_1413',1,'LRG_1413',0,113075,'SO:0000738',NULL,NULL),(1805,'LRG_1414',1,'LRG_1414',0,37779,'SO:0000738',NULL,NULL),(1806,'LRG_1416',1,'LRG_1416',0,14181,'SO:0000738',NULL,NULL),(1807,'LRG_1417',1,'LRG_1417',0,40416,'SO:0000738',NULL,NULL),(1808,'LRG_1418',1,'LRG_1418',0,182277,'SO:0000738',NULL,NULL),(1809,'LRG_1419',1,'LRG_1419',0,23299,'SO:0000738',NULL,NULL),(1810,'LRG_1420',1,'LRG_1420',0,93996,'SO:0000738',NULL,NULL),(1811,'LRG_1421',1,'LRG_1421',0,151764,'SO:0000738',NULL,NULL),(1812,'LRG_1422',1,'LRG_1422',0,94468,'SO:0000738',NULL,NULL),(1813,'LRG_1423',1,'LRG_1423',0,28920,'SO:0000738',NULL,NULL),(1814,'LRG_1424',1,'LRG_1424',0,12569,'SO:0000738',NULL,NULL),(1815,'LRG_1425',1,'LRG_1425',0,134687,'SO:0000738',NULL,NULL),(1816,'LRG_1426',1,'LRG_1426',0,162660,'SO:0000738',NULL,NULL),(1817,'LRG_1427',1,'LRG_1427',0,233431,'SO:0000738',NULL,NULL),(1818,'LRG_1428',1,'LRG_1428',0,66666,'SO:0000738',NULL,NULL),(1819,'LRG_14',1,'LRG_14',0,31658,'SO:0000738',NULL,NULL),(1820,'LRG_153',1,'LRG_153',0,41927,'SO:0000738',NULL,NULL),(1821,'LRG_166',1,'LRG_166',0,15763,'SO:0000738',NULL,NULL),(1822,'LRG_167',1,'LRG_167',0,32004,'SO:0000738',NULL,NULL),(1823,'LRG_181',1,'LRG_181',0,37811,'SO:0000738',NULL,NULL),(1824,'LRG_206',1,'LRG_206',0,139369,'SO:0000738',NULL,NULL),(1825,'LRG_222',1,'LRG_222',0,8410,'SO:0000738',NULL,NULL),(1826,'LRG_223',1,'LRG_223',0,22680,'SO:0000738',NULL,NULL),(1827,'LRG_224',1,'LRG_224',0,94221,'SO:0000738',NULL,NULL),(1828,'LRG_225',1,'LRG_225',0,64543,'SO:0000738',NULL,NULL),(1829,'LRG_232',1,'LRG_232',0,264622,'SO:0000738',NULL,NULL),(1830,'LRG_233',1,'LRG_233',0,302925,'SO:0000738',NULL,NULL),(1831,'LRG_247',1,'LRG_247',0,165394,'SO:0000738',NULL,NULL),(1832,'LRG_277',1,'LRG_277',0,13543,'SO:0000738',NULL,NULL),(1833,'LRG_282',1,'LRG_282',0,8816,'SO:0000738',NULL,NULL),(1834,'LRG_302',1,'LRG_302',0,61124,'SO:0000738',NULL,NULL),(1835,'LRG_305',1,'LRG_305',0,78496,'SO:0000738',NULL,NULL),(1836,'LRG_312',1,'LRG_312',0,96374,'SO:0000738',NULL,NULL),(1837,'LRG_313',1,'LRG_313',0,43998,'SO:0000738',NULL,NULL),(1838,'LRG_315',1,'LRG_315',0,45460,'SO:0000738',NULL,NULL),(1839,'LRG_320',1,'LRG_320',0,27333,'SO:0000738',NULL,NULL),(1840,'LRG_323',1,'LRG_323',0,36668,'SO:0000738',NULL,NULL),(1841,'LRG_324',1,'LRG_324',0,114836,'SO:0000738',NULL,NULL),(1842,'LRG_339',1,'LRG_339',0,71616,'SO:0000738',NULL,NULL),(1843,'LRG_342',1,'LRG_342',0,10032,'SO:0000738',NULL,NULL),(1844,'LRG_370',1,'LRG_370',0,226187,'SO:0000738',NULL,NULL),(1845,'LRG_381',1,'LRG_381',0,408083,'SO:0000738',NULL,NULL),(1846,'LRG_407',1,'LRG_407',0,22097,'SO:0000738',NULL,NULL),(1847,'LRG_412',1,'LRG_412',0,177715,'SO:0000738',NULL,NULL),(1848,'LRG_418',1,'LRG_418',0,297764,'SO:0000738',NULL,NULL),(1849,'LRG_420',1,'LRG_420',0,16762,'SO:0000738',NULL,NULL),(1850,'LRG_425',1,'LRG_425',0,201783,'SO:0000738',NULL,NULL),(1851,'LRG_427',1,'LRG_427',0,522713,'SO:0000738',NULL,NULL),(1852,'LRG_428',1,'LRG_428',0,307531,'SO:0000738',NULL,NULL),(1853,'LRG_430',1,'LRG_430',0,328118,'SO:0000738',NULL,NULL),(1854,'LRG_431',1,'LRG_431',0,25664,'SO:0000738',NULL,NULL),(1855,'LRG_436',1,'LRG_436',0,107491,'SO:0000738',NULL,NULL),(1856,'LRG_438',1,'LRG_438',0,177345,'SO:0000738',NULL,NULL),(1857,'LRG_441',1,'LRG_441',0,14122,'SO:0000738',NULL,NULL),(1858,'LRG_453',1,'LRG_453',0,93066,'SO:0000738',NULL,NULL),(1859,'LRG_468',1,'LRG_468',0,15630,'SO:0000738',NULL,NULL),(1860,'LRG_480',1,'LRG_480',0,9734,'SO:0000738',NULL,NULL),(1861,'LRG_506',1,'LRG_506',0,10309,'SO:0000738',NULL,NULL),(1862,'LRG_508',1,'LRG_508',0,51332,'SO:0000738',NULL,NULL),(1863,'LRG_547',1,'LRG_547',0,47711,'SO:0000738',NULL,NULL),(1864,'LRG_552',1,'LRG_552',0,19682,'SO:0000738',NULL,NULL),(1865,'LRG_555',1,'LRG_555',0,193936,'SO:0000738',NULL,NULL),(1866,'LRG_562',1,'LRG_562',0,37749,'SO:0000738',NULL,NULL),(1867,'LRG_563',1,'LRG_563',0,50935,'SO:0000738',NULL,NULL),(1868,'LRG_565',1,'LRG_565',0,56493,'SO:0000738',NULL,NULL),(1869,'LRG_573',1,'LRG_573',0,20731,'SO:0000738',NULL,NULL),(1870,'LRG_575',1,'LRG_575',0,20946,'SO:0000738',NULL,NULL),(1871,'LRG_576',1,'LRG_576',0,19805,'SO:0000738',NULL,NULL),(1872,'LRG_582',1,'LRG_582',0,11102,'SO:0000738',NULL,NULL),(1873,'LRG_585',1,'LRG_585',0,15617,'SO:0000738',NULL,NULL),(1874,'LRG_587',1,'LRG_587',0,182797,'SO:0000738',NULL,NULL),(1875,'LRG_591',1,'LRG_591',0,55255,'SO:0000738',NULL,NULL),(1876,'LRG_592',1,'LRG_592',0,23680,'SO:0000738',NULL,NULL),(1877,'LRG_594',1,'LRG_594',0,20626,'SO:0000738',NULL,NULL),(1878,'LRG_595',1,'LRG_595',0,38454,'SO:0000738',NULL,NULL),(1879,'LRG_596',1,'LRG_596',0,167082,'SO:0000738',NULL,NULL),(1880,'LRG_602',1,'LRG_602',0,737451,'SO:0000738',NULL,NULL),(1881,'LRG_603',1,'LRG_603',0,18127,'SO:0000738',NULL,NULL),(1882,'LRG_604',1,'LRG_604',0,108531,'SO:0000738',NULL,NULL),(1883,'LRG_606',1,'LRG_606',0,35996,'SO:0000738',NULL,NULL),(1884,'LRG_632',1,'LRG_632',0,58848,'SO:0000738',NULL,NULL),(1885,'LRG_633',1,'LRG_633',0,10005,'SO:0000738',NULL,NULL),(1886,'LRG_634',1,'LRG_634',0,82098,'SO:0000738',NULL,NULL),(1887,'LRG_635',1,'LRG_635',0,13493,'SO:0000738',NULL,NULL),(1888,'LRG_636',1,'LRG_636',0,8300,'SO:0000738',NULL,NULL),(1889,'LRG_637',1,'LRG_637',0,31252,'SO:0000738',NULL,NULL),(1890,'LRG_639',1,'LRG_639',0,31753,'SO:0000738',NULL,NULL),(1891,'LRG_641',1,'LRG_641',0,26728,'SO:0000738',NULL,NULL),(1892,'LRG_644',1,'LRG_644',0,38679,'SO:0000738',NULL,NULL),(1893,'LRG_645',1,'LRG_645',0,71272,'SO:0000738',NULL,NULL),(1894,'LRG_646',1,'LRG_646',0,133733,'SO:0000738',NULL,NULL),(1895,'LRG_647',1,'LRG_647',0,12595,'SO:0000738',NULL,NULL),(1896,'LRG_651',1,'LRG_651',0,57958,'SO:0000738',NULL,NULL),(1897,'LRG_654',1,'LRG_654',0,87910,'SO:0000738',NULL,NULL),(1898,'LRG_658',1,'LRG_658',0,45227,'SO:0000738',NULL,NULL),(1899,'LRG_660',1,'LRG_660',0,140872,'SO:0000738',NULL,NULL),(1900,'LRG_667',1,'LRG_667',0,22490,'SO:0000738',NULL,NULL),(1901,'LRG_716',1,'LRG_716',0,9193,'SO:0000738',NULL,NULL),(1902,'LRG_728',1,'LRG_728',0,29902,'SO:0000738',NULL,NULL),(1903,'LRG_729',1,'LRG_729',0,144801,'SO:0000738',NULL,NULL),(1904,'LRG_731',1,'LRG_731',0,55393,'SO:0000738',NULL,NULL),(1905,'LRG_732',1,'LRG_732',0,104229,'SO:0000738',NULL,NULL),(1906,'LRG_735',1,'LRG_735',0,12830,'SO:0000738',NULL,NULL),(1907,'LRG_736',1,'LRG_736',0,63957,'SO:0000738',NULL,NULL),(1908,'LRG_738',1,'LRG_738',0,200387,'SO:0000738',NULL,NULL),(1909,'LRG_739',1,'LRG_739',0,70960,'SO:0000738',NULL,NULL),(1910,'LRG_740',1,'LRG_740',0,88062,'SO:0000738',NULL,NULL),(1911,'LRG_743',1,'LRG_743',0,13066,'SO:0000738',NULL,NULL),(1912,'LRG_746',1,'LRG_746',0,19620,'SO:0000738',NULL,NULL),(1913,'LRG_747',1,'LRG_747',0,60982,'SO:0000738',NULL,NULL),(1914,'LRG_752',1,'LRG_752',0,41899,'SO:0000738',NULL,NULL),(1915,'LRG_769',1,'LRG_769',0,180795,'SO:0000738',NULL,NULL),(1916,'LRG_797',1,'LRG_797',0,74944,'SO:0000738',NULL,NULL),(1917,'LRG_799',1,'LRG_799',0,28313,'SO:0000738',NULL,NULL),(1918,'LRG_809',1,'LRG_809',0,8549,'SO:0000738',NULL,NULL),(1919,'LRG_810',1,'LRG_810',0,14380,'SO:0000738',NULL,NULL),(1920,'LRG_811',1,'LRG_811',0,16964,'SO:0000738',NULL,NULL),(1921,'LRG_812',1,'LRG_812',0,53251,'SO:0000738',NULL,NULL),(1922,'LRG_813',1,'LRG_813',0,47563,'SO:0000738',NULL,NULL),(1923,'LRG_814',1,'LRG_814',0,152638,'SO:0000738',NULL,NULL),(1924,'LRG_815',1,'LRG_815',0,100533,'SO:0000738',NULL,NULL),(1925,'LRG_816',1,'LRG_816',0,19169,'SO:0000738',NULL,NULL),(1926,'LRG_817',1,'LRG_817',0,12884,'SO:0000738',NULL,NULL),(1927,'LRG_819',1,'LRG_819',0,144146,'SO:0000738',NULL,NULL),(1928,'LRG_820',1,'LRG_820',0,28490,'SO:0000738',NULL,NULL),(1929,'LRG_823',1,'LRG_823',0,148059,'SO:0000738',NULL,NULL),(1930,'LRG_824',1,'LRG_824',0,16225,'SO:0000738',NULL,NULL),(1931,'LRG_826',1,'LRG_826',0,17998,'SO:0000738',NULL,NULL),(1932,'LRG_827',1,'LRG_827',0,10222,'SO:0000738',NULL,NULL),(1933,'LRG_829',1,'LRG_829',0,10338,'SO:0000738',NULL,NULL),(1934,'LRG_82',1,'LRG_82',0,27706,'SO:0000738',NULL,NULL),(1935,'LRG_830',1,'LRG_830',0,13696,'SO:0000738',NULL,NULL),(1936,'LRG_831',1,'LRG_831',0,47930,'SO:0000738',NULL,NULL),(1937,'LRG_832',1,'LRG_832',0,57220,'SO:0000738',NULL,NULL),(1938,'LRG_833',1,'LRG_833',0,55180,'SO:0000738',NULL,NULL),(1939,'LRG_834',1,'LRG_834',0,32971,'SO:0000738',NULL,NULL),(1940,'LRG_835',1,'LRG_835',0,21349,'SO:0000738',NULL,NULL),(1941,'LRG_836',1,'LRG_836',0,282085,'SO:0000738',NULL,NULL),(1942,'LRG_848',1,'LRG_848',0,84250,'SO:0000738',NULL,NULL),(1943,'LRG_849',1,'LRG_849',0,74191,'SO:0000738',NULL,NULL),(1944,'LRG_850',1,'LRG_850',0,26138,'SO:0000738',NULL,NULL),(1945,'LRG_851',1,'LRG_851',0,9678,'SO:0000738',NULL,NULL),(1946,'LRG_852',1,'LRG_852',0,62058,'SO:0000738',NULL,NULL),(1947,'LRG_853',1,'LRG_853',0,325294,'SO:0000738',NULL,NULL),(1948,'LRG_854',1,'LRG_854',0,72484,'SO:0000738',NULL,NULL),(1949,'LRG_856',1,'LRG_856',0,765203,'SO:0000738',NULL,NULL),(1950,'LRG_857',1,'LRG_857',0,25047,'SO:0000738',NULL,NULL),(1951,'LRG_858',1,'LRG_858',0,11957,'SO:0000738',NULL,NULL),(1952,'LRG_859',1,'LRG_859',0,87064,'SO:0000738',NULL,NULL),(1953,'LRG_864',1,'LRG_864',0,163192,'SO:0000738',NULL,NULL),(1954,'LRG_865',1,'LRG_865',0,74970,'SO:0000738',NULL,NULL),(1955,'LRG_866',1,'LRG_866',0,145906,'SO:0000738',NULL,NULL),(1956,'LRG_877',1,'LRG_877',0,231418,'SO:0000738',NULL,NULL),(1957,'LRG_878',1,'LRG_878',0,125495,'SO:0000738',NULL,NULL),(1958,'LRG_881',1,'LRG_881',0,21517,'SO:0000738',NULL,NULL),(1959,'LRG_882',1,'LRG_882',0,220335,'SO:0000738',NULL,NULL),(1960,'LRG_888',1,'LRG_888',0,242419,'SO:0000738',NULL,NULL),(1961,'LRG_95',1,'LRG_95',0,125107,'SO:0000738',NULL,NULL),(1962,'LRG_989',1,'LRG_989',0,23769,'SO:0000738',NULL,NULL),(1963,'LRG_9',1,'LRG_9',0,39784,'SO:0000738',NULL,NULL),(1964,'Chromosome',3,'U00096.3',1,4641652,'SO:0000738',NULL,NULL),(1965,'1',4,'AL844501.2',1,640851,'SO:0000738',NULL,NULL),(1966,'2',4,'LN999943.1',1,947102,'SO:0000738',NULL,NULL),(1967,'3',4,'AL844502.2',1,1067971,'SO:0000738',NULL,NULL),(1968,'4',4,'AL844503.2',1,1200490,'SO:0000738',NULL,NULL),(1969,'5',4,'AL844504.2',1,1343557,'SO:0000738',NULL,NULL),(1970,'6',4,'AL844505.2',1,1418242,'SO:0000738',NULL,NULL),(1971,'7',4,'AL844506.3',1,1445207,'SO:0000738',NULL,NULL),(1972,'8',4,'AL844507.3',1,1472805,'SO:0000738',NULL,NULL),(1973,'9',4,'AL844508.2',1,1541735,'SO:0000738',NULL,NULL),(1974,'10',4,'LN999944.1',1,1687656,'SO:0000738',NULL,NULL),(1975,'11',4,'LN999945.1',1,2038340,'SO:0000738',NULL,NULL),(1976,'12',4,'LN999947.1',1,2271494,'SO:0000738',NULL,NULL),(1977,'13',4,'AL844509.3',1,2925236,'SO:0000738',NULL,NULL),(1978,'14',4,'LN999946.1',1,3291936,'SO:0000738',NULL,NULL),(1979,'1A',5,'LS992080.1',1,594102056,'SO:0000738',NULL,NULL),(1980,'1B',5,'LS992081.1',1,689851870,'SO:0000738',NULL,NULL),(1981,'1D',5,'LS992082.1',1,495453186,'SO:0000738',NULL,NULL),(1982,'2A',5,'LS992083.1',1,780798557,'SO:0000738',NULL,NULL),(1983,'2B',5,'LS992084.1',1,801256715,'SO:0000738',NULL,NULL),(1984,'2D',5,'LS992085.1',1,651852609,'SO:0000738',NULL,NULL),(1985,'3A',5,'LS992086.1',1,750843639,'SO:0000738',NULL,NULL),(1986,'3B',5,'LS992087.1',1,830829764,'SO:0000738',NULL,NULL),(1987,'3D',5,'LS992088.1',1,615552423,'SO:0000738',NULL,NULL),(1988,'4A',5,'LS992089.1',1,744588157,'SO:0000738',NULL,NULL),(1989,'4B',5,'LS992090.1',1,673617499,'SO:0000738',NULL,NULL),(1990,'4D',5,'LS992091.1',1,509857067,'SO:0000738',NULL,NULL),(1991,'5A',5,'LS992092.1',1,709773743,'SO:0000738',NULL,NULL),(1992,'5B',5,'LS992093.1',1,713149757,'SO:0000738',NULL,NULL),(1993,'5D',5,'LS992094.1',1,566080677,'SO:0000738',NULL,NULL),(1994,'6A',5,'LS992095.1',1,618079260,'SO:0000738',NULL,NULL),(1995,'6B',5,'LS992096.1',1,720988478,'SO:0000738',NULL,NULL),(1996,'6D',5,'LS992097.1',1,473592718,'SO:0000738',NULL,NULL),(1997,'7A',5,'LS992098.1',1,736706236,'SO:0000738',NULL,NULL),(1998,'7B',5,'LS992099.1',1,750620385,'SO:0000738',NULL,NULL),(1999,'7D',5,'LS992100.1',1,638686055,'SO:0000738',NULL,NULL),(2000,'Un',5,'LS992101.1',1,480980714,'SO:0000738',NULL,NULL),(2001,'I',6,'BK006935.2',1,230218,'SO:0000738',NULL,NULL),(2002,'II',6,'BK006936.2',1,813184,'SO:0000738',NULL,NULL),(2003,'III',6,'BK006937.2',1,316620,'SO:0000738',NULL,NULL),(2004,'IV',6,'BK006938.2',1,1531933,'SO:0000738',NULL,NULL),(2005,'V',6,'BK006939.2',1,576874,'SO:0000738',NULL,NULL),(2006,'VI',6,'BK006940.2',1,270161,'SO:0000738',NULL,NULL),(2007,'VII',6,'BK006941.2',1,1090940,'SO:0000738',NULL,NULL),(2008,'VIII',6,'BK006934.2',1,562643,'SO:0000738',NULL,NULL),(2009,'IX',6,'BK006942.2',1,439888,'SO:0000738',NULL,NULL),(2010,'X',6,'BK006943.2',1,745751,'SO:0000738',NULL,NULL),(2011,'XI',6,'BK006944.2',1,666816,'SO:0000738',NULL,NULL),(2012,'XII',6,'BK006945.2',1,1078177,'SO:0000738',NULL,NULL),(2013,'XIII',6,'BK006946.2',1,924431,'SO:0000738',NULL,NULL),(2014,'XIV',6,'BK006947.3',1,784333,'SO:0000738',NULL,NULL),(2015,'XV',6,'BK006948.2',1,1091291,'SO:0000738',NULL,NULL),(2016,'XVI',6,'BK006949.2',1,948066,'SO:0000738',NULL,NULL),(2017,'Mito',6,'AJ011856.1',1,85779,'SO:0000737',NULL,NULL),(2018,'I',7,'BX284601.5',1,15072434,'SO:0000738',NULL,NULL),(2019,'II',7,'BX284602.5',1,15279421,'SO:0000738',NULL,NULL),(2020,'III',7,'BX284603.4',1,13783801,'SO:0000738',NULL,NULL),(2021,'IV',7,'BX284604.4',1,17493829,'SO:0000738',NULL,NULL),(2022,'V',7,'BX284605.5',1,20924180,'SO:0000738',NULL,NULL),(2023,'X',7,'BX284606.5',1,17718942,'SO:0000738',NULL,NULL),(2024,'MtDNA',7,'X54252.1',1,13794,'SO:0000737',NULL,NULL);
/*!40000 ALTER TABLE `assembly_sequence` ENABLE KEYS */;
UNLOCK TABLES;

--
-- Table structure for table `attribute`
--

DROP TABLE IF EXISTS `attribute`;
/*!40101 SET @saved_cs_client     = @@character_set_client */;
/*!40101 SET character_set_client = utf8 */;
CREATE TABLE `attribute` (
  `attribute_id` int(11) NOT NULL AUTO_INCREMENT,
  `name` varchar(128) NOT NULL,
  `label` varchar(128) NOT NULL,
  `description` varchar(255) DEFAULT NULL,
  `type` varchar(32) NOT NULL,
  PRIMARY KEY (`attribute_id`),
  UNIQUE KEY `name` (`name`),
  UNIQUE KEY `name_2` (`name`)
) ENGINE=InnoDB DEFAULT CHARSET=latin1 COLLATE=latin1_swedish_ci ROW_FORMAT=COMPACT;
/*!40101 SET character_set_client = @saved_cs_client */;

--
-- Dumping data for table `attribute`
--

LOCK TABLES `attribute` WRITE;
/*!40000 ALTER TABLE `attribute` DISABLE KEYS */;
/*!40000 ALTER TABLE `attribute` ENABLE KEYS */;
UNLOCK TABLES;

--
-- Table structure for table `dataset`
--

DROP TABLE IF EXISTS `dataset`;
/*!40101 SET @saved_cs_client     = @@character_set_client */;
/*!40101 SET character_set_client = utf8 */;
CREATE TABLE `dataset` (
  `dataset_id` int(11) NOT NULL AUTO_INCREMENT,
  `dataset_uuid` varchar(128) NOT NULL,
  `dataset_type_id` int(11) NOT NULL,
  `name` varchar(128) NOT NULL,
  `version` varchar(128) DEFAULT NULL,
  `created` datetime(6) NOT NULL,
  `dataset_source_id` int(11) NOT NULL,
  `label` varchar(128) NOT NULL,
  `status` enum('Submitted','Progressing','Processed') DEFAULT 'Submitted',
  PRIMARY KEY (`dataset_id`),
  UNIQUE KEY `dataset_uuid` (`dataset_uuid`),
  KEY `dataset_dataset_source_id_fd96f115_fk_dataset_s` (`dataset_source_id`),
  KEY `dataset_type_id_eb55ae9a` (`dataset_type_id`),
  CONSTRAINT `dataset_dataset_source_id_fd96f115_fk_dataset_s` FOREIGN KEY (`dataset_source_id`) REFERENCES `dataset_source` (`dataset_source_id`),
  CONSTRAINT `dataset_dataset_type_id_47284562_fk_dataset_type_dataset_type_id` FOREIGN KEY (`dataset_type_id`) REFERENCES `dataset_type` (`dataset_type_id`)
) ENGINE=InnoDB AUTO_INCREMENT=15 DEFAULT CHARSET=latin1 COLLATE=latin1_swedish_ci ROW_FORMAT=COMPACT;
/*!40101 SET character_set_client = @saved_cs_client */;

--
-- Dumping data for table `dataset`
--

LOCK TABLES `dataset` WRITE;
/*!40000 ALTER TABLE `dataset` DISABLE KEYS */;
INSERT INTO `dataset` VALUES (1,'559d7660-d92d-47e1-924e-e741151c2cef',1,'assembly',NULL,'2023-05-12 13:30:58.000000',1,'GCA_000001405.28','Submitted'),(2,'230896ef-d1ab-4620-b688-432394c9ed6e',2,'genebuild','GENCODE 42','2023-05-12 13:30:58.000000',1,'2022-07','Submitted'),(3,'6e82999b-7a8c-429c-a2af-8d77a59a2e81',1,'assembly',NULL,'2023-05-12 13:32:06.000000',2,'GCA_000001405.14','Submitted'),(4,'e87aff52-f343-42cf-8dc4-62263a38dd83',2,'genebuild','GENCODE 19','2023-05-12 13:32:06.000000',2,'2013-09','Submitted'),(5,'c98064f7-9861-4797-a2b9-30ad1567d816',1,'assembly',NULL,'2023-05-12 13:32:14.000000',3,'GCA_000005845.2','Submitted'),(6,'3316fe1a-83e7-46da-8a56-cf2b693d8060',2,'genebuild',NULL,'2023-05-12 13:32:14.000000',3,'2018-09','Submitted'),(7,'29dbda41-5188-4323-9318-ce546a87eee7',1,'assembly',NULL,'2023-05-12 13:32:25.000000',4,'GCA_000002765.2','Submitted'),(8,'e33e0506-dc12-47c7-b291-a1a8ee6c17b6',2,'genebuild',NULL,'2023-05-12 13:32:25.000000',4,'2017-10','Submitted'),(9,'b4ff55e3-d06a-4772-bb13-81c3207669e3',1,'assembly',NULL,'2023-05-12 13:32:36.000000',5,'GCA_900519105.1','Submitted'),(10,'0dc05c6e-2910-4dbd-879a-719ba97d5824',2,'genebuild',NULL,'2023-05-12 13:32:36.000000',5,'2018-04-IWGSC','Submitted'),(11,'ce23b201-653e-42f0-b9e0-56198b9421da',1,'assembly',NULL,'2023-05-12 13:32:46.000000',6,'GCA_000146045.2','Submitted'),(12,'96088e8c-a69c-4335-a407-92d6d7a84d15',2,'genebuild',NULL,'2023-05-12 13:32:46.000000',6,'2018-10','Submitted'),(13,'5f73aa4e-9551-4ddf-a10a-2a07065cc5ce',1,'assembly',NULL,'2023-05-12 13:32:52.000000',7,'GCA_000002985.3','Submitted'),(14,'feaa37ea-4217-4d9d-afca-576bdae11b36',2,'genebuild',NULL,'2023-05-12 13:32:52.000000',7,'2014-10','Submitted');
/*!40000 ALTER TABLE `dataset` ENABLE KEYS */;
UNLOCK TABLES;

--
-- Table structure for table `dataset_attribute`
--

DROP TABLE IF EXISTS `dataset_attribute`;
/*!40101 SET @saved_cs_client     = @@character_set_client */;
/*!40101 SET character_set_client = utf8 */;
CREATE TABLE `dataset_attribute` (
  `dataset_attribute_id` int(11) NOT NULL AUTO_INCREMENT,
  `value` varchar(128) NOT NULL,
  `attribute_id` int(11) NOT NULL,
  `dataset_id` int(11) NOT NULL,
  PRIMARY KEY (`dataset_attribute_id`),
  UNIQUE KEY `dataset_attribute_dataset_id_attribute_id__d3b34d8c_uniq` (`dataset_id`,`attribute_id`,`value`),
  KEY `dataset_attribute_attribute_id_55c51407_fk_attribute` (`attribute_id`),
  KEY `dataset_attribute_dataset_id_2e2afe19` (`dataset_id`),
  CONSTRAINT `dataset_attribute_attribute_id_55c51407_fk_attribute` FOREIGN KEY (`attribute_id`) REFERENCES `attribute` (`attribute_id`),
  CONSTRAINT `dataset_attribute_dataset_id_2e2afe19_fk_dataset_dataset_id` FOREIGN KEY (`dataset_id`) REFERENCES `dataset` (`dataset_id`)
) ENGINE=InnoDB DEFAULT CHARSET=latin1 COLLATE=latin1_swedish_ci ROW_FORMAT=COMPACT;
/*!40101 SET character_set_client = @saved_cs_client */;

--
-- Dumping data for table `dataset_attribute`
--

LOCK TABLES `dataset_attribute` WRITE;
/*!40000 ALTER TABLE `dataset_attribute` DISABLE KEYS */;
/*!40000 ALTER TABLE `dataset_attribute` ENABLE KEYS */;
UNLOCK TABLES;

--
-- Table structure for table `dataset_source`
--

DROP TABLE IF EXISTS `dataset_source`;
/*!40101 SET @saved_cs_client     = @@character_set_client */;
/*!40101 SET character_set_client = utf8 */;
CREATE TABLE `dataset_source` (
  `dataset_source_id` int(11) NOT NULL AUTO_INCREMENT,
  `type` varchar(32) NOT NULL,
  `name` varchar(255) NOT NULL,
  PRIMARY KEY (`dataset_source_id`),
  UNIQUE KEY `name` (`name`)
) ENGINE=InnoDB AUTO_INCREMENT=8 DEFAULT CHARSET=latin1 COLLATE=latin1_swedish_ci ROW_FORMAT=COMPACT;
/*!40101 SET character_set_client = @saved_cs_client */;

--
-- Dumping data for table `dataset_source`
--

LOCK TABLES `dataset_source` WRITE;
/*!40000 ALTER TABLE `dataset_source` DISABLE KEYS */;
INSERT INTO `dataset_source` VALUES (1,'core','homo_sapiens_core_108_38'),(2,'core','homo_sapiens_core_108_37'),(3,'core','bacteria_0_collection_core_55_108_1'),(4,'core','plasmodium_falciparum_core_55_108_1'),(5,'core','triticum_aestivum_core_55_108_4'),(6,'core','saccharomyces_cerevisiae_core_55_108_4'),(7,'core','caenorhabditis_elegans_core_55_108_282');
/*!40000 ALTER TABLE `dataset_source` ENABLE KEYS */;
UNLOCK TABLES;

--
-- Table structure for table `dataset_type`
--

DROP TABLE IF EXISTS `dataset_type`;
/*!40101 SET @saved_cs_client     = @@character_set_client */;
/*!40101 SET character_set_client = utf8 */;
CREATE TABLE `dataset_type` (
  `dataset_type_id` int(11) NOT NULL AUTO_INCREMENT,
  `name` varchar(32) NOT NULL,
  `label` varchar(128) NOT NULL,
  `topic` varchar(32) NOT NULL,
  `description` varchar(255) DEFAULT NULL,
  `details_uri` varchar(255) DEFAULT NULL,
  PRIMARY KEY (`dataset_type_id`)
) ENGINE=InnoDB AUTO_INCREMENT=3 DEFAULT CHARSET=latin1 COLLATE=latin1_swedish_ci ROW_FORMAT=COMPACT;
/*!40101 SET character_set_client = @saved_cs_client */;

--
-- Dumping data for table `dataset_type`
--

LOCK TABLES `dataset_type` WRITE;
/*!40000 ALTER TABLE `dataset_type` DISABLE KEYS */;
INSERT INTO `dataset_type` VALUES (1,'assembly','Genomic assembly','assembly',NULL,NULL),(2,'genebuild','Genomic Build','Genomic build',NULL,NULL);
/*!40000 ALTER TABLE `dataset_type` ENABLE KEYS */;
UNLOCK TABLES;

--
-- Table structure for table `ensembl_release`
--

DROP TABLE IF EXISTS `ensembl_release`;
/*!40101 SET @saved_cs_client     = @@character_set_client */;
/*!40101 SET character_set_client = utf8 */;
CREATE TABLE `ensembl_release` (
  `release_id` int(11) NOT NULL AUTO_INCREMENT,
  `version` decimal(10,1) NOT NULL,
  `release_date` date NOT NULL,
  `label` varchar(64) DEFAULT NULL,
  `is_current` tinyint(1) NOT NULL,
  `site_id` int(11) DEFAULT NULL,
  `release_type` varchar(16) NOT NULL,
  PRIMARY KEY (`release_id`),
  UNIQUE KEY `ensembl_release_version_site_id_b743399a_uniq` (`version`,`site_id`),
  KEY `ensembl_release_site_id_7c2f537a_fk_ensembl_site_site_id` (`site_id`),
  CONSTRAINT `ensembl_release_site_id_7c2f537a_fk_ensembl_site_site_id` FOREIGN KEY (`site_id`) REFERENCES `ensembl_site` (`site_id`)
) ENGINE=InnoDB AUTO_INCREMENT=3 DEFAULT CHARSET=latin1 COLLATE=latin1_swedish_ci ROW_FORMAT=COMPACT;
/*!40101 SET character_set_client = @saved_cs_client */;

--
-- Dumping data for table `ensembl_release`
--

LOCK TABLES `ensembl_release` WRITE;
/*!40000 ALTER TABLE `ensembl_release` DISABLE KEYS */;
INSERT INTO `ensembl_release` VALUES (1,1.0,'2023-05-11','Old',0,NULL,'Partial'),(2,2.0,'2023-05-25','New',1,1,'Full');
/*!40000 ALTER TABLE `ensembl_release` ENABLE KEYS */;
UNLOCK TABLES;

--
-- Table structure for table `ensembl_site`
--

DROP TABLE IF EXISTS `ensembl_site`;
/*!40101 SET @saved_cs_client     = @@character_set_client */;
/*!40101 SET character_set_client = utf8 */;
CREATE TABLE `ensembl_site` (
  `site_id` int(11) NOT NULL AUTO_INCREMENT,
  `name` varchar(64) NOT NULL,
  `label` varchar(64) NOT NULL,
  `uri` varchar(64) NOT NULL,
  PRIMARY KEY (`site_id`)
) ENGINE=InnoDB AUTO_INCREMENT=2 DEFAULT CHARSET=latin1 COLLATE=latin1_swedish_ci ROW_FORMAT=COMPACT;
/*!40101 SET character_set_client = @saved_cs_client */;

--
-- Dumping data for table `ensembl_site`
--

LOCK TABLES `ensembl_site` WRITE;
/*!40000 ALTER TABLE `ensembl_site` DISABLE KEYS */;
INSERT INTO `ensembl_site` VALUES (1,'Test','JustaTest','NA');
/*!40000 ALTER TABLE `ensembl_site` ENABLE KEYS */;
UNLOCK TABLES;

--
-- Table structure for table `genome`
--

DROP TABLE IF EXISTS `genome`;
/*!40101 SET @saved_cs_client     = @@character_set_client */;
/*!40101 SET character_set_client = utf8 */;
CREATE TABLE `genome` (
  `genome_id` int(11) NOT NULL AUTO_INCREMENT,
  `genome_uuid` varchar(128) NOT NULL,
  `assembly_id` int(11) NOT NULL,
  `organism_id` int(11) NOT NULL,
  `created` datetime(6) NOT NULL,
  PRIMARY KEY (`genome_id`),
  UNIQUE KEY `genome_uuid` (`genome_uuid`),
  KEY `genome_assembly_id_0a748388_fk_assembly_assembly_id` (`assembly_id`),
  KEY `genome_organism_id_99ad7f35_fk_organism_organism_id` (`organism_id`),
  CONSTRAINT `genome_assembly_id_0a748388_fk_assembly_assembly_id` FOREIGN KEY (`assembly_id`) REFERENCES `assembly` (`assembly_id`),
  CONSTRAINT `genome_organism_id_99ad7f35_fk_organism_organism_id` FOREIGN KEY (`organism_id`) REFERENCES `organism` (`organism_id`)
) ENGINE=InnoDB AUTO_INCREMENT=8 DEFAULT CHARSET=latin1 COLLATE=latin1_swedish_ci ROW_FORMAT=COMPACT;
/*!40101 SET character_set_client = @saved_cs_client */;

--
-- Dumping data for table `genome`
--

LOCK TABLES `genome` WRITE;
/*!40000 ALTER TABLE `genome` DISABLE KEYS */;
INSERT INTO `genome` VALUES (1,'a7335667-93e7-11ec-a39d-005056b38ce3',1,1,'2023-05-12 13:30:58.000000'),(2,'3704ceb1-948d-11ec-a39d-005056b38ce3',2,1,'2023-05-12 13:32:06.000000'),(3,'a73351f7-93e7-11ec-a39d-005056b38ce3',3,2,'2023-05-12 13:32:14.000000'),(4,'a73356e1-93e7-11ec-a39d-005056b38ce3',4,3,'2023-05-12 13:32:25.000000'),(5,'a73357ab-93e7-11ec-a39d-005056b38ce3',5,4,'2023-05-12 13:32:36.000000'),(6,'a733574a-93e7-11ec-a39d-005056b38ce3',6,5,'2023-05-12 13:32:46.000000'),(7,'a733550b-93e7-11ec-a39d-005056b38ce3',7,6,'2023-05-12 13:32:52.000000');
/*!40000 ALTER TABLE `genome` ENABLE KEYS */;
UNLOCK TABLES;

--
-- Table structure for table `genome_dataset`
--

DROP TABLE IF EXISTS `genome_dataset`;
/*!40101 SET @saved_cs_client     = @@character_set_client */;
/*!40101 SET character_set_client = utf8 */;
CREATE TABLE `genome_dataset` (
  `genome_dataset_id` int(11) NOT NULL AUTO_INCREMENT,
  `dataset_id` int(11) NOT NULL,
  `genome_id` int(11) NOT NULL,
  `release_id` int(11) DEFAULT NULL,
  `is_current` tinyint(1) NOT NULL,
  PRIMARY KEY (`genome_dataset_id`),
  KEY `ensembl_metadata_gen_dataset_id_26d7bac7_fk_dataset_d` (`dataset_id`),
  KEY `ensembl_metadata_gen_genome_id_7670a2c5_fk_genome_ge` (`genome_id`),
  KEY `ensembl_metadata_gen_release_id_c5440b9a_fk_ensembl_r` (`release_id`),
  CONSTRAINT `ensembl_metadata_gen_dataset_id_26d7bac7_fk_dataset_d` FOREIGN KEY (`dataset_id`) REFERENCES `dataset` (`dataset_id`),
  CONSTRAINT `ensembl_metadata_gen_genome_id_7670a2c5_fk_genome_ge` FOREIGN KEY (`genome_id`) REFERENCES `genome` (`genome_id`),
  CONSTRAINT `ensembl_metadata_gen_release_id_c5440b9a_fk_ensembl_r` FOREIGN KEY (`release_id`) REFERENCES `ensembl_release` (`release_id`)
) ENGINE=InnoDB AUTO_INCREMENT=15 DEFAULT CHARSET=latin1 COLLATE=latin1_swedish_ci ROW_FORMAT=COMPACT;
/*!40101 SET character_set_client = @saved_cs_client */;

--
-- Dumping data for table `genome_dataset`
--

LOCK TABLES `genome_dataset` WRITE;
/*!40000 ALTER TABLE `genome_dataset` DISABLE KEYS */;
INSERT INTO `genome_dataset` VALUES (1,1,1,1,0),(2,2,1,1,0),(3,3,2,1,1),(4,4,2,1,1),(5,5,3,2,0),(6,6,3,2,0),(7,7,4,2,1),(8,8,4,2,1),(9,9,5,NULL,0),(10,10,5,NULL,0),(11,11,6,NULL,0),(12,12,6,NULL,0),(13,13,7,NULL,0),(14,14,7,NULL,0);
/*!40000 ALTER TABLE `genome_dataset` ENABLE KEYS */;
UNLOCK TABLES;

--
-- Table structure for table `genome_release`
--

DROP TABLE IF EXISTS `genome_release`;
/*!40101 SET @saved_cs_client     = @@character_set_client */;
/*!40101 SET character_set_client = utf8 */;
CREATE TABLE `genome_release` (
  `genome_release_id` int(11) NOT NULL AUTO_INCREMENT,
  `genome_id` int(11) NOT NULL,
  `release_id` int(11) NOT NULL,
  `is_current` tinyint(1) NOT NULL,
  PRIMARY KEY (`genome_release_id`),
  KEY `genome_release_genome_id_3e45dc04_fk` (`genome_id`),
  KEY `genome_release_release_id_bca7e1e5_fk_ensembl_release_release_id` (`release_id`),
  CONSTRAINT `genome_release_genome_id_3e45dc04_fk` FOREIGN KEY (`genome_id`) REFERENCES `genome` (`genome_id`),
  CONSTRAINT `genome_release_release_id_bca7e1e5_fk_ensembl_release_release_id` FOREIGN KEY (`release_id`) REFERENCES `ensembl_release` (`release_id`)
) ENGINE=InnoDB AUTO_INCREMENT=5 DEFAULT CHARSET=latin1 COLLATE=latin1_swedish_ci ROW_FORMAT=COMPACT;
/*!40101 SET character_set_client = @saved_cs_client */;

--
-- Dumping data for table `genome_release`
--

LOCK TABLES `genome_release` WRITE;
/*!40000 ALTER TABLE `genome_release` DISABLE KEYS */;
INSERT INTO `genome_release` VALUES (1,1,1,0),(2,2,1,1),(3,3,2,0),(4,4,2,1);
/*!40000 ALTER TABLE `genome_release` ENABLE KEYS */;
UNLOCK TABLES;

--
-- Table structure for table `organism`
--

DROP TABLE IF EXISTS `organism`;
/*!40101 SET @saved_cs_client     = @@character_set_client */;
/*!40101 SET character_set_client = utf8 */;
CREATE TABLE `organism` (
  `organism_id` int(11) NOT NULL AUTO_INCREMENT,
  `taxonomy_id` int(11) NOT NULL,
  `species_taxonomy_id` int(11) DEFAULT NULL,
  `display_name` varchar(128) NOT NULL,
  `strain` varchar(128) DEFAULT NULL,
  `scientific_name` varchar(128) DEFAULT NULL,
  `url_name` varchar(128) NOT NULL,
  `ensembl_name` varchar(128) NOT NULL,
  `scientific_parlance_name` varchar(255) DEFAULT NULL,
  PRIMARY KEY (`organism_id`),
  UNIQUE KEY `ensembl_name` (`ensembl_name`)
) ENGINE=InnoDB AUTO_INCREMENT=7 DEFAULT CHARSET=latin1 COLLATE=latin1_swedish_ci ROW_FORMAT=COMPACT;
/*!40101 SET character_set_client = @saved_cs_client */;

--
-- Dumping data for table `organism`
--

LOCK TABLES `organism` WRITE;
/*!40000 ALTER TABLE `organism` DISABLE KEYS */;
INSERT INTO `organism` VALUES (1,9606,9606,'Human',NULL,'Homo sapiens','Homo_sapiens','homo_sapiens',NULL),(2,511145,562,'Escherichia coli str. K-12 substr. MG1655 str. K12 (GCA_000005845)',NULL,'Escherichia coli str. K-12 substr. MG1655 str. K12 (GCA_000005845)','Escherichia_coli_str_k_12_substr_mg1655_gca_000005845','escherichia_coli_str_k_12_substr_mg1655_gca_000005845',NULL),(3,36329,5833,'Plasmodium falciparum 3D7',NULL,'Plasmodium falciparum 3D7','Plasmodium_falciparum','plasmodium_falciparum',NULL),(4,4565,4565,'Triticum aestivum','reference (Chinese spring)','Triticum aestivum','Triticum_aestivum','triticum_aestivum',NULL),(5,559292,4932,'Saccharomyces cerevisiae','S288C','Saccharomyces cerevisiae S288c','Saccharomyces_cerevisiae','saccharomyces_cerevisiae',NULL),(6,6239,6239,'Caenorhabditis elegans (PRJNA13758)','N2','Caenorhabditis elegans','Caenorhabditis_elegans','caenorhabditis_elegans',NULL);
/*!40000 ALTER TABLE `organism` ENABLE KEYS */;
UNLOCK TABLES;

--
-- Table structure for table `organism_group`
--

DROP TABLE IF EXISTS `organism_group`;
/*!40101 SET @saved_cs_client     = @@character_set_client */;
/*!40101 SET character_set_client = utf8 */;
CREATE TABLE `organism_group` (
  `organism_group_id` int(11) NOT NULL AUTO_INCREMENT,
  `type` varchar(32) NOT NULL,
  `name` varchar(255) NOT NULL,
  `code` varchar(48) DEFAULT NULL,
  PRIMARY KEY (`organism_group_id`),
  UNIQUE KEY `group_type_name_63c2f6ac_uniq` (`type`,`name`),
  UNIQUE KEY `organism_group_code_uindex` (`code`)
) ENGINE=InnoDB AUTO_INCREMENT=7 DEFAULT CHARSET=latin1 COLLATE=latin1_swedish_ci ROW_FORMAT=COMPACT;
/*!40101 SET character_set_client = @saved_cs_client */;

--
-- Dumping data for table `organism_group`
--

LOCK TABLES `organism_group` WRITE;
/*!40000 ALTER TABLE `organism_group` DISABLE KEYS */;
INSERT INTO `organism_group` VALUES (1,'Division','EnsemblVertebrates',NULL),(2,'Division','EnsemblBacteria',NULL),(3,'Division','EnsemblProtists',NULL),(4,'Division','EnsemblPlants',NULL),(5,'Division','EnsemblFungi',NULL),(6,'Division','EnsemblMetazoa',NULL);
/*!40000 ALTER TABLE `organism_group` ENABLE KEYS */;
UNLOCK TABLES;

--
-- Table structure for table `organism_group_member`
--

DROP TABLE IF EXISTS `organism_group_member`;
/*!40101 SET @saved_cs_client     = @@character_set_client */;
/*!40101 SET character_set_client = utf8 */;
CREATE TABLE `organism_group_member` (
  `organism_group_member_id` int(11) NOT NULL AUTO_INCREMENT,
  `is_reference` tinyint(1) NOT NULL,
  `organism_id` int(11) NOT NULL,
  `organism_group_id` int(11) NOT NULL,
  PRIMARY KEY (`organism_group_member_id`),
  UNIQUE KEY `organism_group_member_organism_id_organism_gro_fe8f49ac_uniq` (`organism_id`,`organism_group_id`),
  KEY `organism_group_membe_organism_group_id_533ca128_fk_organism_` (`organism_group_id`),
  CONSTRAINT `organism_group_membe_organism_group_id_533ca128_fk_organism_` FOREIGN KEY (`organism_group_id`) REFERENCES `organism_group` (`organism_group_id`),
  CONSTRAINT `organism_group_membe_organism_id_2808252e_fk_organism_` FOREIGN KEY (`organism_id`) REFERENCES `organism` (`organism_id`)
) ENGINE=InnoDB AUTO_INCREMENT=7 DEFAULT CHARSET=latin1 COLLATE=latin1_swedish_ci ROW_FORMAT=COMPACT;
/*!40101 SET character_set_client = @saved_cs_client */;

--
-- Dumping data for table `organism_group_member`
--

LOCK TABLES `organism_group_member` WRITE;
/*!40000 ALTER TABLE `organism_group_member` DISABLE KEYS */;
INSERT INTO `organism_group_member` VALUES (1,0,1,1),(2,0,2,2),(3,0,3,3),(4,0,4,4),(5,0,5,5),(6,0,6,6);
/*!40000 ALTER TABLE `organism_group_member` ENABLE KEYS */;
UNLOCK TABLES;
/*!40103 SET TIME_ZONE=@OLD_TIME_ZONE */;

/*!40101 SET SQL_MODE=@OLD_SQL_MODE */;
/*!40014 SET FOREIGN_KEY_CHECKS=@OLD_FOREIGN_KEY_CHECKS */;
/*!40014 SET UNIQUE_CHECKS=@OLD_UNIQUE_CHECKS */;
/*!40101 SET CHARACTER_SET_CLIENT=@OLD_CHARACTER_SET_CLIENT */;
/*!40101 SET CHARACTER_SET_RESULTS=@OLD_CHARACTER_SET_RESULTS */;
/*!40101 SET COLLATION_CONNECTION=@OLD_COLLATION_CONNECTION */;
/*!40111 SET SQL_NOTES=@OLD_SQL_NOTES */;

-- Dump completed on 2023-05-18 11:10:30
