-- MySQL dump 10.13  Distrib 5.7.40, for Linux (x86_64)
--
-- Host: mysql-ens-test-1    Database: ensembl_genome_metadata
-- ------------------------------------------------------
-- Server version	5.6.36

/*!40101 SET @OLD_CHARACTER_SET_CLIENT=@@CHARACTER_SET_CLIENT */;
/*!40101 SET @OLD_CHARACTER_SET_RESULTS=@@CHARACTER_SET_RESULTS */;
/*!40101 SET @OLD_COLLATION_CONNECTION=@@COLLATION_CONNECTION */;
/*!40101 SET NAMES utf8 */;
/*!40103 SET @OLD_TIME_ZONE=@@TIME_ZONE */;
/*!40103 SET TIME_ZONE='+00:00' */;
/*!40014 SET @OLD_UNIQUE_CHECKS=@@UNIQUE_CHECKS, UNIQUE_CHECKS=0 */;
/*!40014 SET @OLD_FOREIGN_KEY_CHECKS=@@FOREIGN_KEY_CHECKS, FOREIGN_KEY_CHECKS=0 */;
/*!40101 SET @OLD_SQL_MODE=@@SQL_MODE, SQL_MODE='NO_AUTO_VALUE_ON_ZERO' */;
/*!40111 SET @OLD_SQL_NOTES=@@SQL_NOTES, SQL_NOTES=0 */;

--
-- Current Database: `ensembl_genome_metadata`
--

CREATE DATABASE /*!32312 IF NOT EXISTS*/ `ensembl_genome_metadata` /*!40100 DEFAULT CHARACTER SET latin1 */;

USE `ensembl_genome_metadata`;

--
-- Table structure for table `assembly`
--

DROP TABLE IF EXISTS `assembly`;
/*!40101 SET @saved_cs_client     = @@character_set_client */;
/*!40101 SET character_set_client = utf8 */;
CREATE TABLE `assembly` (
  `assembly_id` int(11) NOT NULL AUTO_INCREMENT,
  `ucsc_name` varchar(16) DEFAULT NULL,
  `accession` varchar(16) NOT NULL,
  `level` varchar(32) NOT NULL,
  `name` varchar(128) NOT NULL,
  `accession_body` varchar(32) DEFAULT NULL,
  `assembly_default` varchar(32) DEFAULT NULL,
  `tolid` varchar(32) DEFAULT NULL,
  `created` datetime DEFAULT NULL,
  `ensembl_name` varchar(255) DEFAULT NULL,
  PRIMARY KEY (`assembly_id`),
  UNIQUE KEY `accession` (`accession`),
  UNIQUE KEY `tol_id_key` (`tolid`),
  UNIQUE KEY `assembly_ensembl_name_uindex` (`ensembl_name`)
) ENGINE=InnoDB AUTO_INCREMENT=9 DEFAULT CHARSET=latin1 ROW_FORMAT=COMPACT;
/*!40101 SET character_set_client = @saved_cs_client */;

--
-- Dumping data for table `assembly`
--

LOCK TABLES `assembly` WRITE;
/*!40000 ALTER TABLE `assembly` DISABLE KEYS */;
INSERT INTO `assembly` (`assembly_id`, `ucsc_name`, `accession`, `level`, `name`, `accession_body`, `assembly_default`, `tolid`, `created`, `ensembl_name`) VALUES (1,NULL,'GCA_000005845.2','chromosome','ASM584v2',NULL,NULL,NULL,'2022-06-21 10:18:12',NULL),(2,NULL,'GCA_000002985.3','chromosome','WBcel235',NULL,NULL,NULL,'2022-06-21 10:18:12',NULL),(3,'hg38','GCA_000001405.28','chromosome','GRCh38.p13',NULL,NULL,NULL,'2022-06-21 10:18:12','grch38'),(4,NULL,'GCA_000002765.2','chromosome','ASM276v2',NULL,NULL,NULL,'2022-06-21 10:18:12',NULL),(5,NULL,'GCA_000146045.2','chromosome','R64-1-1',NULL,NULL,NULL,'2022-06-21 10:18:12',NULL),(6,NULL,'GCA_900519105.1','chromosome','IWGSC',NULL,NULL,NULL,'2022-06-21 10:18:12',NULL),(8,'hg19','GCA_000001405.14','chromosome','GRCh37.p13',NULL,NULL,NULL,'2022-06-21 10:18:12','grch37');
/*!40000 ALTER TABLE `assembly` ENABLE KEYS */;
UNLOCK TABLES;

--
-- Table structure for table `assembly_sequence`
--

DROP TABLE IF EXISTS `assembly_sequence`;
/*!40101 SET @saved_cs_client     = @@character_set_client */;
/*!40101 SET character_set_client = utf8 */;
CREATE TABLE `assembly_sequence` (
  `assembly_sequence_id` int(11) NOT NULL AUTO_INCREMENT,
  `name` varchar(128) DEFAULT NULL,
  `assembly_id` int(11) NOT NULL,
  `accession` varchar(32) NOT NULL,
  `chromosomal` tinyint(1) NOT NULL,
  `length` int(11) NOT NULL,
  `sequence_location` varchar(10) DEFAULT NULL,
  `sequence_checksum` varchar(32) DEFAULT NULL,
  `ga4gh_identifier` varchar(32) DEFAULT NULL,
  PRIMARY KEY (`assembly_sequence_id`),
  UNIQUE KEY `assembly_sequence_assembly_id_accession_5f3e5119_uniq` (`assembly_id`,`accession`),
  KEY `assembly_sequence_assembly_id_2a84ddcb` (`assembly_id`),
  CONSTRAINT `assembly_sequence_assembly_id_2a84ddcb_fk_assembly_assembly_id` FOREIGN KEY (`assembly_id`) REFERENCES `assembly` (`assembly_id`) ON DELETE CASCADE ON UPDATE CASCADE
) ENGINE=InnoDB AUTO_INCREMENT=256 DEFAULT CHARSET=latin1 ROW_FORMAT=COMPACT;
/*!40101 SET character_set_client = @saved_cs_client */;

--
-- Dumping data for table `assembly_sequence`
--

LOCK TABLES `assembly_sequence` WRITE;
/*!40000 ALTER TABLE `assembly_sequence` DISABLE KEYS */;
INSERT INTO `assembly_sequence` (`assembly_sequence_id`, `name`, `assembly_id`, `accession`, `chromosomal`, `length`, `sequence_location`, `sequence_checksum`, `ga4gh_identifier`) VALUES (1,'1',3,'CM000663.2',1,248956422,'SO:0000738',NULL,NULL),(2,'2',3,'CM000664.2',1,242193529,'SO:0000738',NULL,NULL),(3,'3',3,'CM000665.2',1,198295559,'SO:0000738',NULL,NULL),(4,'4',3,'CM000666.2',1,190214555,'SO:0000738',NULL,NULL),(5,'5',3,'CM000667.2',1,181538259,'SO:0000738',NULL,NULL),(6,'6',3,'CM000668.2',1,170805979,'SO:0000738',NULL,NULL),(7,'7',3,'CM000669.2',1,159345973,'SO:0000738',NULL,NULL),(8,'8',3,'CM000670.2',1,145138636,'SO:0000738',NULL,NULL),(9,'9',3,'CM000671.2',1,138394717,'SO:0000738',NULL,NULL),(10,'10',3,'CM000672.2',1,133797422,'SO:0000738',NULL,NULL),(11,'11',3,'CM000673.2',1,135086622,'SO:0000738',NULL,NULL),(12,'12',3,'CM000674.2',1,133275309,'SO:0000738',NULL,NULL),(13,'13',3,'CM000675.2',1,114364328,'SO:0000738',NULL,NULL),(14,'14',3,'CM000676.2',1,107043718,'SO:0000738',NULL,NULL),(15,'15',3,'CM000677.2',1,101991189,'SO:0000738',NULL,NULL),(16,'16',3,'CM000678.2',1,90338345,'SO:0000738',NULL,NULL),(17,'17',3,'CM000679.2',1,83257441,'SO:0000738',NULL,NULL),(18,'18',3,'CM000680.2',1,80373285,'SO:0000738',NULL,NULL),(19,'19',3,'CM000681.2',1,58617616,'SO:0000738',NULL,NULL),(20,'20',3,'CM000682.2',1,64444167,'SO:0000738',NULL,NULL),(21,'21',3,'CM000683.2',1,46709983,'SO:0000738',NULL,NULL),(22,'22',3,'CM000684.2',1,50818468,'SO:0000738',NULL,NULL),(23,'X',3,'CM000685.2',1,156040895,'SO:0000738',NULL,NULL),(24,'Y',3,'CM000686.2',1,57227415,'SO:0000738',NULL,NULL),(25,NULL,3,'GL000008.2',0,209709,'SO:0000738',NULL,NULL),(26,NULL,3,'GL000009.2',0,201709,'SO:0000738',NULL,NULL),(27,NULL,3,'GL000194.1',0,191469,'SO:0000738',NULL,NULL),(28,NULL,3,'GL000195.1',0,182896,'SO:0000738',NULL,NULL),(29,NULL,3,'GL000205.2',0,185591,'SO:0000738',NULL,NULL),(30,NULL,3,'GL000208.1',0,92689,'SO:0000738',NULL,NULL),(31,NULL,3,'GL000213.1',0,164239,'SO:0000738',NULL,NULL),(32,NULL,3,'GL000214.1',0,137718,'SO:0000738',NULL,NULL),(33,NULL,3,'GL000216.2',0,176608,'SO:0000738',NULL,NULL),(34,NULL,3,'GL000218.1',0,161147,'SO:0000738',NULL,NULL),(35,NULL,3,'GL000219.1',0,179198,'SO:0000738',NULL,NULL),(36,NULL,3,'GL000220.1',0,161802,'SO:0000738',NULL,NULL),(37,NULL,3,'GL000221.1',0,155397,'SO:0000738',NULL,NULL),(38,NULL,3,'GL000224.1',0,179693,'SO:0000738',NULL,NULL),(39,NULL,3,'GL000225.1',0,211173,'SO:0000738',NULL,NULL),(40,NULL,3,'GL000226.1',0,15008,'SO:0000738',NULL,NULL),(41,'MT',3,'J01415.2',1,16569,'SO:0000737',NULL,NULL),(42,NULL,3,'KI270302.1',0,2274,'SO:0000738',NULL,NULL),(43,NULL,3,'KI270303.1',0,1942,'SO:0000738',NULL,NULL),(44,NULL,3,'KI270304.1',0,2165,'SO:0000738',NULL,NULL),(45,NULL,3,'KI270305.1',0,1472,'SO:0000738',NULL,NULL),(46,NULL,3,'KI270310.1',0,1201,'SO:0000738',NULL,NULL),(47,NULL,3,'KI270311.1',0,12399,'SO:0000738',NULL,NULL),(48,NULL,3,'KI270312.1',0,998,'SO:0000738',NULL,NULL),(49,NULL,3,'KI270315.1',0,2276,'SO:0000738',NULL,NULL),(50,NULL,3,'KI270316.1',0,1444,'SO:0000738',NULL,NULL),(51,NULL,3,'KI270317.1',0,37690,'SO:0000738',NULL,NULL),(52,NULL,3,'KI270320.1',0,4416,'SO:0000738',NULL,NULL),(53,NULL,3,'KI270322.1',0,21476,'SO:0000738',NULL,NULL),(54,NULL,3,'KI270329.1',0,1040,'SO:0000738',NULL,NULL),(55,NULL,3,'KI270330.1',0,1652,'SO:0000738',NULL,NULL),(56,NULL,3,'KI270333.1',0,2699,'SO:0000738',NULL,NULL),(57,NULL,3,'KI270334.1',0,1368,'SO:0000738',NULL,NULL),(58,NULL,3,'KI270335.1',0,1048,'SO:0000738',NULL,NULL),(59,NULL,3,'KI270336.1',0,1026,'SO:0000738',NULL,NULL),(60,NULL,3,'KI270337.1',0,1121,'SO:0000738',NULL,NULL),(61,NULL,3,'KI270338.1',0,1428,'SO:0000738',NULL,NULL),(62,NULL,3,'KI270340.1',0,1428,'SO:0000738',NULL,NULL),(63,NULL,3,'KI270362.1',0,3530,'SO:0000738',NULL,NULL),(64,NULL,3,'KI270363.1',0,1803,'SO:0000738',NULL,NULL),(65,NULL,3,'KI270364.1',0,2855,'SO:0000738',NULL,NULL),(66,NULL,3,'KI270366.1',0,8320,'SO:0000738',NULL,NULL),(67,NULL,3,'KI270371.1',0,2805,'SO:0000738',NULL,NULL),(68,NULL,3,'KI270372.1',0,1650,'SO:0000738',NULL,NULL),(69,NULL,3,'KI270373.1',0,1451,'SO:0000738',NULL,NULL),(70,NULL,3,'KI270374.1',0,2656,'SO:0000738',NULL,NULL),(71,NULL,3,'KI270375.1',0,2378,'SO:0000738',NULL,NULL),(72,NULL,3,'KI270376.1',0,1136,'SO:0000738',NULL,NULL),(73,NULL,3,'KI270378.1',0,1048,'SO:0000738',NULL,NULL),(74,NULL,3,'KI270379.1',0,1045,'SO:0000738',NULL,NULL),(75,NULL,3,'KI270381.1',0,1930,'SO:0000738',NULL,NULL),(76,NULL,3,'KI270382.1',0,4215,'SO:0000738',NULL,NULL),(77,NULL,3,'KI270383.1',0,1750,'SO:0000738',NULL,NULL),(78,NULL,3,'KI270384.1',0,1658,'SO:0000738',NULL,NULL),(79,NULL,3,'KI270385.1',0,990,'SO:0000738',NULL,NULL),(80,NULL,3,'KI270386.1',0,1788,'SO:0000738',NULL,NULL),(81,NULL,3,'KI270387.1',0,1537,'SO:0000738',NULL,NULL),(82,NULL,3,'KI270388.1',0,1216,'SO:0000738',NULL,NULL),(83,NULL,3,'KI270389.1',0,1298,'SO:0000738',NULL,NULL),(84,NULL,3,'KI270390.1',0,2387,'SO:0000738',NULL,NULL),(85,NULL,3,'KI270391.1',0,1484,'SO:0000738',NULL,NULL),(86,NULL,3,'KI270392.1',0,971,'SO:0000738',NULL,NULL),(87,NULL,3,'KI270393.1',0,1308,'SO:0000738',NULL,NULL),(88,NULL,3,'KI270394.1',0,970,'SO:0000738',NULL,NULL),(89,NULL,3,'KI270395.1',0,1143,'SO:0000738',NULL,NULL),(90,NULL,3,'KI270396.1',0,1880,'SO:0000738',NULL,NULL),(91,NULL,3,'KI270411.1',0,2646,'SO:0000738',NULL,NULL),(92,NULL,3,'KI270412.1',0,1179,'SO:0000738',NULL,NULL),(93,NULL,3,'KI270414.1',0,2489,'SO:0000738',NULL,NULL),(94,NULL,3,'KI270417.1',0,2043,'SO:0000738',NULL,NULL),(95,NULL,3,'KI270418.1',0,2145,'SO:0000738',NULL,NULL),(96,NULL,3,'KI270419.1',0,1029,'SO:0000738',NULL,NULL),(97,NULL,3,'KI270420.1',0,2321,'SO:0000738',NULL,NULL),(98,NULL,3,'KI270422.1',0,1445,'SO:0000738',NULL,NULL),(99,NULL,3,'KI270423.1',0,981,'SO:0000738',NULL,NULL),(100,NULL,3,'KI270424.1',0,2140,'SO:0000738',NULL,NULL),(101,NULL,3,'KI270425.1',0,1884,'SO:0000738',NULL,NULL),(102,NULL,3,'KI270429.1',0,1361,'SO:0000738',NULL,NULL),(103,NULL,3,'KI270435.1',0,92983,'SO:0000738',NULL,NULL),(104,NULL,3,'KI270438.1',0,112505,'SO:0000738',NULL,NULL),(105,NULL,3,'KI270442.1',0,392061,'SO:0000738',NULL,NULL),(106,NULL,3,'KI270448.1',0,7992,'SO:0000738',NULL,NULL),(107,NULL,3,'KI270465.1',0,1774,'SO:0000738',NULL,NULL),(108,NULL,3,'KI270466.1',0,1233,'SO:0000738',NULL,NULL),(109,NULL,3,'KI270467.1',0,3920,'SO:0000738',NULL,NULL),(110,NULL,3,'KI270468.1',0,4055,'SO:0000738',NULL,NULL),(111,NULL,3,'KI270507.1',0,5353,'SO:0000738',NULL,NULL),(112,NULL,3,'KI270508.1',0,1951,'SO:0000738',NULL,NULL),(113,NULL,3,'KI270509.1',0,2318,'SO:0000738',NULL,NULL),(114,NULL,3,'KI270510.1',0,2415,'SO:0000738',NULL,NULL),(115,NULL,3,'KI270511.1',0,8127,'SO:0000738',NULL,NULL),(116,NULL,3,'KI270512.1',0,22689,'SO:0000738',NULL,NULL),(117,NULL,3,'KI270515.1',0,6361,'SO:0000738',NULL,NULL),(118,NULL,3,'KI270516.1',0,1300,'SO:0000738',NULL,NULL),(119,NULL,3,'KI270517.1',0,3253,'SO:0000738',NULL,NULL),(120,NULL,3,'KI270518.1',0,2186,'SO:0000738',NULL,NULL),(121,NULL,3,'KI270519.1',0,138126,'SO:0000738',NULL,NULL),(122,NULL,3,'KI270521.1',0,7642,'SO:0000738',NULL,NULL),(123,NULL,3,'KI270522.1',0,5674,'SO:0000738',NULL,NULL),(124,NULL,3,'KI270528.1',0,2983,'SO:0000738',NULL,NULL),(125,NULL,3,'KI270529.1',0,1899,'SO:0000738',NULL,NULL),(126,NULL,3,'KI270530.1',0,2168,'SO:0000738',NULL,NULL),(127,NULL,3,'KI270538.1',0,91309,'SO:0000738',NULL,NULL),(128,NULL,3,'KI270539.1',0,993,'SO:0000738',NULL,NULL),(129,NULL,3,'KI270544.1',0,1202,'SO:0000738',NULL,NULL),(130,NULL,3,'KI270548.1',0,1599,'SO:0000738',NULL,NULL),(131,NULL,3,'KI270579.1',0,31033,'SO:0000738',NULL,NULL),(132,NULL,3,'KI270580.1',0,1553,'SO:0000738',NULL,NULL),(133,NULL,3,'KI270581.1',0,7046,'SO:0000738',NULL,NULL),(134,NULL,3,'KI270582.1',0,6504,'SO:0000738',NULL,NULL),(135,NULL,3,'KI270583.1',0,1400,'SO:0000738',NULL,NULL),(136,NULL,3,'KI270584.1',0,4513,'SO:0000738',NULL,NULL),(137,NULL,3,'KI270587.1',0,2969,'SO:0000738',NULL,NULL),(138,NULL,3,'KI270588.1',0,6158,'SO:0000738',NULL,NULL),(139,NULL,3,'KI270589.1',0,44474,'SO:0000738',NULL,NULL),(140,NULL,3,'KI270590.1',0,4685,'SO:0000738',NULL,NULL),(141,NULL,3,'KI270591.1',0,5796,'SO:0000738',NULL,NULL),(142,NULL,3,'KI270593.1',0,3041,'SO:0000738',NULL,NULL),(143,NULL,3,'KI270706.1',0,175055,'SO:0000738',NULL,NULL),(144,NULL,3,'KI270707.1',0,32032,'SO:0000738',NULL,NULL),(145,NULL,3,'KI270708.1',0,127682,'SO:0000738',NULL,NULL),(146,NULL,3,'KI270709.1',0,66860,'SO:0000738',NULL,NULL),(147,NULL,3,'KI270710.1',0,40176,'SO:0000738',NULL,NULL),(148,NULL,3,'KI270711.1',0,42210,'SO:0000738',NULL,NULL),(149,NULL,3,'KI270712.1',0,176043,'SO:0000738',NULL,NULL),(150,NULL,3,'KI270713.1',0,40745,'SO:0000738',NULL,NULL),(151,NULL,3,'KI270714.1',0,41717,'SO:0000738',NULL,NULL),(152,NULL,3,'KI270715.1',0,161471,'SO:0000738',NULL,NULL),(153,NULL,3,'KI270716.1',0,153799,'SO:0000738',NULL,NULL),(154,NULL,3,'KI270717.1',0,40062,'SO:0000738',NULL,NULL),(155,NULL,3,'KI270718.1',0,38054,'SO:0000738',NULL,NULL),(156,NULL,3,'KI270719.1',0,176845,'SO:0000738',NULL,NULL),(157,NULL,3,'KI270720.1',0,39050,'SO:0000738',NULL,NULL),(158,NULL,3,'KI270721.1',0,100316,'SO:0000738',NULL,NULL),(159,NULL,3,'KI270722.1',0,194050,'SO:0000738',NULL,NULL),(160,NULL,3,'KI270723.1',0,38115,'SO:0000738',NULL,NULL),(161,NULL,3,'KI270724.1',0,39555,'SO:0000738',NULL,NULL),(162,NULL,3,'KI270725.1',0,172810,'SO:0000738',NULL,NULL),(163,NULL,3,'KI270726.1',0,43739,'SO:0000738',NULL,NULL),(164,NULL,3,'KI270727.1',0,448248,'SO:0000738',NULL,NULL),(165,NULL,3,'KI270728.1',0,1872759,'SO:0000738',NULL,NULL),(166,NULL,3,'KI270729.1',0,280839,'SO:0000738',NULL,NULL),(167,NULL,3,'KI270730.1',0,112551,'SO:0000738',NULL,NULL),(168,NULL,3,'KI270731.1',0,150754,'SO:0000738',NULL,NULL),(169,NULL,3,'KI270732.1',0,41543,'SO:0000738',NULL,NULL),(170,NULL,3,'KI270733.1',0,179772,'SO:0000738',NULL,NULL),(171,NULL,3,'KI270734.1',0,165050,'SO:0000738',NULL,NULL),(172,NULL,3,'KI270735.1',0,42811,'SO:0000738',NULL,NULL),(173,NULL,3,'KI270736.1',0,181920,'SO:0000738',NULL,NULL),(174,NULL,3,'KI270737.1',0,103838,'SO:0000738',NULL,NULL),(175,NULL,3,'KI270738.1',0,99375,'SO:0000738',NULL,NULL),(176,NULL,3,'KI270739.1',0,73985,'SO:0000738',NULL,NULL),(177,NULL,3,'KI270740.1',0,37240,'SO:0000738',NULL,NULL),(178,NULL,3,'KI270741.1',0,157432,'SO:0000738',NULL,NULL),(179,NULL,3,'KI270742.1',0,186739,'SO:0000738',NULL,NULL),(180,NULL,3,'KI270743.1',0,210658,'SO:0000738',NULL,NULL),(181,NULL,3,'KI270744.1',0,168472,'SO:0000738',NULL,NULL),(182,NULL,3,'KI270745.1',0,41891,'SO:0000738',NULL,NULL),(183,NULL,3,'KI270746.1',0,66486,'SO:0000738',NULL,NULL),(184,NULL,3,'KI270747.1',0,198735,'SO:0000738',NULL,NULL),(185,NULL,3,'KI270748.1',0,93321,'SO:0000738',NULL,NULL),(186,NULL,3,'KI270749.1',0,158759,'SO:0000738',NULL,NULL),(187,NULL,3,'KI270750.1',0,148850,'SO:0000738',NULL,NULL),(188,NULL,3,'KI270751.1',0,150742,'SO:0000738',NULL,NULL),(189,NULL,3,'KI270752.1',0,27745,'SO:0000738',NULL,NULL),(190,NULL,3,'KI270753.1',0,62944,'SO:0000738',NULL,NULL),(191,NULL,3,'KI270754.1',0,40191,'SO:0000738',NULL,NULL),(192,NULL,3,'KI270755.1',0,36723,'SO:0000738',NULL,NULL),(193,NULL,3,'KI270756.1',0,79590,'SO:0000738',NULL,NULL),(194,NULL,3,'KI270757.1',0,71251,'SO:0000738',NULL,NULL),(195,'1',4,'AL844501.2',1,640851,'SO:0000738',NULL,NULL),(196,'3',4,'AL844502.2',1,1067971,'SO:0000738',NULL,NULL),(197,'4',4,'AL844503.2',1,1200490,'SO:0000738',NULL,NULL),(198,'5',4,'AL844504.2',1,1343557,'SO:0000738',NULL,NULL),(199,'6',4,'AL844505.2',1,1418242,'SO:0000738',NULL,NULL),(200,'7',4,'AL844506.3',1,1445207,'SO:0000738',NULL,NULL),(201,'8',4,'AL844507.3',1,1472805,'SO:0000738',NULL,NULL),(202,'9',4,'AL844508.2',1,1541735,'SO:0000738',NULL,NULL),(203,'13',4,'AL844509.3',1,2925236,'SO:0000738',NULL,NULL),(204,'2',4,'LN999943.1',1,947102,'SO:0000738',NULL,NULL),(205,'10',4,'LN999944.1',1,1687656,'SO:0000738',NULL,NULL),(206,'11',4,'LN999945.1',1,2038340,'SO:0000738',NULL,NULL),(207,'14',4,'LN999946.1',1,3291936,'SO:0000738',NULL,NULL),(208,'12',4,'LN999947.1',1,2271494,'SO:0000738',NULL,NULL),(209,'I',2,'BX284601.5',1,15072434,'SO:0000738',NULL,NULL),(210,'II',2,'BX284602.5',1,15279421,'SO:0000738',NULL,NULL),(211,'III',2,'BX284603.4',1,13783801,'SO:0000738',NULL,NULL),(212,'IV',2,'BX284604.4',1,17493829,'SO:0000738',NULL,NULL),(213,'V',2,'BX284605.5',1,20924180,'SO:0000738',NULL,NULL),(214,'X',2,'BX284606.5',1,17718942,'SO:0000738',NULL,NULL),(215,'MtDNA',2,'X54252.1',1,13794,'SO:0000737',NULL,NULL),(216,'Chromosome',1,'U00096.3',1,4641652,'SO:0000738',NULL,NULL),(217,'Mito',5,'AJ011856.1',1,85779,'SO:0000737',NULL,NULL),(218,'VIII',5,'BK006934.2',1,562643,'SO:0000738',NULL,NULL),(219,'I',5,'BK006935.2',1,230218,'SO:0000738',NULL,NULL),(220,'II',5,'BK006936.2',1,813184,'SO:0000738',NULL,NULL),(221,'III',5,'BK006937.2',1,316620,'SO:0000738',NULL,NULL),(222,'IV',5,'BK006938.2',1,1531933,'SO:0000738',NULL,NULL),(223,'V',5,'BK006939.2',1,576874,'SO:0000738',NULL,NULL),(224,'VI',5,'BK006940.2',1,270161,'SO:0000738',NULL,NULL),(225,'VII',5,'BK006941.2',1,1090940,'SO:0000738',NULL,NULL),(226,'IX',5,'BK006942.2',1,439888,'SO:0000738',NULL,NULL),(227,'X',5,'BK006943.2',1,745751,'SO:0000738',NULL,NULL),(228,'XI',5,'BK006944.2',1,666816,'SO:0000738',NULL,NULL),(229,'XII',5,'BK006945.2',1,1078177,'SO:0000738',NULL,NULL),(230,'XIII',5,'BK006946.2',1,924431,'SO:0000738',NULL,NULL),(231,'XIV',5,'BK006947.3',1,784333,'SO:0000738',NULL,NULL),(232,'XV',5,'BK006948.2',1,1091291,'SO:0000738',NULL,NULL),(233,'XVI',5,'BK006949.2',1,948066,'SO:0000738',NULL,NULL),(234,'1A',6,'LS992080.1',1,594102056,'SO:0000738',NULL,NULL),(235,'1B',6,'LS992081.1',1,689851870,'SO:0000738',NULL,NULL),(236,'1D',6,'LS992082.1',1,495453186,'SO:0000738',NULL,NULL),(237,'2A',6,'LS992083.1',1,780798557,'SO:0000738',NULL,NULL),(238,'2B',6,'LS992084.1',1,801256715,'SO:0000738',NULL,NULL),(239,'2D',6,'LS992085.1',1,651852609,'SO:0000738',NULL,NULL),(240,'3A',6,'LS992086.1',1,750843639,'SO:0000738',NULL,NULL),(241,'3B',6,'LS992087.1',1,830829764,'SO:0000738',NULL,NULL),(242,'3D',6,'LS992088.1',1,615552423,'SO:0000738',NULL,NULL),(243,'4A',6,'LS992089.1',1,744588157,'SO:0000738',NULL,NULL),(244,'4B',6,'LS992090.1',1,673617499,'SO:0000738',NULL,NULL),(245,'4D',6,'LS992091.1',1,509857067,'SO:0000738',NULL,NULL),(246,'5A',6,'LS992092.1',1,709773743,'SO:0000738',NULL,NULL),(247,'5B',6,'LS992093.1',1,713149757,'SO:0000738',NULL,NULL),(248,'5D',6,'LS992094.1',1,566080677,'SO:0000738',NULL,NULL),(249,'6A',6,'LS992095.1',1,618079260,'SO:0000738',NULL,NULL),(250,'6B',6,'LS992096.1',1,720988478,'SO:0000738',NULL,NULL),(251,'6D',6,'LS992097.1',1,473592718,'SO:0000738',NULL,NULL),(252,'7A',6,'LS992098.1',1,736706236,'SO:0000738',NULL,NULL),(253,'7B',6,'LS992099.1',1,750620385,'SO:0000738',NULL,NULL),(254,'7D',6,'LS992100.1',1,638686055,'SO:0000738',NULL,NULL),(255,'Un',6,'LS992101.1',1,480980714,'SO:0000738',NULL,NULL);
/*!40000 ALTER TABLE `assembly_sequence` ENABLE KEYS */;
UNLOCK TABLES;

--
-- Table structure for table `attribute`
--

DROP TABLE IF EXISTS `attribute`;
/*!40101 SET @saved_cs_client     = @@character_set_client */;
/*!40101 SET character_set_client = utf8 */;
CREATE TABLE `attribute` (
  `attribute_id` int(11) NOT NULL AUTO_INCREMENT,
  `name` varchar(128) NOT NULL,
  `label` varchar(128) NOT NULL,
  `description` varchar(255) DEFAULT NULL,
  PRIMARY KEY (`attribute_id`)
) ENGINE=InnoDB AUTO_INCREMENT=215 DEFAULT CHARSET=latin1 ROW_FORMAT=COMPACT;
/*!40101 SET character_set_client = @saved_cs_client */;

--
-- Dumping data for table `attribute`
--

LOCK TABLES `attribute` WRITE;
/*!40000 ALTER TABLE `attribute` DISABLE KEYS */;
INSERT INTO `attribute` (`attribute_id`, `name`, `label`, `description`) VALUES (1,'aligned_tgac','Genes aligned from TGACv1 with Exonerate',NULL),(2,'ccds_import','CCDS set',NULL),(3,'cdd','CDD',NULL),(4,'cdna_coding','Protein-coding cDNA',NULL),(5,'cdna_lnoncoding','Long ncRNA cDNA',NULL),(6,'cdna_mnoncoding','Non-coding cDNA',NULL),(7,'cdna_pseudogene','Pseudogenic cDNA',NULL),(8,'cdna_snoncoding','Short ncRNA cDNA',NULL),(9,'cdna_undefined','',NULL),(10,'chainp','Chain peptide',NULL),(11,'cls_all_anchored','All Capture Long-Seq (anchored)',NULL),(12,'cls_all_unanchored','All Capture Long-Seq',NULL),(13,'cls_brain_anchored','Brain Capture Long-Seq (anchored)',NULL),(14,'cls_brain_unanchored','Brain Capture Long-Seq',NULL),(15,'cls_heart_anchored','Heart Capture Long-Seq (anchored)',NULL),(16,'cls_heart_unanchored','Heart Capture Long-Seq',NULL),(17,'cls_hela_anchored','HeLa Capture Long-Seq (anchored)',NULL),(18,'cls_hela_unanchored','HeLa Capture Long-Seq',NULL),(19,'cls_k562_anchored','K562 Capture Long-Seq (anchored)',NULL),(20,'cls_k562_unanchored','K562 Capture Long-Seq',NULL),(21,'cls_liver_anchored','Liver Capture Long-Seq (anchored)',NULL),(22,'cls_liver_unanchored','Liver Capture Long-Seq',NULL),(23,'cls_testes_anchored','Testes Capture Long-Seq (anchored)',NULL),(24,'cls_testes_unanchored','Testes Capture Long-Seq',NULL),(25,'cmscan_rfam_12.2','Rfam Models',NULL),(26,'cmscan_rfam_12.2_lca','Rfam Models (LCA)',NULL),(27,'dust','Low complexity (Dust)',NULL),(28,'ena_repeat','Repeats (ENA)',NULL),(29,'ena_repeat_direct','Direct repeats (ENA)',NULL),(30,'ena_repeat_dispersed','Dispersed repeats (ENA)',NULL),(31,'ena_repeat_tandem','Tandem repeats (ENA)',NULL),(32,'estgene','EST-based',NULL),(33,'est_exonerate','ESTs',NULL),(34,'exon_coding','Protein-coding exon',NULL),(35,'exon_lnoncoding','Long ncRNA exon',NULL),(36,'exon_mnoncoding','Non-coding exon',NULL),(37,'exon_pseudogene','Pseudogenic exon',NULL),(38,'exon_snoncoding','Short ncRNA exon',NULL),(39,'exon_undefined','',NULL),(40,'gene','Gene',NULL),(41,'gene3d','Gene3D',NULL),(42,'gene_coding','Protein-coding gene',NULL),(43,'gene_genomic_coding','Protein-coding gene',NULL),(44,'gene_genomic_lnoncoding','Long ncRNA gene',NULL),(45,'gene_genomic_mnoncoding','Non-coding gene',NULL),(46,'gene_genomic_pseudogene','Pseudogene',NULL),(47,'gene_genomic_snoncoding','Short ncRNA gene',NULL),(48,'gene_genomic_undefined','',NULL),(49,'gene_lnoncoding','Long ncRNA gene',NULL),(50,'gene_mnoncoding','Non-coding gene',NULL),(51,'gene_pseudogene','Pseudogene',NULL),(52,'gene_rnaseq','RNA-seq genes',NULL),(53,'gene_snoncoding','Short ncRNA gene',NULL),(54,'gene_undefined','',NULL),(55,'goa_import','GOA annotation',NULL),(56,'grc_alignment_import','GRC alignment import',NULL),(57,'hamap','HAMAP',NULL),(58,'hmmpanther','PANTHER',NULL),(59,'human_est','Human ESTs',NULL),(60,'interpro2go','InterPro2GO mapping',NULL),(61,'iwgsc_low_conf','Genes annotated with low confidence by IWGSC',NULL),(62,'lncrna_iwgsc','Long non coding RNA',NULL),(63,'location','Location',NULL),(64,'mirnas_iwgsc','microRNA',NULL),(65,'mobidblite','MobiDB lite',NULL),(66,'ncoils','Coiled-coils (Ncoils)',NULL),(67,'pfam','Pfam',NULL),(68,'pfscan','PROSITE profiles',NULL),(69,'pirsf','PIRSF',NULL),(70,'prints','Prints',NULL),(71,'refseq_import','RefSeq GFF3 annotation import',NULL),(72,'repeatmask','Repeats',NULL),(73,'repeatmask_redat','Repeats: REdat',NULL),(74,'repeatmask_repbase','Repeats: Repbase',NULL),(75,'repeatmask_repbase_human','Repeats',NULL),(76,'repeatmask_repbase_human_low','Repeats (low)',NULL),(77,'sample','RNA-seq samples',NULL),(78,'scanprosite','PROSITE patterns',NULL),(79,'seg','Low complexity (Seg)',NULL),(80,'sfld','SFLD',NULL),(81,'sifts_import','PDB-ENSP mappings',NULL),(82,'signalp','Cleavage site (Signalp)',NULL),(83,'smart','SMART',NULL),(84,'superfamily','Superfamily',NULL),(85,'tallymer','Repeats: Tallymer',NULL),(86,'tigrfam','TIGRFAM',NULL),(87,'tmhmm','Transmembrane helices',NULL),(88,'transcript_coding','Protein-coding transcript',NULL),(89,'transcript_genomic_coding','Protein-coding transcript',NULL),(90,'transcript_genomic_lnoncoding','Long ncRNA transcript',NULL),(91,'transcript_genomic_mnoncoding','Non-coding transcript',NULL),(92,'transcript_genomic_pseudogene','Pseudogenic transcript',NULL),(93,'transcript_genomic_snoncoding','Short ncRNA transcript',NULL),(94,'transcript_genomic_undefined','',NULL),(95,'transcript_lnoncoding','Long ncRNA transcript',NULL),(96,'transcript_mnoncoding','Non-coding transcript',NULL),(97,'transcript_pseudogene','Pseudogenic transcript',NULL),(98,'transcript_snoncoding','Short ncRNA transcript',NULL),(99,'transcript_undefined','',NULL),(100,'trf','Tandem repeats (TRF)',NULL),(101,'trnascan_align','tRNA Models',NULL),(102,'ungapped_genome','Base pairs',NULL),(103,'unigene','EST cluster (Unigene)',NULL),(104,'vertrna','Vertebrate cDNAs (ENA)',NULL),(128,'ccds_import','CCDS set',NULL),(129,'cdd','CDD',NULL),(130,'cdna_coding','Protein-coding cDNA',NULL),(131,'cdna_lnoncoding','Long ncRNA cDNA',NULL),(132,'cdna_mnoncoding','Non-coding cDNA',NULL),(133,'cdna_pseudogene','Pseudogenic cDNA',NULL),(134,'cdna_snoncoding','Short ncRNA cDNA',NULL),(135,'cdna_undefined','',NULL),(136,'cls_all_anchored','All Capture Long-Seq (anchored)',NULL),(137,'cls_all_unanchored','All Capture Long-Seq',NULL),(138,'cls_brain_anchored','Brain Capture Long-Seq (anchored)',NULL),(139,'cls_brain_unanchored','Brain Capture Long-Seq',NULL),(140,'cls_heart_anchored','Heart Capture Long-Seq (anchored)',NULL),(141,'cls_heart_unanchored','Heart Capture Long-Seq',NULL),(142,'cls_hela_anchored','HeLa Capture Long-Seq (anchored)',NULL),(143,'cls_hela_unanchored','HeLa Capture Long-Seq',NULL),(144,'cls_k562_anchored','K562 Capture Long-Seq (anchored)',NULL),(145,'cls_k562_unanchored','K562 Capture Long-Seq',NULL),(146,'cls_liver_anchored','Liver Capture Long-Seq (anchored)',NULL),(147,'cls_liver_unanchored','Liver Capture Long-Seq',NULL),(148,'cls_testes_anchored','Testes Capture Long-Seq (anchored)',NULL),(149,'cls_testes_unanchored','Testes Capture Long-Seq',NULL),(150,'dust','Low complexity (Dust)',NULL),(151,'estgene','EST-based',NULL),(152,'exon_coding','Protein-coding exon',NULL),(153,'exon_lnoncoding','Long ncRNA exon',NULL),(154,'exon_mnoncoding','Non-coding exon',NULL),(155,'exon_pseudogene','Pseudogenic exon',NULL),(156,'exon_snoncoding','Short ncRNA exon',NULL),(157,'exon_undefined','',NULL),(158,'gene','Gene',NULL),(159,'gene3d','Gene3D',NULL),(160,'gene_coding','Protein-coding gene',NULL),(161,'gene_genomic_coding','Protein-coding gene',NULL),(162,'gene_genomic_lnoncoding','Long ncRNA gene',NULL),(163,'gene_genomic_mnoncoding','Non-coding gene',NULL),(164,'gene_genomic_pseudogene','Pseudogene',NULL),(165,'gene_genomic_snoncoding','Short ncRNA gene',NULL),(166,'gene_genomic_undefined','',NULL),(167,'gene_lnoncoding','Long ncRNA gene',NULL),(168,'gene_mnoncoding','Non-coding gene',NULL),(169,'gene_pseudogene','Pseudogene',NULL),(170,'gene_rnaseq','RNA-seq genes',NULL),(171,'gene_snoncoding','Short ncRNA gene',NULL),(172,'gene_undefined','',NULL),(173,'goa_import','GOA annotation',NULL),(174,'grc_alignment_import','GRC alignment import',NULL),(175,'hamap','HAMAP',NULL),(176,'hmmpanther','PANTHER',NULL),(177,'human_est','Human ESTs',NULL),(178,'interpro2go','InterPro2GO mapping',NULL),(179,'location','Location',NULL),(180,'mobidblite','MobiDB lite',NULL),(181,'ncoils','Coiled-coils (Ncoils)',NULL),(182,'pfam','Pfam',NULL),(183,'pfscan','PROSITE profiles',NULL),(184,'pirsf','PIRSF',NULL),(185,'prints','Prints',NULL),(186,'refseq_import','RefSeq GFF3 annotation import',NULL),(187,'repeatmask_repbase_human','Repeats',NULL),(188,'repeatmask_repbase_human_low','Repeats (low)',NULL),(189,'sample','RNA-seq samples',NULL),(190,'scanprosite','PROSITE patterns',NULL),(191,'seg','Low complexity (Seg)',NULL),(192,'sfld','SFLD',NULL),(193,'sifts_import','PDB-ENSP mappings',NULL),(194,'signalp','Cleavage site (Signalp)',NULL),(195,'smart','SMART',NULL),(196,'superfamily','Superfamily',NULL),(197,'tigrfam','TIGRFAM',NULL),(198,'tmhmm','Transmembrane helices',NULL),(199,'transcript_coding','Protein-coding transcript',NULL),(200,'transcript_genomic_coding','Protein-coding transcript',NULL),(201,'transcript_genomic_lnoncoding','Long ncRNA transcript',NULL),(202,'transcript_genomic_mnoncoding','Non-coding transcript',NULL),(203,'transcript_genomic_pseudogene','Pseudogenic transcript',NULL),(204,'transcript_genomic_snoncoding','Short ncRNA transcript',NULL),(205,'transcript_genomic_undefined','',NULL),(206,'transcript_lnoncoding','Long ncRNA transcript',NULL),(207,'transcript_mnoncoding','Non-coding transcript',NULL),(208,'transcript_pseudogene','Pseudogenic transcript',NULL),(209,'transcript_snoncoding','Short ncRNA transcript',NULL),(210,'transcript_undefined','',NULL),(211,'trf','Tandem repeats (TRF)',NULL),(212,'ungapped_genome','Base pairs',NULL),(213,'unigene','EST cluster (Unigene)',NULL),(214,'vertrna','Vertebrate cDNAs (ENA)',NULL);
/*!40000 ALTER TABLE `attribute` ENABLE KEYS */;
UNLOCK TABLES;

--
-- Table structure for table `dataset`
--

DROP TABLE IF EXISTS `dataset`;
/*!40101 SET @saved_cs_client     = @@character_set_client */;
/*!40101 SET character_set_client = utf8 */;
CREATE TABLE `dataset` (
  `dataset_id` int(11) NOT NULL AUTO_INCREMENT,
  `dataset_uuid` varchar(128) NOT NULL,
  `dataset_type_id` int(11) NOT NULL,
  `name` varchar(128) NOT NULL,
  `version` varchar(128) DEFAULT NULL,
  `created` datetime(6) NOT NULL,
  `dataset_source_id` int(11) NOT NULL,
  `label` varchar(128) NOT NULL,
  PRIMARY KEY (`dataset_id`),
  UNIQUE KEY `dataset_uuid` (`dataset_uuid`),
  KEY `dataset_dataset_source_id_fd96f115_fk_dataset_s` (`dataset_source_id`),
  KEY `dataset_type_id_eb55ae9a` (`dataset_type_id`),
  CONSTRAINT `dataset_dataset_source_id_fd96f115_fk_dataset_s` FOREIGN KEY (`dataset_source_id`) REFERENCES `dataset_source` (`dataset_source_id`) ON DELETE CASCADE ON UPDATE CASCADE,
  CONSTRAINT `dataset_dataset_type_id_47284562_fk_dataset_type_dataset_type_id` FOREIGN KEY (`dataset_type_id`) REFERENCES `dataset_type` (`dataset_type_id`) ON DELETE CASCADE ON UPDATE CASCADE
) ENGINE=InnoDB AUTO_INCREMENT=671 DEFAULT CHARSET=latin1 ROW_FORMAT=COMPACT;
/*!40101 SET character_set_client = @saved_cs_client */;

--
-- Dumping data for table `dataset`
--

LOCK TABLES `dataset` WRITE;
/*!40000 ALTER TABLE `dataset` DISABLE KEYS */;
INSERT INTO `dataset` (`dataset_id`, `dataset_uuid`, `dataset_type_id`, `name`, `version`, `created`, `dataset_source_id`, `label`) VALUES (1,'a733e44f-93e7-11ec-a39d-005056b38ce3',1,'assembly',NULL,'2022-01-26 18:43:00.000000',4,'GCA_000001405.28'),(2,'a734138a-93e7-11ec-a39d-005056b38ce3',1,'assembly',NULL,'2022-01-27 07:59:56.000000',9,'GCA_000002765.2'),(3,'a734150f-93e7-11ec-a39d-005056b38ce3',1,'assembly',NULL,'2022-01-26 17:59:38.000000',2,'GCA_000002985.3'),(4,'a7341585-93e7-11ec-a39d-005056b38ce3',1,'assembly',NULL,'2022-01-26 17:46:20.000000',1,'GCA_000005845.2'),(5,'a73415e3-93e7-11ec-a39d-005056b38ce3',1,'assembly',NULL,'2022-01-27 08:03:06.000000',10,'GCA_000146045.2'),(6,'a734163b-93e7-11ec-a39d-005056b38ce3',1,'assembly',NULL,'2022-01-27 08:24:42.000000',12,'GCA_900519105.1'),(8,'a73491d1-93e7-11ec-a39d-005056b38ce3',7,'gene_core',NULL,'2022-01-26 18:43:00.000000',4,'2014-01-Ensembl/2021-03'),(9,'a734938a-93e7-11ec-a39d-005056b38ce3',7,'gene_core',NULL,'2022-01-27 07:59:56.000000',9,'2017-10-ENA'),(10,'a7349417-93e7-11ec-a39d-005056b38ce3',7,'gene_core',NULL,'2022-01-27 08:24:42.000000',12,'2018-04-IWGSC'),(11,'a734946f-93e7-11ec-a39d-005056b38ce3',7,'gene_core',NULL,'2022-01-27 08:03:06.000000',10,'2018-08-SGD'),(12,'a73494c3-93e7-11ec-a39d-005056b38ce3',7,'gene_core',NULL,'2022-01-26 17:46:20.000000',1,'2018-09-UnivWisconsin'),(13,'a7349515-93e7-11ec-a39d-005056b38ce3',7,'gene_core',NULL,'2022-01-26 17:59:38.000000',2,'WS269'),(15,'a7429962-93e7-11ec-a39d-005056b38ce3',3,'xref_alignment','2009-06-01','2022-01-26 18:43:00.000000',4,'Alignment-based cross-references'),(16,'a7429bca-93e7-11ec-a39d-005056b38ce3',3,'xref_alignment','2014-06-18','2022-01-26 18:43:00.000000',4,'Alignment-based cross-references'),(17,'a7429ca8-93e7-11ec-a39d-005056b38ce3',3,'xref_alignment','2019-06-25','2022-01-27 07:59:56.000000',9,'Alignment-based cross-references'),(18,'a7429d37-93e7-11ec-a39d-005056b38ce3',3,'xref_alignment','2018-10-25','2022-01-27 08:24:42.000000',12,'Alignment-based cross-references'),(19,'a7429dc5-93e7-11ec-a39d-005056b38ce3',2,'rnacentral_checksum','2014-10-16','2022-01-26 17:59:38.000000',2,'RNAcentral'),(20,'a7429e4d-93e7-11ec-a39d-005056b38ce3',2,'uniparc_checksum','2014-10-16','2022-01-26 17:59:38.000000',2,'UniParc'),(21,'a7429ef5-93e7-11ec-a39d-005056b38ce3',2,'rnacentral_checksum','1','2022-01-26 18:43:00.000000',4,'RNAcentral'),(22,'a7429f69-93e7-11ec-a39d-005056b38ce3',2,'uniparc_checksum','1','2022-01-26 18:43:00.000000',4,'UniParc'),(23,'a7429fe3-93e7-11ec-a39d-005056b38ce3',2,'uniparc_checksum','EG Xref pipeline; 2019-06-20T15:27:05','2022-01-27 07:59:56.000000',9,'UniParc'),(24,'a742a065-93e7-11ec-a39d-005056b38ce3',2,'uniparc_checksum','EG Xref pipeline; 2018-03-28T14:58:36','2022-01-27 08:03:06.000000',10,'UniParc'),(25,'a742a0e6-93e7-11ec-a39d-005056b38ce3',2,'uniparc_checksum','EG Xref pipeline; 2018-10-23T03:50:20','2022-01-27 08:24:42.000000',12,'UniParc'),(26,'a742a177-93e7-11ec-a39d-005056b38ce3',4,'xref_dependent','2014-10-16','2022-01-26 17:59:38.000000',2,'Dependent cross-references'),(27,'a742a1f4-93e7-11ec-a39d-005056b38ce3',4,'xref_dependent','2021-01-06','2022-01-26 17:59:38.000000',2,'Dependent cross-references'),(28,'a742a271-93e7-11ec-a39d-005056b38ce3',4,'xref_dependent','2009-06-01','2022-01-26 18:43:00.000000',4,'Dependent cross-references'),(29,'a742a2ea-93e7-11ec-a39d-005056b38ce3',4,'xref_dependent','2021-01-08','2022-01-26 18:43:00.000000',4,'Dependent cross-references'),(30,'a742a364-93e7-11ec-a39d-005056b38ce3',4,'xref_dependent','2019-06-25','2022-01-27 07:59:56.000000',9,'Dependent cross-references'),(31,'a742a3d5-93e7-11ec-a39d-005056b38ce3',4,'xref_dependent','2021-01-06','2022-01-27 07:59:56.000000',9,'Dependent cross-references'),(32,'a742a478-93e7-11ec-a39d-005056b38ce3',4,'xref_dependent','2018-03-28','2022-01-27 08:03:06.000000',10,'Dependent cross-references'),(33,'a742a613-93e7-11ec-a39d-005056b38ce3',4,'xref_dependent','2021-01-06','2022-01-27 08:03:06.000000',10,'Dependent cross-references'),(34,'a742a702-93e7-11ec-a39d-005056b38ce3',4,'xref_dependent','2018-10-23','2022-01-27 08:24:42.000000',12,'Dependent cross-references'),(35,'a742a7cf-93e7-11ec-a39d-005056b38ce3',4,'xref_dependent','2021-01-06','2022-01-27 08:24:42.000000',12,'Dependent cross-references'),(36,'a742a8a5-93e7-11ec-a39d-005056b38ce3',5,'xref_direct','2014-10-16','2022-01-26 17:59:38.000000',2,'Direct cross-references'),(37,'a742a95e-93e7-11ec-a39d-005056b38ce3',5,'xref_direct','2014-06-13','2022-01-26 18:43:00.000000',4,'Direct cross-references'),(38,'a742a9da-93e7-11ec-a39d-005056b38ce3',5,'xref_direct','2014-06-18','2022-01-26 18:43:00.000000',4,'Direct cross-references'),(39,'a742aa50-93e7-11ec-a39d-005056b38ce3',5,'xref_direct','2018-03-28','2022-01-27 08:03:06.000000',10,'Direct cross-references'),(40,'a742aac7-93e7-11ec-a39d-005056b38ce3',5,'xref_direct','2020-06-08','2022-01-27 08:24:42.000000',12,'Direct cross-references'),(41,'a742ab3e-93e7-11ec-a39d-005056b38ce3',6,'cmscan_rfam_12.2','12.2','2022-01-26 17:46:20.000000',1,'Rfam Models'),(42,'a742abad-93e7-11ec-a39d-005056b38ce3',6,'trnascan_align','2020-05-06','2022-01-26 17:46:20.000000',1,'tRNA Models'),(43,'a742ac17-93e7-11ec-a39d-005056b38ce3',6,'cmscan_rfam_12.2','12.2','2022-01-26 17:46:20.000000',1,'Rfam Models'),(44,'a742ac7f-93e7-11ec-a39d-005056b38ce3',6,'trnascan_align','2020-05-06','2022-01-26 17:46:20.000000',1,'tRNA Models'),(45,'a742ace5-93e7-11ec-a39d-005056b38ce3',6,'cmscan_rfam_12.2','12.2','2022-01-26 17:46:20.000000',1,'Rfam Models'),(46,'a742ad4f-93e7-11ec-a39d-005056b38ce3',6,'trnascan_align','2020-05-06','2022-01-26 17:46:20.000000',1,'tRNA Models'),(47,'a742ae04-93e7-11ec-a39d-005056b38ce3',6,'cmscan_rfam_12.2','12.2','2022-01-26 17:46:20.000000',1,'Rfam Models'),(48,'a742aea7-93e7-11ec-a39d-005056b38ce3',6,'trnascan_align','2020-05-06','2022-01-26 17:46:20.000000',1,'tRNA Models'),(49,'a742af61-93e7-11ec-a39d-005056b38ce3',6,'cmscan_rfam_12.2','12.2','2022-01-26 17:46:20.000000',1,'Rfam Models'),(50,'a742b01e-93e7-11ec-a39d-005056b38ce3',6,'cmscan_rfam_12.2','12.2','2022-01-26 17:46:20.000000',1,'Rfam Models'),(51,'a742b0dc-93e7-11ec-a39d-005056b38ce3',6,'trnascan_align','2020-05-06','2022-01-26 17:46:20.000000',1,'tRNA Models'),(52,'a742b156-93e7-11ec-a39d-005056b38ce3',6,'cmscan_rfam_12.2','12.2','2022-01-26 17:46:20.000000',1,'Rfam Models'),(53,'a742b1bb-93e7-11ec-a39d-005056b38ce3',6,'trnascan_align','2020-05-06','2022-01-26 17:46:20.000000',1,'tRNA Models'),(54,'a742b223-93e7-11ec-a39d-005056b38ce3',6,'cmscan_rfam_12.2','12.2','2022-01-26 17:46:20.000000',1,'Rfam Models'),(55,'a742b2d3-93e7-11ec-a39d-005056b38ce3',6,'trnascan_align','2020-05-06','2022-01-26 17:46:20.000000',1,'tRNA Models'),(56,'a742b387-93e7-11ec-a39d-005056b38ce3',6,'cmscan_rfam_12.2','12.2','2022-01-26 17:46:20.000000',1,'Rfam Models'),(57,'a742b42c-93e7-11ec-a39d-005056b38ce3',6,'cmscan_rfam_12.2','12.2','2022-01-26 17:46:20.000000',1,'Rfam Models'),(58,'a742b4de-93e7-11ec-a39d-005056b38ce3',6,'cmscan_rfam_12.2','12.2','2022-01-26 17:46:20.000000',1,'Rfam Models'),(59,'a742b56f-93e7-11ec-a39d-005056b38ce3',6,'trnascan_align','2020-05-06','2022-01-26 17:46:20.000000',1,'tRNA Models'),(60,'a742b5db-93e7-11ec-a39d-005056b38ce3',6,'cmscan_rfam_12.2','12.2','2022-01-26 17:46:20.000000',1,'Rfam Models'),(61,'a742b644-93e7-11ec-a39d-005056b38ce3',6,'trnascan_align','2020-05-06','2022-01-26 17:46:20.000000',1,'tRNA Models'),(62,'a742b6d5-93e7-11ec-a39d-005056b38ce3',6,'cmscan_rfam_12.2','12.2','2022-01-26 17:46:20.000000',1,'Rfam Models'),(63,'a742b748-93e7-11ec-a39d-005056b38ce3',6,'trnascan_align','2020-05-06','2022-01-26 17:46:20.000000',1,'tRNA Models'),(64,'a742b7c2-93e7-11ec-a39d-005056b38ce3',6,'cmscan_rfam_12.2','12.2','2022-01-26 17:46:20.000000',1,'Rfam Models'),(65,'a742b840-93e7-11ec-a39d-005056b38ce3',6,'trnascan_align','2020-05-06','2022-01-26 17:46:20.000000',1,'tRNA Models'),(66,'a742b8ac-93e7-11ec-a39d-005056b38ce3',6,'cmscan_rfam_12.2','12.2','2022-01-26 17:46:20.000000',1,'Rfam Models'),(67,'a742b916-93e7-11ec-a39d-005056b38ce3',6,'trnascan_align','2020-05-06','2022-01-26 17:46:20.000000',1,'tRNA Models'),(68,'a742b97c-93e7-11ec-a39d-005056b38ce3',6,'cmscan_rfam_12.2','12.2','2022-01-26 17:46:20.000000',1,'Rfam Models'),(69,'a742b9e2-93e7-11ec-a39d-005056b38ce3',6,'trnascan_align','2020-05-06','2022-01-26 17:46:20.000000',1,'tRNA Models'),(70,'a742ba48-93e7-11ec-a39d-005056b38ce3',6,'cmscan_rfam_12.2','12.2','2022-01-26 17:46:20.000000',1,'Rfam Models'),(71,'a742bac2-93e7-11ec-a39d-005056b38ce3',6,'trnascan_align','2020-05-06','2022-01-26 17:46:20.000000',1,'tRNA Models'),(72,'a742bb2e-93e7-11ec-a39d-005056b38ce3',6,'cmscan_rfam_12.2','12.2','2022-01-26 17:46:20.000000',1,'Rfam Models'),(73,'a742bb95-93e7-11ec-a39d-005056b38ce3',6,'trnascan_align','2020-05-06','2022-01-26 17:46:20.000000',1,'tRNA Models'),(74,'a742bbfc-93e7-11ec-a39d-005056b38ce3',6,'cmscan_rfam_12.2','12.2','2022-01-26 17:46:20.000000',1,'Rfam Models'),(75,'a742bc79-93e7-11ec-a39d-005056b38ce3',6,'cmscan_rfam_12.2','12.2','2022-01-26 17:46:20.000000',1,'Rfam Models'),(76,'a742bd0a-93e7-11ec-a39d-005056b38ce3',6,'trnascan_align','2020-05-06','2022-01-26 17:46:20.000000',1,'tRNA Models'),(77,'a742bdc3-93e7-11ec-a39d-005056b38ce3',6,'cmscan_rfam_12.2','12.2','2022-01-26 17:46:20.000000',1,'Rfam Models'),(78,'a742be6e-93e7-11ec-a39d-005056b38ce3',6,'trnascan_align','2020-05-06','2022-01-26 17:46:20.000000',1,'tRNA Models'),(79,'a742bf20-93e7-11ec-a39d-005056b38ce3',6,'cmscan_rfam_12.2','12.2','2022-01-26 17:46:20.000000',1,'Rfam Models'),(80,'a742bf93-93e7-11ec-a39d-005056b38ce3',6,'trnascan_align','2020-05-06','2022-01-26 17:46:20.000000',1,'tRNA Models'),(81,'a742bffc-93e7-11ec-a39d-005056b38ce3',6,'cmscan_rfam_12.2','12.2','2022-01-26 17:46:20.000000',1,'Rfam Models'),(82,'a742c062-93e7-11ec-a39d-005056b38ce3',6,'trnascan_align','2020-05-06','2022-01-26 17:46:20.000000',1,'tRNA Models'),(83,'a742c0dc-93e7-11ec-a39d-005056b38ce3',6,'cmscan_rfam_12.2','12.2','2022-01-26 17:46:20.000000',1,'Rfam Models'),(84,'a742c159-93e7-11ec-a39d-005056b38ce3',6,'trnascan_align','2020-05-06','2022-01-26 17:46:20.000000',1,'tRNA Models'),(85,'a742c1be-93e7-11ec-a39d-005056b38ce3',6,'cmscan_rfam_12.2','12.2','2022-01-26 17:46:20.000000',1,'Rfam Models'),(86,'a742c225-93e7-11ec-a39d-005056b38ce3',6,'trnascan_align','2020-05-06','2022-01-26 17:46:20.000000',1,'tRNA Models'),(87,'a742c28a-93e7-11ec-a39d-005056b38ce3',6,'cmscan_rfam_12.2','12.2','2022-01-26 17:46:20.000000',1,'Rfam Models'),(88,'a742c2f0-93e7-11ec-a39d-005056b38ce3',6,'trnascan_align','2020-05-06','2022-01-26 17:46:20.000000',1,'tRNA Models'),(89,'a742c365-93e7-11ec-a39d-005056b38ce3',6,'cmscan_rfam_12.2','12.2','2022-01-26 17:46:20.000000',1,'Rfam Models'),(90,'a742c3d8-93e7-11ec-a39d-005056b38ce3',6,'trnascan_align','2020-05-06','2022-01-26 17:46:20.000000',1,'tRNA Models'),(91,'a742c43e-93e7-11ec-a39d-005056b38ce3',6,'cmscan_rfam_12.2','12.2','2022-01-26 17:46:20.000000',1,'Rfam Models'),(92,'a742c4a4-93e7-11ec-a39d-005056b38ce3',6,'trnascan_align','2020-05-06','2022-01-26 17:46:20.000000',1,'tRNA Models'),(93,'a742c50a-93e7-11ec-a39d-005056b38ce3',6,'cmscan_rfam_12.2','12.2','2022-01-26 17:46:20.000000',1,'Rfam Models'),(94,'a742c572-93e7-11ec-a39d-005056b38ce3',6,'trnascan_align','2020-05-06','2022-01-26 17:46:20.000000',1,'tRNA Models'),(95,'a742c5d9-93e7-11ec-a39d-005056b38ce3',6,'cmscan_rfam_12.2','12.2','2022-01-26 17:46:20.000000',1,'Rfam Models'),(96,'a742c63b-93e7-11ec-a39d-005056b38ce3',6,'trnascan_align','2020-05-06','2022-01-26 17:46:20.000000',1,'tRNA Models'),(97,'a742c6a0-93e7-11ec-a39d-005056b38ce3',6,'cmscan_rfam_12.2','12.2','2022-01-26 17:46:20.000000',1,'Rfam Models'),(98,'a742c70d-93e7-11ec-a39d-005056b38ce3',6,'cmscan_rfam_12.2','12.2','2022-01-26 17:46:20.000000',1,'Rfam Models'),(99,'a742c777-93e7-11ec-a39d-005056b38ce3',6,'trnascan_align','2020-05-06','2022-01-26 17:46:20.000000',1,'tRNA Models'),(100,'a742c7dd-93e7-11ec-a39d-005056b38ce3',6,'cmscan_rfam_12.2','12.2','2022-01-26 17:46:20.000000',1,'Rfam Models'),(101,'a742c851-93e7-11ec-a39d-005056b38ce3',6,'trnascan_align','2020-05-06','2022-01-26 17:46:20.000000',1,'tRNA Models'),(102,'a742c8c8-93e7-11ec-a39d-005056b38ce3',6,'cmscan_rfam_12.2','12.2','2022-01-26 17:46:20.000000',1,'Rfam Models'),(103,'a742c92e-93e7-11ec-a39d-005056b38ce3',6,'cmscan_rfam_12.2','12.2','2022-01-26 17:46:20.000000',1,'Rfam Models'),(104,'a742c993-93e7-11ec-a39d-005056b38ce3',6,'trnascan_align','2020-05-06','2022-01-26 17:46:20.000000',1,'tRNA Models'),(105,'a742c9f7-93e7-11ec-a39d-005056b38ce3',6,'cmscan_rfam_12.2','12.2','2022-01-26 17:46:20.000000',1,'Rfam Models'),(106,'a742ca59-93e7-11ec-a39d-005056b38ce3',6,'trnascan_align','2020-05-06','2022-01-26 17:46:20.000000',1,'tRNA Models'),(107,'a742cac0-93e7-11ec-a39d-005056b38ce3',6,'cmscan_rfam_12.2','12.2','2022-01-26 17:46:20.000000',1,'Rfam Models'),(108,'a742cb25-93e7-11ec-a39d-005056b38ce3',6,'trnascan_align','2020-05-06','2022-01-26 17:46:20.000000',1,'tRNA Models'),(109,'a742cbc5-93e7-11ec-a39d-005056b38ce3',6,'cmscan_rfam_12.2','12.2','2022-01-26 17:46:20.000000',1,'Rfam Models'),(110,'a742cd29-93e7-11ec-a39d-005056b38ce3',6,'trnascan_align','2020-05-06','2022-01-26 17:46:20.000000',1,'tRNA Models'),(111,'a742cdd8-93e7-11ec-a39d-005056b38ce3',6,'cmscan_rfam_12.2','12.2','2022-01-26 17:46:20.000000',1,'Rfam Models'),(112,'a742ce57-93e7-11ec-a39d-005056b38ce3',6,'trnascan_align','2020-05-06','2022-01-26 17:46:20.000000',1,'tRNA Models'),(113,'a742cf0e-93e7-11ec-a39d-005056b38ce3',6,'cmscan_rfam_12.2','12.2','2022-01-26 17:46:20.000000',1,'Rfam Models'),(114,'a742cfb1-93e7-11ec-a39d-005056b38ce3',6,'trnascan_align','2020-05-06','2022-01-26 17:46:20.000000',1,'tRNA Models'),(115,'a742d024-93e7-11ec-a39d-005056b38ce3',6,'cmscan_rfam_12.2','12.2','2022-01-26 17:46:20.000000',1,'Rfam Models'),(116,'a742d089-93e7-11ec-a39d-005056b38ce3',6,'cmscan_rfam_12.2','12.2','2022-01-26 17:46:20.000000',1,'Rfam Models'),(117,'a742d0ed-93e7-11ec-a39d-005056b38ce3',6,'trnascan_align','2020-05-06','2022-01-26 17:46:20.000000',1,'tRNA Models'),(118,'a742d154-93e7-11ec-a39d-005056b38ce3',6,'cmscan_rfam_12.2','12.2','2022-01-26 17:46:20.000000',1,'Rfam Models'),(119,'a742d1bd-93e7-11ec-a39d-005056b38ce3',6,'trnascan_align','2020-05-06','2022-01-26 17:46:20.000000',1,'tRNA Models'),(120,'a742d27f-93e7-11ec-a39d-005056b38ce3',6,'cmscan_rfam_12.2','12.2','2022-01-26 17:46:20.000000',1,'Rfam Models'),(121,'a742d2e9-93e7-11ec-a39d-005056b38ce3',6,'cmscan_rfam_12.2','12.2','2022-01-26 17:46:20.000000',1,'Rfam Models'),(122,'a742d34e-93e7-11ec-a39d-005056b38ce3',6,'trnascan_align','2020-05-06','2022-01-26 17:46:20.000000',1,'tRNA Models'),(123,'a742d3d5-93e7-11ec-a39d-005056b38ce3',6,'cmscan_rfam_12.2','12.2','2022-01-26 17:46:20.000000',1,'Rfam Models'),(124,'a742d459-93e7-11ec-a39d-005056b38ce3',6,'trnascan_align','2020-05-06','2022-01-26 17:46:20.000000',1,'tRNA Models'),(125,'a742d4c0-93e7-11ec-a39d-005056b38ce3',6,'cmscan_rfam_12.2','12.2','2022-01-26 17:46:20.000000',1,'Rfam Models'),(126,'a742d52a-93e7-11ec-a39d-005056b38ce3',6,'trnascan_align','2020-05-06','2022-01-26 17:46:20.000000',1,'tRNA Models'),(127,'a742d590-93e7-11ec-a39d-005056b38ce3',6,'cmscan_rfam_12.2','12.2','2022-01-26 17:46:20.000000',1,'Rfam Models'),(128,'a742d5f6-93e7-11ec-a39d-005056b38ce3',6,'trnascan_align','2020-05-06','2022-01-26 17:46:20.000000',1,'tRNA Models'),(129,'a742d65d-93e7-11ec-a39d-005056b38ce3',6,'cmscan_rfam_12.2','12.2','2022-01-26 17:46:20.000000',1,'Rfam Models'),(130,'a742d6c7-93e7-11ec-a39d-005056b38ce3',6,'trnascan_align','2020-05-06','2022-01-26 17:46:20.000000',1,'tRNA Models'),(131,'a742d79a-93e7-11ec-a39d-005056b38ce3',6,'cmscan_rfam_12.2','12.2','2022-01-26 17:46:20.000000',1,'Rfam Models'),(132,'a742d805-93e7-11ec-a39d-005056b38ce3',6,'trnascan_align','2020-05-06','2022-01-26 17:46:20.000000',1,'tRNA Models'),(133,'a742d86e-93e7-11ec-a39d-005056b38ce3',6,'cmscan_rfam_12.2','12.2','2022-01-26 17:46:20.000000',1,'Rfam Models'),(134,'a742d8e3-93e7-11ec-a39d-005056b38ce3',6,'trnascan_align','2020-05-06','2022-01-26 17:46:20.000000',1,'tRNA Models'),(135,'a742d983-93e7-11ec-a39d-005056b38ce3',6,'cmscan_rfam_12.2','12.2','2022-01-26 17:46:20.000000',1,'Rfam Models'),(136,'a742d9ea-93e7-11ec-a39d-005056b38ce3',6,'trnascan_align','2020-05-06','2022-01-26 17:46:20.000000',1,'tRNA Models'),(137,'a742dedc-93e7-11ec-a39d-005056b38ce3',6,'cmscan_rfam_12.2','12.2','2022-01-26 17:46:20.000000',1,'Rfam Models'),(138,'a742df5b-93e7-11ec-a39d-005056b38ce3',6,'trnascan_align','2020-05-06','2022-01-26 17:46:20.000000',1,'tRNA Models'),(139,'a742dffd-93e7-11ec-a39d-005056b38ce3',6,'cmscan_rfam_12.2','12.2','2022-01-26 17:46:20.000000',1,'Rfam Models'),(140,'a742e062-93e7-11ec-a39d-005056b38ce3',6,'trnascan_align','2020-05-06','2022-01-26 17:46:20.000000',1,'tRNA Models'),(141,'a742e0ca-93e7-11ec-a39d-005056b38ce3',6,'cmscan_rfam_12.2','12.2','2022-01-26 17:46:20.000000',1,'Rfam Models'),(142,'a742e136-93e7-11ec-a39d-005056b38ce3',6,'trnascan_align','2020-05-06','2022-01-26 17:46:20.000000',1,'tRNA Models'),(143,'a742e19f-93e7-11ec-a39d-005056b38ce3',6,'cmscan_rfam_12.2','12.2','2022-01-26 17:46:20.000000',1,'Rfam Models'),(144,'a742e1fd-93e7-11ec-a39d-005056b38ce3',6,'trnascan_align','2020-05-06','2022-01-26 17:46:20.000000',1,'tRNA Models'),(145,'a742e25c-93e7-11ec-a39d-005056b38ce3',6,'cmscan_rfam_12.2','12.2','2022-01-26 17:46:20.000000',1,'Rfam Models'),(146,'a742e2bb-93e7-11ec-a39d-005056b38ce3',6,'cmscan_rfam_12.2','12.2','2022-01-26 17:46:20.000000',1,'Rfam Models'),(147,'a742e31a-93e7-11ec-a39d-005056b38ce3',6,'trnascan_align','2020-05-06','2022-01-26 17:46:20.000000',1,'tRNA Models'),(148,'a742e37c-93e7-11ec-a39d-005056b38ce3',6,'cmscan_rfam_12.2','12.2','2022-01-26 17:46:20.000000',1,'Rfam Models'),(149,'a742e3db-93e7-11ec-a39d-005056b38ce3',6,'trnascan_align','2020-05-06','2022-01-26 17:46:20.000000',1,'tRNA Models'),(150,'a742e43d-93e7-11ec-a39d-005056b38ce3',6,'cmscan_rfam_12.2','12.2','2022-01-26 17:46:20.000000',1,'Rfam Models'),(151,'a742e4a0-93e7-11ec-a39d-005056b38ce3',6,'trnascan_align','2020-05-06','2022-01-26 17:46:20.000000',1,'tRNA Models'),(152,'a742e505-93e7-11ec-a39d-005056b38ce3',6,'cmscan_rfam_12.2','12.2','2022-01-26 17:46:20.000000',1,'Rfam Models'),(153,'a742e568-93e7-11ec-a39d-005056b38ce3',6,'trnascan_align','2020-05-06','2022-01-26 17:46:20.000000',1,'tRNA Models'),(154,'a742e5e1-93e7-11ec-a39d-005056b38ce3',6,'cmscan_rfam_12.2','12.2','2022-01-26 17:46:20.000000',1,'Rfam Models'),(155,'a742e642-93e7-11ec-a39d-005056b38ce3',6,'trnascan_align','2020-05-06','2022-01-26 17:46:20.000000',1,'tRNA Models'),(156,'a742e6a1-93e7-11ec-a39d-005056b38ce3',6,'cmscan_rfam_12.2','12.2','2022-01-26 17:46:20.000000',1,'Rfam Models'),(157,'a742e719-93e7-11ec-a39d-005056b38ce3',6,'cmscan_rfam_12.2','12.2','2022-01-26 17:46:20.000000',1,'Rfam Models'),(158,'a742e789-93e7-11ec-a39d-005056b38ce3',6,'trnascan_align','2020-05-06','2022-01-26 17:46:20.000000',1,'tRNA Models'),(159,'a742e7ed-93e7-11ec-a39d-005056b38ce3',6,'cmscan_rfam_12.2','12.2','2022-01-26 17:46:20.000000',1,'Rfam Models'),(160,'a742e84f-93e7-11ec-a39d-005056b38ce3',6,'trnascan_align','2020-05-06','2022-01-26 17:46:20.000000',1,'tRNA Models'),(161,'a742e8af-93e7-11ec-a39d-005056b38ce3',6,'cmscan_rfam_12.2','12.2','2022-01-26 17:46:20.000000',1,'Rfam Models'),(162,'a742e90f-93e7-11ec-a39d-005056b38ce3',6,'trnascan_align','2020-05-06','2022-01-26 17:46:20.000000',1,'tRNA Models'),(163,'a742e970-93e7-11ec-a39d-005056b38ce3',6,'cmscan_rfam_12.2','12.2','2022-01-26 17:46:20.000000',1,'Rfam Models'),(164,'a742e9d1-93e7-11ec-a39d-005056b38ce3',6,'trnascan_align','2020-05-06','2022-01-26 17:46:20.000000',1,'tRNA Models'),(165,'a742ea30-93e7-11ec-a39d-005056b38ce3',6,'cmscan_rfam_12.2','12.2','2022-01-26 17:46:20.000000',1,'Rfam Models'),(166,'a742ea8d-93e7-11ec-a39d-005056b38ce3',6,'trnascan_align','2020-05-06','2022-01-26 17:46:20.000000',1,'tRNA Models'),(167,'a742eaef-93e7-11ec-a39d-005056b38ce3',6,'cmscan_rfam_12.2','12.2','2022-01-26 17:46:20.000000',1,'Rfam Models'),(168,'a742eb54-93e7-11ec-a39d-005056b38ce3',6,'trnascan_align','2020-05-06','2022-01-26 17:46:20.000000',1,'tRNA Models'),(169,'a742ebf7-93e7-11ec-a39d-005056b38ce3',6,'cmscan_rfam_12.2','12.2','2022-01-26 17:46:20.000000',1,'Rfam Models'),(170,'a742ec5d-93e7-11ec-a39d-005056b38ce3',6,'trnascan_align','2020-05-06','2022-01-26 17:46:20.000000',1,'tRNA Models'),(171,'a742ecbf-93e7-11ec-a39d-005056b38ce3',6,'cmscan_rfam_12.2','12.2','2022-01-26 17:46:20.000000',1,'Rfam Models'),(172,'a742ed1d-93e7-11ec-a39d-005056b38ce3',6,'trnascan_align','2020-05-06','2022-01-26 17:46:20.000000',1,'tRNA Models'),(173,'a742ed7d-93e7-11ec-a39d-005056b38ce3',6,'cmscan_rfam_12.2','12.2','2022-01-26 17:46:20.000000',1,'Rfam Models'),(174,'a742eddc-93e7-11ec-a39d-005056b38ce3',6,'trnascan_align','2020-05-06','2022-01-26 17:46:20.000000',1,'tRNA Models'),(175,'a742ee3a-93e7-11ec-a39d-005056b38ce3',6,'cmscan_rfam_12.2','12.2','2022-01-26 17:46:20.000000',1,'Rfam Models'),(176,'a742ee97-93e7-11ec-a39d-005056b38ce3',6,'cmscan_rfam_12.2','12.2','2022-01-26 17:46:20.000000',1,'Rfam Models'),(177,'a742eef6-93e7-11ec-a39d-005056b38ce3',6,'trnascan_align','2020-05-06','2022-01-26 17:46:20.000000',1,'tRNA Models'),(178,'a742ef69-93e7-11ec-a39d-005056b38ce3',6,'cmscan_rfam_12.2','12.2','2022-01-26 17:46:20.000000',1,'Rfam Models'),(179,'a742efd4-93e7-11ec-a39d-005056b38ce3',6,'trnascan_align','2020-05-06','2022-01-26 17:46:20.000000',1,'tRNA Models'),(180,'a742f03d-93e7-11ec-a39d-005056b38ce3',6,'cmscan_rfam_12.2','12.2','2022-01-26 17:46:20.000000',1,'Rfam Models'),(181,'a742f09b-93e7-11ec-a39d-005056b38ce3',6,'trnascan_align','2020-05-06','2022-01-26 17:46:20.000000',1,'tRNA Models'),(182,'a742f0fc-93e7-11ec-a39d-005056b38ce3',6,'cmscan_rfam_12.2','12.2','2022-01-26 17:46:20.000000',1,'Rfam Models'),(183,'a742f168-93e7-11ec-a39d-005056b38ce3',6,'trnascan_align','2020-05-06','2022-01-26 17:46:20.000000',1,'tRNA Models'),(184,'a742f1cf-93e7-11ec-a39d-005056b38ce3',6,'cmscan_rfam_12.2','12.2','2022-01-26 17:46:20.000000',1,'Rfam Models'),(185,'a742f22e-93e7-11ec-a39d-005056b38ce3',6,'trnascan_align','2020-05-06','2022-01-26 17:46:20.000000',1,'tRNA Models'),(186,'a742f291-93e7-11ec-a39d-005056b38ce3',6,'cmscan_rfam_12.2','12.2','2022-01-26 17:46:20.000000',1,'Rfam Models'),(187,'a742f35e-93e7-11ec-a39d-005056b38ce3',6,'trnascan_align','2020-05-06','2022-01-26 17:46:20.000000',1,'tRNA Models'),(188,'a742f3ce-93e7-11ec-a39d-005056b38ce3',6,'cmscan_rfam_12.2','12.2','2022-01-26 17:46:20.000000',1,'Rfam Models'),(189,'a742f430-93e7-11ec-a39d-005056b38ce3',6,'trnascan_align','2020-05-06','2022-01-26 17:46:20.000000',1,'tRNA Models'),(190,'a742f48f-93e7-11ec-a39d-005056b38ce3',6,'cmscan_rfam_12.2','12.2','2022-01-26 17:46:20.000000',1,'Rfam Models'),(191,'a742f4ec-93e7-11ec-a39d-005056b38ce3',6,'trnascan_align','2020-05-06','2022-01-26 17:46:20.000000',1,'tRNA Models'),(192,'a742f549-93e7-11ec-a39d-005056b38ce3',6,'cmscan_rfam_12.2','12.2','2022-01-26 17:46:20.000000',1,'Rfam Models'),(193,'a742f5a8-93e7-11ec-a39d-005056b38ce3',6,'trnascan_align','2020-05-06','2022-01-26 17:46:20.000000',1,'tRNA Models'),(194,'a742f607-93e7-11ec-a39d-005056b38ce3',6,'cmscan_rfam_12.2','12.2','2022-01-26 17:46:20.000000',1,'Rfam Models'),(195,'a742f664-93e7-11ec-a39d-005056b38ce3',6,'trnascan_align','2020-05-06','2022-01-26 17:46:20.000000',1,'tRNA Models'),(196,'a742f6c1-93e7-11ec-a39d-005056b38ce3',6,'cmscan_rfam_12.2','12.2','2022-01-26 17:46:20.000000',1,'Rfam Models'),(197,'a742f720-93e7-11ec-a39d-005056b38ce3',6,'trnascan_align','2020-05-06','2022-01-26 17:46:20.000000',1,'tRNA Models'),(198,'a742f77e-93e7-11ec-a39d-005056b38ce3',6,'cmscan_rfam_12.2','12.2','2022-01-26 17:46:20.000000',1,'Rfam Models'),(199,'a742f7da-93e7-11ec-a39d-005056b38ce3',6,'trnascan_align','2020-05-06','2022-01-26 17:46:20.000000',1,'tRNA Models'),(200,'a742f836-93e7-11ec-a39d-005056b38ce3',6,'cmscan_rfam_12.2','12.2','2022-01-26 17:46:20.000000',1,'Rfam Models'),(201,'a742f894-93e7-11ec-a39d-005056b38ce3',6,'trnascan_align','2020-05-06','2022-01-26 17:46:20.000000',1,'tRNA Models'),(202,'a742f8f3-93e7-11ec-a39d-005056b38ce3',6,'cmscan_rfam_12.2','12.2','2022-01-26 17:46:20.000000',1,'Rfam Models'),(203,'a742f951-93e7-11ec-a39d-005056b38ce3',6,'trnascan_align','2020-05-06','2022-01-26 17:46:20.000000',1,'tRNA Models'),(204,'a742f9ae-93e7-11ec-a39d-005056b38ce3',6,'cmscan_rfam_12.2','12.2','2022-01-26 17:46:20.000000',1,'Rfam Models'),(205,'a7432d62-93e7-11ec-a39d-005056b38ce3',6,'trnascan_align','2020-05-06','2022-01-26 17:46:20.000000',1,'tRNA Models'),(206,'a7432e9a-93e7-11ec-a39d-005056b38ce3',6,'cmscan_rfam_12.2','12.2','2022-01-26 17:46:20.000000',1,'Rfam Models'),(207,'a7432f1d-93e7-11ec-a39d-005056b38ce3',6,'trnascan_align','2020-05-06','2022-01-26 17:46:20.000000',1,'tRNA Models'),(208,'a7432f90-93e7-11ec-a39d-005056b38ce3',6,'cmscan_rfam_12.2','12.2','2022-01-26 17:46:20.000000',1,'Rfam Models'),(209,'a7432ff1-93e7-11ec-a39d-005056b38ce3',6,'trnascan_align','2020-05-06','2022-01-26 17:46:20.000000',1,'tRNA Models'),(210,'a7433053-93e7-11ec-a39d-005056b38ce3',6,'cmscan_rfam_12.2','12.2','2022-01-26 17:46:20.000000',1,'Rfam Models'),(211,'a74330b5-93e7-11ec-a39d-005056b38ce3',6,'trnascan_align','2020-05-06','2022-01-26 17:46:20.000000',1,'tRNA Models'),(212,'a7433113-93e7-11ec-a39d-005056b38ce3',6,'cmscan_rfam_12.2','12.2','2022-01-26 17:46:20.000000',1,'Rfam Models'),(213,'a7433172-93e7-11ec-a39d-005056b38ce3',6,'trnascan_align','2020-05-06','2022-01-26 17:46:20.000000',1,'tRNA Models'),(214,'a74331cf-93e7-11ec-a39d-005056b38ce3',6,'cmscan_rfam_12.2','12.2','2022-01-26 17:46:20.000000',1,'Rfam Models'),(215,'a743322c-93e7-11ec-a39d-005056b38ce3',6,'trnascan_align','2020-05-06','2022-01-26 17:46:20.000000',1,'tRNA Models'),(216,'a743328b-93e7-11ec-a39d-005056b38ce3',6,'cmscan_rfam_12.2','12.2','2022-01-26 17:46:20.000000',1,'Rfam Models'),(217,'a74332e5-93e7-11ec-a39d-005056b38ce3',6,'trnascan_align','2020-05-06','2022-01-26 17:46:20.000000',1,'tRNA Models'),(218,'a7433346-93e7-11ec-a39d-005056b38ce3',6,'cmscan_rfam_12.2','12.2','2022-01-26 17:46:20.000000',1,'Rfam Models'),(219,'a74333a6-93e7-11ec-a39d-005056b38ce3',6,'trnascan_align','2020-05-06','2022-01-26 17:46:20.000000',1,'tRNA Models'),(220,'a7433405-93e7-11ec-a39d-005056b38ce3',6,'cmscan_rfam_12.2','12.2','2022-01-26 17:46:20.000000',1,'Rfam Models'),(221,'a7433468-93e7-11ec-a39d-005056b38ce3',6,'trnascan_align','2020-05-06','2022-01-26 17:46:20.000000',1,'tRNA Models'),(222,'a74334c7-93e7-11ec-a39d-005056b38ce3',6,'cmscan_rfam_12.2','12.2','2022-01-26 17:46:20.000000',1,'Rfam Models'),(223,'a7433522-93e7-11ec-a39d-005056b38ce3',6,'trnascan_align','2020-05-06','2022-01-26 17:46:20.000000',1,'tRNA Models'),(224,'a743357d-93e7-11ec-a39d-005056b38ce3',6,'cmscan_rfam_12.2','12.2','2022-01-26 17:46:20.000000',1,'Rfam Models'),(225,'a74335d9-93e7-11ec-a39d-005056b38ce3',6,'cmscan_rfam_12.2','12.2','2022-01-26 17:46:20.000000',1,'Rfam Models'),(226,'a7433639-93e7-11ec-a39d-005056b38ce3',6,'trnascan_align','2020-05-06','2022-01-26 17:46:20.000000',1,'tRNA Models'),(227,'a7433697-93e7-11ec-a39d-005056b38ce3',6,'cmscan_rfam_12.2','12.2','2022-01-26 17:46:20.000000',1,'Rfam Models'),(228,'a74336f6-93e7-11ec-a39d-005056b38ce3',6,'trnascan_align','2020-05-06','2022-01-26 17:46:20.000000',1,'tRNA Models'),(229,'a743375a-93e7-11ec-a39d-005056b38ce3',6,'cmscan_rfam_12.2','12.2','2022-01-26 17:46:20.000000',1,'Rfam Models'),(230,'a74337ba-93e7-11ec-a39d-005056b38ce3',6,'trnascan_align','2020-05-06','2022-01-26 17:46:20.000000',1,'tRNA Models'),(231,'a743384a-93e7-11ec-a39d-005056b38ce3',6,'cmscan_rfam_12.2','12.2','2022-01-26 17:46:20.000000',1,'Rfam Models'),(232,'a74338f0-93e7-11ec-a39d-005056b38ce3',6,'trnascan_align','2020-05-06','2022-01-26 17:46:20.000000',1,'tRNA Models'),(233,'a74339ae-93e7-11ec-a39d-005056b38ce3',6,'cmscan_rfam_12.2','12.2','2022-01-26 17:46:20.000000',1,'Rfam Models'),(234,'a7433a4e-93e7-11ec-a39d-005056b38ce3',6,'trnascan_align','2020-05-06','2022-01-26 17:46:20.000000',1,'tRNA Models'),(235,'a7433ab7-93e7-11ec-a39d-005056b38ce3',6,'cmscan_rfam_12.2','12.2','2022-01-26 17:46:20.000000',1,'Rfam Models'),(236,'a7433b19-93e7-11ec-a39d-005056b38ce3',6,'trnascan_align','2020-05-06','2022-01-26 17:46:20.000000',1,'tRNA Models'),(237,'a7433b78-93e7-11ec-a39d-005056b38ce3',6,'cmscan_rfam_12.2','12.2','2022-01-26 17:46:20.000000',1,'Rfam Models'),(238,'a7433bd9-93e7-11ec-a39d-005056b38ce3',6,'cmscan_rfam_12.2','12.2','2022-01-26 17:46:20.000000',1,'Rfam Models'),(239,'a7433c36-93e7-11ec-a39d-005056b38ce3',6,'trnascan_align','2020-05-06','2022-01-26 17:46:20.000000',1,'tRNA Models'),(240,'a7433c93-93e7-11ec-a39d-005056b38ce3',6,'cmscan_rfam_12.2','12.2','2022-01-26 17:46:20.000000',1,'Rfam Models'),(241,'a7433cf0-93e7-11ec-a39d-005056b38ce3',6,'trnascan_align','2020-05-06','2022-01-26 17:46:20.000000',1,'tRNA Models'),(242,'a7433d50-93e7-11ec-a39d-005056b38ce3',6,'cmscan_rfam_12.2','12.2','2022-01-26 17:46:20.000000',1,'Rfam Models'),(243,'a7433db0-93e7-11ec-a39d-005056b38ce3',6,'trnascan_align','2020-05-06','2022-01-26 17:46:20.000000',1,'tRNA Models'),(244,'a7433e64-93e7-11ec-a39d-005056b38ce3',6,'unigene','2010-06-02 15:00','2022-01-26 18:43:00.000000',4,'EST cluster (Unigene)'),(245,'a7433ecf-93e7-11ec-a39d-005056b38ce3',6,'vertrna','2011-12-09 11:25','2022-01-26 18:43:00.000000',4,'Vertebrate cDNAs (ENA)'),(246,'a7433f40-93e7-11ec-a39d-005056b38ce3',6,'cmscan_rfam_12.2_lca','12.2','2022-01-27 08:03:06.000000',10,'Rfam Models (LCA)'),(247,'a7433fc8-93e7-11ec-a39d-005056b38ce3',6,'trnascan_align','2017-06-22','2022-01-27 08:03:06.000000',10,'tRNA Models'),(248,'a7434035-93e7-11ec-a39d-005056b38ce3',6,'cmscan_rfam_12.2_lca','12.2','2022-01-27 08:24:42.000000',12,'Rfam Models (LCA)'),(249,'a743409b-93e7-11ec-a39d-005056b38ce3',6,'lncrna_iwgsc','2017-09-01','2022-01-27 08:24:42.000000',12,'Long non coding RNA'),(250,'a743418f-93e7-11ec-a39d-005056b38ce3',6,'mirnas_iwgsc',NULL,'2022-01-27 08:24:42.000000',12,'microRNA'),(251,'a7434212-93e7-11ec-a39d-005056b38ce3',6,'trnascan_align','2018-08-08','2022-01-27 08:24:42.000000',12,'tRNA Models'),(252,'a743428b-93e7-11ec-a39d-005056b38ce3',12,'goa_import','2021-02-16','2022-01-26 17:59:38.000000',2,'GOA annotation'),(253,'a7434329-93e7-11ec-a39d-005056b38ce3',12,'interpro2go','2021-01-06','2022-01-26 17:59:38.000000',2,'InterPro2GO mapping'),(254,'a74343a3-93e7-11ec-a39d-005056b38ce3',12,'goa_import','2021-03-01','2022-01-26 18:43:00.000000',4,'GOA annotation'),(255,'a7434413-93e7-11ec-a39d-005056b38ce3',12,'interpro2go','2021-01-08','2022-01-26 18:43:00.000000',4,'InterPro2GO mapping'),(256,'a7434489-93e7-11ec-a39d-005056b38ce3',12,'goa_import','2021-02-16','2022-01-27 07:59:56.000000',9,'GOA annotation'),(257,'a74344fa-93e7-11ec-a39d-005056b38ce3',12,'interpro2go','2021-01-06','2022-01-27 07:59:56.000000',9,'InterPro2GO mapping'),(258,'a7434570-93e7-11ec-a39d-005056b38ce3',12,'goa_import','2021-02-16','2022-01-27 08:03:06.000000',10,'GOA annotation'),(259,'a74345da-93e7-11ec-a39d-005056b38ce3',12,'interpro2go','2021-01-06','2022-01-27 08:03:06.000000',10,'InterPro2GO mapping'),(260,'a7434649-93e7-11ec-a39d-005056b38ce3',12,'goa_import','2021-02-16','2022-01-27 08:24:42.000000',12,'GOA annotation'),(261,'a74346b0-93e7-11ec-a39d-005056b38ce3',12,'interpro2go','2021-01-06','2022-01-27 08:24:42.000000',12,'InterPro2GO mapping'),(262,'a7434722-93e7-11ec-a39d-005056b38ce3',17,'interproscan','5.48-83.0','2022-01-26 17:59:38.000000',2,'InterProScan'),(263,'a74347a0-93e7-11ec-a39d-005056b38ce3',17,'interproscan','5.48-83.0','2022-01-26 18:43:00.000000',4,'InterProScan'),(264,'a7434811-93e7-11ec-a39d-005056b38ce3',17,'interproscan','5.48-83.0','2022-01-27 07:59:56.000000',9,'InterProScan'),(265,'a7434889-93e7-11ec-a39d-005056b38ce3',17,'interproscan','5.48-83.0','2022-01-27 08:03:06.000000',10,'InterProScan'),(266,'a74348f4-93e7-11ec-a39d-005056b38ce3',17,'interproscan','5.48-83.0','2022-01-27 08:24:42.000000',12,'InterProScan'),(267,'a7434963-93e7-11ec-a39d-005056b38ce3',18,'ena_repeat_dispersed','2020-01-22','2022-01-26 17:46:20.000000',1,'Dispersed repeats (ENA)'),(268,'a74349d2-93e7-11ec-a39d-005056b38ce3',18,'ena_repeat_tandem','2020-01-21','2022-01-26 17:46:20.000000',1,'Tandem repeats (ENA)'),(269,'a7434a39-93e7-11ec-a39d-005056b38ce3',18,'ena_repeat_tandem','2020-01-21','2022-01-26 17:46:20.000000',1,'Tandem repeats (ENA)'),(270,'a7434aa1-93e7-11ec-a39d-005056b38ce3',18,'ena_repeat','2020-01-21','2022-01-26 17:46:20.000000',1,'Repeats (ENA)'),(271,'a7434b25-93e7-11ec-a39d-005056b38ce3',18,'ena_repeat','2020-01-21','2022-01-26 17:46:20.000000',1,'Repeats (ENA)'),(272,'a7434b86-93e7-11ec-a39d-005056b38ce3',18,'ena_repeat','2020-01-21','2022-01-26 17:46:20.000000',1,'Repeats (ENA)'),(273,'a7434be7-93e7-11ec-a39d-005056b38ce3',18,'ena_repeat','2020-01-21','2022-01-26 17:46:20.000000',1,'Repeats (ENA)'),(274,'a7434c4b-93e7-11ec-a39d-005056b38ce3',18,'ena_repeat','2020-01-21','2022-01-26 17:46:20.000000',1,'Repeats (ENA)'),(275,'a7434cae-93e7-11ec-a39d-005056b38ce3',18,'ena_repeat','2020-01-21','2022-01-26 17:46:20.000000',1,'Repeats (ENA)'),(276,'a7434d16-93e7-11ec-a39d-005056b38ce3',18,'ena_repeat_direct','2020-01-24','2022-01-26 17:46:20.000000',1,'Direct repeats (ENA)'),(277,'a7434d79-93e7-11ec-a39d-005056b38ce3',18,'ena_repeat','2020-01-21','2022-01-26 17:46:20.000000',1,'Repeats (ENA)'),(278,'a7434dda-93e7-11ec-a39d-005056b38ce3',18,'ena_repeat','2020-01-21','2022-01-26 17:46:20.000000',1,'Repeats (ENA)'),(279,'a7434ea2-93e7-11ec-a39d-005056b38ce3',18,'ena_repeat_tandem','2020-01-21','2022-01-26 17:46:20.000000',1,'Tandem repeats (ENA)'),(280,'a7434f12-93e7-11ec-a39d-005056b38ce3',18,'ena_repeat','2020-01-21','2022-01-26 17:46:20.000000',1,'Repeats (ENA)'),(281,'a7434f7b-93e7-11ec-a39d-005056b38ce3',18,'ena_repeat','2020-01-21','2022-01-26 17:46:20.000000',1,'Repeats (ENA)'),(282,'a7434fdf-93e7-11ec-a39d-005056b38ce3',18,'ena_repeat_tandem','2020-01-21','2022-01-26 17:46:20.000000',1,'Tandem repeats (ENA)'),(283,'a7435043-93e7-11ec-a39d-005056b38ce3',18,'ena_repeat','2020-01-21','2022-01-26 17:46:20.000000',1,'Repeats (ENA)'),(284,'a74350a5-93e7-11ec-a39d-005056b38ce3',18,'ena_repeat','2020-01-21','2022-01-26 17:46:20.000000',1,'Repeats (ENA)'),(285,'a7435108-93e7-11ec-a39d-005056b38ce3',18,'ena_repeat','2020-01-21','2022-01-26 17:46:20.000000',1,'Repeats (ENA)'),(286,'a743516a-93e7-11ec-a39d-005056b38ce3',18,'ena_repeat','2020-01-21','2022-01-26 17:46:20.000000',1,'Repeats (ENA)'),(287,'a74351c9-93e7-11ec-a39d-005056b38ce3',18,'ena_repeat','2020-01-21','2022-01-26 17:46:20.000000',1,'Repeats (ENA)'),(288,'a7435227-93e7-11ec-a39d-005056b38ce3',18,'ena_repeat','2020-01-21','2022-01-26 17:46:20.000000',1,'Repeats (ENA)'),(289,'a7435285-93e7-11ec-a39d-005056b38ce3',18,'ena_repeat','2020-01-21','2022-01-26 17:46:20.000000',1,'Repeats (ENA)'),(290,'a74352e9-93e7-11ec-a39d-005056b38ce3',18,'ena_repeat','2020-01-21','2022-01-26 17:46:20.000000',1,'Repeats (ENA)'),(291,'a743534b-93e7-11ec-a39d-005056b38ce3',18,'ena_repeat','2020-01-21','2022-01-26 17:46:20.000000',1,'Repeats (ENA)'),(292,'a74353ac-93e7-11ec-a39d-005056b38ce3',18,'ena_repeat_tandem','2020-01-21','2022-01-26 17:46:20.000000',1,'Tandem repeats (ENA)'),(293,'a743540e-93e7-11ec-a39d-005056b38ce3',18,'ena_repeat','2020-01-21','2022-01-26 17:46:20.000000',1,'Repeats (ENA)'),(294,'a743546e-93e7-11ec-a39d-005056b38ce3',18,'ena_repeat','2020-01-21','2022-01-26 17:46:20.000000',1,'Repeats (ENA)'),(295,'a74354d1-93e7-11ec-a39d-005056b38ce3',18,'ena_repeat','2020-01-21','2022-01-26 17:46:20.000000',1,'Repeats (ENA)'),(296,'a7435531-93e7-11ec-a39d-005056b38ce3',18,'ena_repeat','2020-01-21','2022-01-26 17:46:20.000000',1,'Repeats (ENA)'),(297,'a74355a5-93e7-11ec-a39d-005056b38ce3',18,'dust','1','2022-01-26 17:59:38.000000',2,'Low complexity (Dust)'),(298,'a743560f-93e7-11ec-a39d-005056b38ce3',18,'repeatmask','1','2022-01-26 17:59:38.000000',2,'Repeats'),(299,'a7435673-93e7-11ec-a39d-005056b38ce3',18,'trf','1','2022-01-26 17:59:38.000000',2,'Tandem repeats (TRF)'),(300,'a74356e2-93e7-11ec-a39d-005056b38ce3',18,'dust','1','2022-01-26 18:43:00.000000',4,'Low complexity (Dust)'),(301,'a7435745-93e7-11ec-a39d-005056b38ce3',18,'repeatmask_repbase_human_low','3.3.0','2022-01-26 18:43:00.000000',4,'Repeats (low)'),(302,'a74357aa-93e7-11ec-a39d-005056b38ce3',18,'repeatmask_repbase_human','3.3.0','2022-01-26 18:43:00.000000',4,'Repeats'),(303,'a743580e-93e7-11ec-a39d-005056b38ce3',18,'trf','2014-02-06','2022-01-26 18:43:00.000000',4,'Tandem repeats (TRF)'),(304,'a7435880-93e7-11ec-a39d-005056b38ce3',18,'dust','2','2022-01-27 08:03:06.000000',10,'Low complexity (Dust)'),(305,'a74358e7-93e7-11ec-a39d-005056b38ce3',18,'repeatmask','3.2.9','2022-01-27 08:03:06.000000',10,'Repeats'),(306,'a7435946-93e7-11ec-a39d-005056b38ce3',18,'trf','2011-02-10','2022-01-27 08:03:06.000000',10,'Tandem repeats (TRF)'),(307,'a74359b3-93e7-11ec-a39d-005056b38ce3',18,'dust','2018-08-08','2022-01-27 08:24:42.000000',12,'Low complexity (Dust)'),(308,'a7435a51-93e7-11ec-a39d-005056b38ce3',18,'repeatmask_redat','4.0.5','2022-01-27 08:24:42.000000',12,'Repeats: REdat'),(309,'a7435b35-93e7-11ec-a39d-005056b38ce3',18,'repeatmask_repbase','4.0.5','2022-01-27 08:24:42.000000',12,'Repeats: Repbase'),(310,'a7435be8-93e7-11ec-a39d-005056b38ce3',18,'tallymer','2018-11-05','2022-01-27 08:24:42.000000',12,'Repeats: Tallymer'),(311,'a7435c52-93e7-11ec-a39d-005056b38ce3',18,'trf','4.0','2022-01-27 08:24:42.000000',12,'Tandem repeats (TRF)'),(312,'a7435cc3-93e7-11ec-a39d-005056b38ce3',6,'grc_alignment_import','GRCh38.p2','2022-02-22 13:59:29.000000',6,'GRC alignment import'),(313,'a7435d4e-93e7-11ec-a39d-005056b38ce3',6,'human_est','Jan 31 12:35','2022-02-22 13:59:29.000000',6,'Human ESTs'),(314,'a7435e01-93e7-11ec-a39d-005056b38ce3',7,'ccds_import','24042014','2022-02-22 13:59:29.000000',6,'CCDS set'),(315,'a7435e81-93e7-11ec-a39d-005056b38ce3',7,'cls_all_anchored','GSE93848','2022-02-22 13:59:29.000000',6,'All Capture Long-Seq (anchored)'),(316,'a7435ef3-93e7-11ec-a39d-005056b38ce3',7,'cls_all_unanchored','GSE93848','2022-02-22 13:59:29.000000',6,'All Capture Long-Seq'),(317,'a7435f61-93e7-11ec-a39d-005056b38ce3',7,'cls_brain_anchored','GSE93848','2022-02-22 13:59:29.000000',6,'Brain Capture Long-Seq (anchored)'),(318,'a7435fd2-93e7-11ec-a39d-005056b38ce3',7,'cls_brain_unanchored','GSE93848','2022-02-22 13:59:29.000000',6,'Brain Capture Long-Seq'),(319,'a743603e-93e7-11ec-a39d-005056b38ce3',7,'cls_heart_anchored','GSE93848','2022-02-22 13:59:29.000000',6,'Heart Capture Long-Seq (anchored)'),(320,'a74360a8-93e7-11ec-a39d-005056b38ce3',7,'cls_heart_unanchored','GSE93848','2022-02-22 13:59:29.000000',6,'Heart Capture Long-Seq'),(321,'a743610c-93e7-11ec-a39d-005056b38ce3',7,'cls_hela_anchored','GSE93848','2022-02-22 13:59:29.000000',6,'HeLa Capture Long-Seq (anchored)'),(322,'a7436176-93e7-11ec-a39d-005056b38ce3',7,'cls_hela_unanchored','GSE93848','2022-02-22 13:59:29.000000',6,'HeLa Capture Long-Seq'),(323,'a74361dd-93e7-11ec-a39d-005056b38ce3',7,'cls_k562_anchored','GSE93848','2022-02-22 13:59:29.000000',6,'K562 Capture Long-Seq (anchored)'),(324,'a7436244-93e7-11ec-a39d-005056b38ce3',7,'cls_k562_unanchored','GSE93848','2022-02-22 13:59:29.000000',6,'K562 Capture Long-Seq'),(325,'a74362af-93e7-11ec-a39d-005056b38ce3',7,'cls_liver_anchored','GSE93848','2022-02-22 13:59:29.000000',6,'Liver Capture Long-Seq (anchored)'),(326,'a7436315-93e7-11ec-a39d-005056b38ce3',7,'cls_liver_unanchored','GSE93848','2022-02-22 13:59:29.000000',6,'Liver Capture Long-Seq'),(327,'a743637a-93e7-11ec-a39d-005056b38ce3',7,'cls_testes_anchored','GSE93848','2022-02-22 13:59:29.000000',6,'Testes Capture Long-Seq (anchored)'),(328,'a74363e0-93e7-11ec-a39d-005056b38ce3',7,'cls_testes_unanchored','GSE93848','2022-02-22 13:59:29.000000',6,'Testes Capture Long-Seq'),(329,'a7436447-93e7-11ec-a39d-005056b38ce3',7,'estgene','Jan 31 12:35','2022-02-22 13:59:29.000000',6,'EST-based'),(330,'a74364af-93e7-11ec-a39d-005056b38ce3',7,'refseq_import','2020-12-10 18:46:50','2022-02-22 13:59:29.000000',6,'RefSeq GFF3 annotation import'),(331,'a743652e-93e7-11ec-a39d-005056b38ce3',7,'aligned_tgac','2017-09-12','2022-02-22 13:59:29.000000',14,'Genes aligned from TGACv1 with Exonerate'),(332,'a74365a8-93e7-11ec-a39d-005056b38ce3',7,'iwgsc_low_conf','2017-10-30','2022-02-22 13:59:29.000000',14,'Genes annotated with low confidence by IWGSC'),(333,'a7436625-93e7-11ec-a39d-005056b38ce3',7,'gene_rnaseq','2014-05-07','2022-02-22 13:59:29.000000',7,'RNA-seq gene models'),(334,'a743669c-93e7-11ec-a39d-005056b38ce3',19,'datafiles_bamcov','2014-06-23','2022-02-22 13:59:29.000000',7,'BAM coverage files'),(526,'50e192ea-948d-11ec-a39d-005056b38ce3',1,'assembly',NULL,'2022-02-22 16:50:48.000000',16,'GCA_000001405.14'),(527,'50e198e3-948d-11ec-a39d-005056b38ce3',22,'assembly',NULL,'2022-02-22 16:50:48.000000',16,'GCA_000001405.14'),(529,'546e8ed4-948d-11ec-a39d-005056b38ce3',7,'gene_core',NULL,'2022-02-22 16:50:48.000000',16,'2010-07-Ensembl/2013-09'),(530,'546e9178-948d-11ec-a39d-005056b38ce3',28,'gene_core',NULL,'2022-02-22 16:50:48.000000',16,'2010-07-Ensembl/2013-09'),(595,'76ff0f75-948d-11ec-a39d-005056b38ce3',2,'rnacentral_checksum','1','2022-01-26 18:43:00.000000',4,'RNAcentral'),(596,'76ff1535-948d-11ec-a39d-005056b38ce3',2,'uniparc_checksum','1','2022-01-26 18:43:00.000000',4,'UniParc'),(597,'76ff1831-948d-11ec-a39d-005056b38ce3',3,'xref_alignment','2009-06-01','2022-01-26 18:43:00.000000',4,'Alignment-based cross-references'),(598,'76ff18e3-948d-11ec-a39d-005056b38ce3',3,'xref_alignment','2014-06-18','2022-01-26 18:43:00.000000',4,'Alignment-based cross-references'),(599,'76ff198c-948d-11ec-a39d-005056b38ce3',4,'xref_dependent','2009-06-01','2022-01-26 18:43:00.000000',4,'Dependent cross-references'),(600,'76ff1a08-948d-11ec-a39d-005056b38ce3',4,'xref_dependent','2021-01-08','2022-01-26 18:43:00.000000',4,'Dependent cross-references'),(601,'76ff1a95-948d-11ec-a39d-005056b38ce3',5,'xref_direct','2014-06-13','2022-01-26 18:43:00.000000',4,'Direct cross-references'),(602,'76ff2359-948d-11ec-a39d-005056b38ce3',5,'xref_direct','2014-06-18','2022-01-26 18:43:00.000000',4,'Direct cross-references'),(603,'76ff9220-948d-11ec-a39d-005056b38ce3',6,'unigene','2010-06-02 15:00','2022-01-26 18:43:00.000000',4,'EST cluster (Unigene)'),(604,'76ff9386-948d-11ec-a39d-005056b38ce3',6,'vertrna','2011-12-09 11:25','2022-01-26 18:43:00.000000',4,'Vertebrate cDNAs (ENA)'),(605,'76ff940e-948d-11ec-a39d-005056b38ce3',6,'grc_alignment_import','GRCh38.p2','2022-02-23 09:46:24.000000',6,'GRC alignment import'),(606,'76ff948b-948d-11ec-a39d-005056b38ce3',6,'human_est','Jan 31 12:35','2022-02-23 09:46:24.000000',6,'Human ESTs'),(607,'76ff9526-948d-11ec-a39d-005056b38ce3',7,'ccds_import','24042014','2022-02-23 09:46:24.000000',6,'CCDS set'),(608,'76ff9594-948d-11ec-a39d-005056b38ce3',7,'cls_all_anchored','GSE93848','2022-02-23 09:46:24.000000',6,'All Capture Long-Seq (anchored)'),(609,'76ff9cec-948d-11ec-a39d-005056b38ce3',7,'cls_all_unanchored','GSE93848','2022-02-23 09:46:24.000000',6,'All Capture Long-Seq'),(610,'76ff9d62-948d-11ec-a39d-005056b38ce3',7,'cls_brain_anchored','GSE93848','2022-02-23 09:46:24.000000',6,'Brain Capture Long-Seq (anchored)'),(611,'76ff9dc4-948d-11ec-a39d-005056b38ce3',7,'cls_brain_unanchored','GSE93848','2022-02-23 09:46:24.000000',6,'Brain Capture Long-Seq'),(612,'76ff9e13-948d-11ec-a39d-005056b38ce3',7,'cls_heart_anchored','GSE93848','2022-02-23 09:46:24.000000',6,'Heart Capture Long-Seq (anchored)'),(613,'76ff9e6b-948d-11ec-a39d-005056b38ce3',7,'cls_heart_unanchored','GSE93848','2022-02-23 09:46:24.000000',6,'Heart Capture Long-Seq'),(614,'76ff9eb7-948d-11ec-a39d-005056b38ce3',7,'cls_hela_anchored','GSE93848','2022-02-23 09:46:24.000000',6,'HeLa Capture Long-Seq (anchored)'),(615,'76ff9f02-948d-11ec-a39d-005056b38ce3',7,'cls_hela_unanchored','GSE93848','2022-02-23 09:46:24.000000',6,'HeLa Capture Long-Seq'),(616,'76ff9f4e-948d-11ec-a39d-005056b38ce3',7,'cls_k562_anchored','GSE93848','2022-02-23 09:46:24.000000',6,'K562 Capture Long-Seq (anchored)'),(617,'76ff9f98-948d-11ec-a39d-005056b38ce3',7,'cls_k562_unanchored','GSE93848','2022-02-23 09:46:24.000000',6,'K562 Capture Long-Seq'),(618,'76ff9fe0-948d-11ec-a39d-005056b38ce3',7,'cls_liver_anchored','GSE93848','2022-02-23 09:46:24.000000',6,'Liver Capture Long-Seq (anchored)'),(619,'76ffa02c-948d-11ec-a39d-005056b38ce3',7,'cls_liver_unanchored','GSE93848','2022-02-23 09:46:24.000000',6,'Liver Capture Long-Seq'),(620,'76ffa077-948d-11ec-a39d-005056b38ce3',7,'cls_testes_anchored','GSE93848','2022-02-23 09:46:24.000000',6,'Testes Capture Long-Seq (anchored)'),(621,'76ffa0c3-948d-11ec-a39d-005056b38ce3',7,'cls_testes_unanchored','GSE93848','2022-02-23 09:46:24.000000',6,'Testes Capture Long-Seq'),(622,'76ffa142-948d-11ec-a39d-005056b38ce3',7,'estgene','Jan 31 12:35','2022-02-23 09:46:24.000000',6,'EST-based'),(623,'76ffa194-948d-11ec-a39d-005056b38ce3',7,'refseq_import','2020-12-10 18:46:50','2022-02-23 09:46:24.000000',6,'RefSeq GFF3 annotation import'),(624,'76ffa1e6-948d-11ec-a39d-005056b38ce3',7,'gene_rnaseq','2014-05-07','2022-02-23 09:46:24.000000',7,'RNA-seq gene models'),(625,'76ffa34f-948d-11ec-a39d-005056b38ce3',12,'goa_import','2021-03-01','2022-01-26 18:43:00.000000',4,'GOA annotation'),(626,'76ffa3bc-948d-11ec-a39d-005056b38ce3',12,'interpro2go','2021-01-08','2022-01-26 18:43:00.000000',4,'InterPro2GO mapping'),(627,'76ffa505-948d-11ec-a39d-005056b38ce3',17,'interproscan','5.48-83.0','2022-01-26 18:43:00.000000',4,'InterProScan'),(628,'76ffa59d-948d-11ec-a39d-005056b38ce3',18,'dust','1','2022-01-26 18:43:00.000000',4,'Low complexity (Dust)'),(629,'76ffa5f9-948d-11ec-a39d-005056b38ce3',18,'repeatmask_repbase_human_low','3.3.0','2022-01-26 18:43:00.000000',4,'Repeats (low)'),(630,'76ffa646-948d-11ec-a39d-005056b38ce3',18,'repeatmask_repbase_human','3.3.0','2022-01-26 18:43:00.000000',4,'Repeats'),(631,'76ffa693-948d-11ec-a39d-005056b38ce3',18,'trf','2014-02-06','2022-01-26 18:43:00.000000',4,'Tandem repeats (TRF)'),(632,'76ffa72e-948d-11ec-a39d-005056b38ce3',19,'datafiles_bamcov','2014-06-23','2022-02-23 09:46:24.000000',7,'BAM coverage files'),(633,'76ffa81f-948d-11ec-a39d-005056b38ce3',23,'rnacentral_checksum','1','2022-01-26 18:43:00.000000',4,'RNAcentral'),(634,'76ffa88a-948d-11ec-a39d-005056b38ce3',23,'uniparc_checksum','1','2022-01-26 18:43:00.000000',4,'UniParc'),(635,'76ffa90d-948d-11ec-a39d-005056b38ce3',24,'xref_alignment','2009-06-01','2022-01-26 18:43:00.000000',4,'Alignment-based cross-references'),(636,'76ffa968-948d-11ec-a39d-005056b38ce3',24,'xref_alignment','2014-06-18','2022-01-26 18:43:00.000000',4,'Alignment-based cross-references'),(637,'76ffa9f5-948d-11ec-a39d-005056b38ce3',25,'xref_dependent','2009-06-01','2022-01-26 18:43:00.000000',4,'Dependent cross-references'),(638,'76ffaa4a-948d-11ec-a39d-005056b38ce3',25,'xref_dependent','2021-01-08','2022-01-26 18:43:00.000000',4,'Dependent cross-references'),(639,'76ffaaca-948d-11ec-a39d-005056b38ce3',26,'xref_direct','2014-06-13','2022-01-26 18:43:00.000000',4,'Direct cross-references'),(640,'76ffab1c-948d-11ec-a39d-005056b38ce3',26,'xref_direct','2014-06-18','2022-01-26 18:43:00.000000',4,'Direct cross-references'),(641,'76ffac1e-948d-11ec-a39d-005056b38ce3',27,'unigene','2010-06-02 15:00','2022-01-26 18:43:00.000000',4,'EST cluster (Unigene)'),(642,'76ffac83-948d-11ec-a39d-005056b38ce3',27,'vertrna','2011-12-09 11:25','2022-01-26 18:43:00.000000',4,'Vertebrate cDNAs (ENA)'),(643,'76ffacda-948d-11ec-a39d-005056b38ce3',27,'grc_alignment_import','GRCh38.p2','2022-02-23 09:46:24.000000',6,'GRC alignment import'),(644,'76ffad29-948d-11ec-a39d-005056b38ce3',27,'human_est','Jan 31 12:35','2022-02-23 09:46:24.000000',6,'Human ESTs'),(645,'76ffadad-948d-11ec-a39d-005056b38ce3',28,'ccds_import','24042014','2022-02-23 09:46:24.000000',6,'CCDS set'),(646,'76ffae03-948d-11ec-a39d-005056b38ce3',28,'cls_all_anchored','GSE93848','2022-02-23 09:46:24.000000',6,'All Capture Long-Seq (anchored)'),(647,'76ffae53-948d-11ec-a39d-005056b38ce3',28,'cls_all_unanchored','GSE93848','2022-02-23 09:46:24.000000',6,'All Capture Long-Seq'),(648,'76ffaea3-948d-11ec-a39d-005056b38ce3',28,'cls_brain_anchored','GSE93848','2022-02-23 09:46:24.000000',6,'Brain Capture Long-Seq (anchored)'),(649,'76ffaef3-948d-11ec-a39d-005056b38ce3',28,'cls_brain_unanchored','GSE93848','2022-02-23 09:46:24.000000',6,'Brain Capture Long-Seq'),(650,'76ffaf41-948d-11ec-a39d-005056b38ce3',28,'cls_heart_anchored','GSE93848','2022-02-23 09:46:24.000000',6,'Heart Capture Long-Seq (anchored)'),(651,'76ffaf8c-948d-11ec-a39d-005056b38ce3',28,'cls_heart_unanchored','GSE93848','2022-02-23 09:46:24.000000',6,'Heart Capture Long-Seq'),(652,'76ffafd6-948d-11ec-a39d-005056b38ce3',28,'cls_hela_anchored','GSE93848','2022-02-23 09:46:24.000000',6,'HeLa Capture Long-Seq (anchored)'),(653,'76ffb01e-948d-11ec-a39d-005056b38ce3',28,'cls_hela_unanchored','GSE93848','2022-02-23 09:46:24.000000',6,'HeLa Capture Long-Seq'),(654,'76ffb068-948d-11ec-a39d-005056b38ce3',28,'cls_k562_anchored','GSE93848','2022-02-23 09:46:24.000000',6,'K562 Capture Long-Seq (anchored)'),(655,'76ffb0af-948d-11ec-a39d-005056b38ce3',28,'cls_k562_unanchored','GSE93848','2022-02-23 09:46:24.000000',6,'K562 Capture Long-Seq'),(656,'76ffb0f9-948d-11ec-a39d-005056b38ce3',28,'cls_liver_anchored','GSE93848','2022-02-23 09:46:24.000000',6,'Liver Capture Long-Seq (anchored)'),(657,'76ffb142-948d-11ec-a39d-005056b38ce3',28,'cls_liver_unanchored','GSE93848','2022-02-23 09:46:24.000000',6,'Liver Capture Long-Seq'),(658,'76ffb18b-948d-11ec-a39d-005056b38ce3',28,'cls_testes_anchored','GSE93848','2022-02-23 09:46:24.000000',6,'Testes Capture Long-Seq (anchored)'),(659,'76ffb1d6-948d-11ec-a39d-005056b38ce3',28,'cls_testes_unanchored','GSE93848','2022-02-23 09:46:24.000000',6,'Testes Capture Long-Seq'),(660,'76ffb221-948d-11ec-a39d-005056b38ce3',28,'estgene','Jan 31 12:35','2022-02-23 09:46:24.000000',6,'EST-based'),(661,'76ffb271-948d-11ec-a39d-005056b38ce3',28,'refseq_import','2020-12-10 18:46:50','2022-02-23 09:46:24.000000',6,'RefSeq GFF3 annotation import'),(662,'76ffb2ba-948d-11ec-a39d-005056b38ce3',28,'gene_rnaseq','2014-05-07','2022-02-23 09:46:24.000000',7,'RNA-seq gene models'),(663,'76ffb3e3-948d-11ec-a39d-005056b38ce3',33,'goa_import','2021-03-01','2022-01-26 18:43:00.000000',4,'GOA annotation'),(664,'76ffb43b-948d-11ec-a39d-005056b38ce3',33,'interpro2go','2021-01-08','2022-01-26 18:43:00.000000',4,'InterPro2GO mapping'),(665,'76ffb57d-948d-11ec-a39d-005056b38ce3',38,'interproscan','5.48-83.0','2022-01-26 18:43:00.000000',4,'InterProScan'),(666,'76ffb605-948d-11ec-a39d-005056b38ce3',39,'dust','1','2022-01-26 18:43:00.000000',4,'Low complexity (Dust)'),(667,'76ffb659-948d-11ec-a39d-005056b38ce3',39,'repeatmask_repbase_human_low','3.3.0','2022-01-26 18:43:00.000000',4,'Repeats (low)'),(668,'76ffb6a7-948d-11ec-a39d-005056b38ce3',39,'repeatmask_repbase_human','3.3.0','2022-01-26 18:43:00.000000',4,'Repeats'),(669,'76ffb6f0-948d-11ec-a39d-005056b38ce3',39,'trf','2014-02-06','2022-01-26 18:43:00.000000',4,'Tandem repeats (TRF)'),(670,'76ffb780-948d-11ec-a39d-005056b38ce3',40,'datafiles_bamcov','2014-06-23','2022-02-23 09:46:24.000000',7,'BAM coverage files');
/*!40000 ALTER TABLE `dataset` ENABLE KEYS */;
UNLOCK TABLES;

--
-- Table structure for table `dataset_attribute`
--

DROP TABLE IF EXISTS `dataset_attribute`;
/*!40101 SET @saved_cs_client     = @@character_set_client */;
/*!40101 SET character_set_client = utf8 */;
CREATE TABLE `dataset_attribute` (
  `dataset_attribute_id` int(11) NOT NULL AUTO_INCREMENT,
  `type` varchar(32) NOT NULL,
  `value` varchar(128) NOT NULL,
  `attribute_id` int(11) NOT NULL,
  `dataset_id` int(11) NOT NULL,
  PRIMARY KEY (`dataset_attribute_id`),
  UNIQUE KEY `dataset_attribute_dataset_id_attribute_id__d3b34d8c_uniq` (`dataset_id`,`attribute_id`,`type`,`value`),
  KEY `dataset_attribute_attribute_id_55c51407_fk_attribute` (`attribute_id`),
  KEY `dataset_attribute_dataset_id_2e2afe19` (`dataset_id`),
  CONSTRAINT `dataset_attribute_attribute_id_55c51407_fk_attribute` FOREIGN KEY (`attribute_id`) REFERENCES `attribute` (`attribute_id`) ON DELETE CASCADE ON UPDATE CASCADE,
  CONSTRAINT `dataset_attribute_dataset_id_2e2afe19_fk_dataset_dataset_id` FOREIGN KEY (`dataset_id`) REFERENCES `dataset` (`dataset_id`) ON DELETE CASCADE ON UPDATE CASCADE
) ENGINE=InnoDB AUTO_INCREMENT=586 DEFAULT CHARSET=latin1 ROW_FORMAT=COMPACT;
/*!40101 SET character_set_client = @saved_cs_client */;

--
-- Dumping data for table `dataset_attribute`
--

LOCK TABLES `dataset_attribute` WRITE;
/*!40000 ALTER TABLE `dataset_attribute` DISABLE KEYS */;
INSERT INTO `dataset_attribute` (`dataset_attribute_id`, `type`, `value`, `attribute_id`, `dataset_id`) VALUES (487,'length_bp','3096649726',102,1),(479,'length_bp','23292622',102,2),(450,'length_bp','100286401',102,3),(503,'length_bp','4641652',102,4),(456,'length_bp','12157105',102,5),(468,'length_bp','14547261565',102,6),(481,'length_bp','243654872',4,8),(462,'length_bp','137118487',5,8),(500,'length_bp','457281',6,8),(455,'length_bp','11056628',7,8),(507,'length_bp','496227',8,8),(472,'length_bp','1876428',9,8),(1,'count','1000231',34,8),(255,'count','461355',35,8),(82,'count','2220',36,8),(103,'count','28584',37,8),(259,'count','4863',38,8),(19,'count','1156',39,8),(443,'example','ENSG00000139618',40,8),(77,'count','20424',42,8),(461,'length_bp','1370924196',43,8),(531,'max_bp','2473539',43,8),(562,'min_bp','8',43,8),(511,'length_bp','552137588',44,8),(525,'max_bp','1375317',44,8),(559,'min_bp','68',44,8),(501,'length_bp','457281',45,8),(536,'max_bp','464',45,8),(556,'min_bp','57',45,8),(515,'length_bp','64192681',46,8),(543,'max_bp','909387',46,8),(546,'min_bp','23',46,8),(508,'length_bp','496227',47,8),(528,'max_bp','1559',47,8),(548,'min_bp','41',47,8),(469,'length_bp','1703598',48,8),(530,'max_bp','18662',48,8),(563,'min_bp','87',48,8),(59,'count','16884',49,8),(83,'count','2220',50,8),(49,'count','15217',51,8),(260,'count','4863',53,8),(5,'count','1056',54,8),(438,'example','17:63992802-64038237',63,8),(7,'count','106190',88,8),(513,'length_bp','5949148170',89,8),(490,'length_bp','3487287122',90,8),(502,'length_bp','457281',91,8),(498,'length_bp','41228518',92,8),(509,'length_bp','496227',93,8),(476,'length_bp','1891463',94,8),(9,'count','107279',95,8),(84,'count','2220',96,8),(50,'count','15221',97,8),(261,'count','4863',98,8),(16,'count','1147',99,8),(457,'length_bp','12312399',4,9),(480,'length_bp','239905',7,9),(465,'length_bp','139527',8,9),(44,'count','14146',34,9),(254,'count','461',37,9),(91,'count','252',38,9),(444,'example','PF3D7_0532500',40,9),(267,'count','5362',42,9),(463,'length_bp','13779715',43,9),(533,'max_bp','30864',43,9),(565,'min_bp','90',43,9),(482,'length_bp','254846',46,9),(523,'max_bp','11291',46,9),(561,'min_bp','72',46,9),(466,'length_bp','139527',47,9),(540,'max_bp','6175',47,9),(560,'min_bp','68',47,9),(51,'count','153',51,9),(92,'count','252',53,9),(440,'example','5:1316342-1316846',63,9),(268,'count','5362',88,9),(464,'length_bp','13779715',89,9),(483,'length_bp','254846',92,9),(467,'length_bp','139527',93,9),(52,'count','153',97,9),(93,'count','252',98,9),(478,'length_bp','227267910',4,10),(495,'length_bp','40357',5,10),(473,'length_bp','1880083',8,10),(328,'count','749233',34,10),(120,'count','362',35,10),(30,'count','12491',38,10),(445,'example','TraesCS3D02G273600',40,10),(10,'count','107891',42,10),(491,'length_bp','376421927',43,10),(524,'max_bp','124945',43,10),(554,'min_bp','54',43,10),(496,'length_bp','40357',44,10),(535,'max_bp','378',44,10),(555,'min_bp','55',44,10),(474,'length_bp','1880083',47,10),(537,'max_bp','5792',47,10),(550,'min_bp','42',47,10),(121,'count','362',49,10),(31,'count','12491',53,10),(439,'example','3D:2585940-2634711',63,10),(36,'count','133744',88,10),(510,'length_bp','529599294',89,10),(497,'length_bp','40357',90,10),(475,'length_bp','1880083',93,10),(122,'count','362',95,10),(32,'count','12491',98,10),(517,'length_bp','8762009',4,11),(451,'length_bp','10359',7,11),(516,'length_bp','84277',8,11),(296,'count','6913',34,11),(24,'count','12',37,11),(262,'count','491',38,11),(449,'example','YDL168W',40,11),(293,'count','6600',42,11),(520,'length_bp','8872836',43,11),(526,'max_bp','14733',43,11),(551,'min_bp','51',43,11),(452,'length_bp','10359',46,11),(534,'max_bp','3147',46,11),(545,'min_bp','228',46,11),(518,'length_bp','88443',47,11),(538,'max_bp','5947',47,11),(557,'min_bp','58',47,11),(25,'count','12',51,11),(244,'count','424',53,11),(446,'example','VII:786054-786920',63,11),(294,'count','6600',88,11),(521,'length_bp','8872836',89,11),(453,'length_bp','10359',92,11),(519,'length_bp','88443',93,11),(26,'count','12',97,11),(245,'count','424',98,11),(493,'length_bp','3986775',4,12),(454,'length_bp','104998',7,12),(504,'length_bp','48300',8,12),(248,'count','4245',34,12),(37,'count','134',37,12),(63,'count','179',38,12),(441,'example','b2992',40,12),(246,'count','4240',42,12),(492,'length_bp','3985273',43,12),(541,'max_bp','7077',43,12),(549,'min_bp','42',43,12),(458,'length_bp','126866',46,12),(542,'max_bp','8622',46,12),(552,'min_bp','51',46,12),(505,'length_bp','48300',47,12),(532,'max_bp','2905',47,12),(553,'min_bp','53',47,12),(17,'count','115',51,12),(64,'count','179',53,12),(442,'example','Chromosome:3140311-3140799',63,12),(247,'count','4242',88,12),(494,'length_bp','3986780',89,12),(459,'length_bp','126866',92,12),(506,'length_bp','48300',93,12),(18,'count','115',97,12),(65,'count','179',98,12),(512,'length_bp','55961979',4,13),(477,'length_bp','207087',5,13),(471,'length_bp','1776905',7,13),(484,'length_bp','2614490',8,13),(88,'count','235625',34,13),(272,'count','549',35,13),(330,'count','7695',37,13),(107,'count','29772',38,13),(447,'example','WBGene00004893',40,13),(76,'count','20191',42,13),(514,'length_bp','63596602',43,13),(522,'max_bp','102626',43,13),(547,'min_bp','30',43,13),(488,'length_bp','319909',44,13),(539,'max_bp','6035',44,13),(564,'min_bp','89',44,13),(485,'length_bp','2834340',46,13),(529,'max_bp','17899',46,13),(558,'min_bp','63',46,13),(470,'length_bp','1709739',47,13),(527,'max_bp','14770',47,13),(544,'min_bp','17',47,13),(97,'count','276',49,13),(70,'count','1922',51,13),(90,'count','24515',53,13),(448,'example','X:937766-957832',63,13),(116,'count','33552',88,13),(460,'length_bp','136558813',89,13),(489,'length_bp','327188',90,13),(486,'length_bp','2944790',92,13),(499,'length_bp','4264907',93,13),(104,'count','288',95,13),(72,'count','1958',97,13),(95,'count','25653',98,13),(127,'count','372',25,41),(334,'count','86',101,42),(128,'count','372',25,43),(335,'count','86',101,44),(129,'count','372',25,45),(336,'count','86',101,46),(130,'count','372',25,47),(337,'count','86',101,48),(131,'count','372',25,49),(132,'count','372',25,50),(338,'count','86',101,51),(133,'count','372',25,52),(339,'count','86',101,53),(134,'count','372',25,54),(340,'count','86',101,55),(135,'count','372',25,56),(136,'count','372',25,57),(137,'count','372',25,58),(341,'count','86',101,59),(138,'count','372',25,60),(342,'count','86',101,61),(139,'count','372',25,62),(343,'count','86',101,63),(140,'count','372',25,64),(344,'count','86',101,65),(141,'count','372',25,66),(345,'count','86',101,67),(142,'count','372',25,68),(346,'count','86',101,69),(143,'count','372',25,70),(347,'count','86',101,71),(144,'count','372',25,72),(348,'count','86',101,73),(145,'count','372',25,74),(146,'count','372',25,75),(349,'count','86',101,76),(147,'count','372',25,77),(350,'count','86',101,78),(148,'count','372',25,79),(351,'count','86',101,80),(149,'count','372',25,81),(352,'count','86',101,82),(150,'count','372',25,83),(353,'count','86',101,84),(151,'count','372',25,85),(354,'count','86',101,86),(152,'count','372',25,87),(355,'count','86',101,88),(153,'count','372',25,89),(356,'count','86',101,90),(154,'count','372',25,91),(357,'count','86',101,92),(155,'count','372',25,93),(358,'count','86',101,94),(156,'count','372',25,95),(359,'count','86',101,96),(157,'count','372',25,97),(158,'count','372',25,98),(360,'count','86',101,99),(159,'count','372',25,100),(361,'count','86',101,101),(160,'count','372',25,102),(161,'count','372',25,103),(362,'count','86',101,104),(162,'count','372',25,105),(363,'count','86',101,106),(163,'count','372',25,107),(364,'count','86',101,108),(164,'count','372',25,109),(365,'count','86',101,110),(165,'count','372',25,111),(366,'count','86',101,112),(166,'count','372',25,113),(367,'count','86',101,114),(167,'count','372',25,115),(168,'count','372',25,116),(368,'count','86',101,117),(169,'count','372',25,118),(369,'count','86',101,119),(170,'count','372',25,120),(171,'count','372',25,121),(370,'count','86',101,122),(172,'count','372',25,123),(371,'count','86',101,124),(173,'count','372',25,125),(372,'count','86',101,126),(174,'count','372',25,127),(373,'count','86',101,128),(175,'count','372',25,129),(374,'count','86',101,130),(176,'count','372',25,131),(375,'count','86',101,132),(177,'count','372',25,133),(376,'count','86',101,134),(178,'count','372',25,135),(377,'count','86',101,136),(179,'count','372',25,137),(378,'count','86',101,138),(180,'count','372',25,139),(379,'count','86',101,140),(181,'count','372',25,141),(380,'count','86',101,142),(182,'count','372',25,143),(381,'count','86',101,144),(183,'count','372',25,145),(184,'count','372',25,146),(382,'count','86',101,147),(185,'count','372',25,148),(383,'count','86',101,149),(186,'count','372',25,150),(384,'count','86',101,151),(187,'count','372',25,152),(385,'count','86',101,153),(188,'count','372',25,154),(386,'count','86',101,155),(189,'count','372',25,156),(190,'count','372',25,157),(387,'count','86',101,158),(191,'count','372',25,159),(388,'count','86',101,160),(192,'count','372',25,161),(389,'count','86',101,162),(193,'count','372',25,163),(390,'count','86',101,164),(194,'count','372',25,165),(391,'count','86',101,166),(195,'count','372',25,167),(392,'count','86',101,168),(196,'count','372',25,169),(393,'count','86',101,170),(197,'count','372',25,171),(394,'count','86',101,172),(198,'count','372',25,173),(395,'count','86',101,174),(199,'count','372',25,175),(200,'count','372',25,176),(396,'count','86',101,177),(201,'count','372',25,178),(397,'count','86',101,179),(202,'count','372',25,180),(398,'count','86',101,181),(203,'count','372',25,182),(399,'count','86',101,183),(204,'count','372',25,184),(400,'count','86',101,185),(205,'count','372',25,186),(401,'count','86',101,187),(206,'count','372',25,188),(402,'count','86',101,189),(207,'count','372',25,190),(403,'count','86',101,191),(208,'count','372',25,192),(404,'count','86',101,193),(209,'count','372',25,194),(405,'count','86',101,195),(210,'count','372',25,196),(406,'count','86',101,197),(211,'count','372',25,198),(407,'count','86',101,199),(212,'count','372',25,200),(408,'count','86',101,201),(213,'count','372',25,202),(409,'count','86',101,203),(214,'count','372',25,204),(410,'count','86',101,205),(215,'count','372',25,206),(411,'count','86',101,207),(216,'count','372',25,208),(412,'count','86',101,209),(217,'count','372',25,210),(413,'count','86',101,211),(218,'count','372',25,212),(414,'count','86',101,213),(219,'count','372',25,214),(415,'count','86',101,215),(220,'count','372',25,216),(416,'count','86',101,217),(221,'count','372',25,218),(417,'count','86',101,219),(222,'count','372',25,220),(418,'count','86',101,221),(223,'count','372',25,222),(419,'count','86',101,223),(224,'count','372',25,224),(225,'count','372',25,225),(420,'count','86',101,226),(226,'count','372',25,227),(421,'count','86',101,228),(227,'count','372',25,229),(422,'count','86',101,230),(228,'count','372',25,231),(423,'count','86',101,232),(229,'count','372',25,233),(424,'count','86',101,234),(230,'count','372',25,235),(425,'count','86',101,236),(231,'count','372',25,237),(232,'count','372',25,238),(426,'count','86',101,239),(233,'count','372',25,240),(427,'count','86',101,241),(234,'count','372',25,242),(428,'count','86',101,243),(8,'count','10703312',103,244),(11,'count','11081186',104,245),(252,'count','46',26,246),(89,'count','24',101,247),(114,'count','32138',26,248),(35,'count','13044',62,249),(57,'count','16770',64,250),(281,'count','5893',101,251),(48,'count','148821',55,252),(256,'count','46704',60,253),(29,'count','1245036',55,254),(58,'count','167958',60,255),(108,'count','29870',55,256),(290,'count','6526',60,257),(435,'count','96465',55,258),(12,'count','11165',60,259),(324,'count','73045',55,260),(78,'count','206837',60,261),(74,'count','19782',3,262),(242,'count','41348',41,262),(275,'count','567',57,262),(280,'count','58823',58,262),(276,'count','56928',65,262),(39,'count','13493',66,262),(251,'count','45462',67,262),(105,'count','29681',68,262),(71,'count','1948',69,262),(101,'count','28371',70,262),(3,'count','10312',78,262),(327,'count','74439',79,262),(125,'count','368',80,262),(274,'count','5650',82,262),(123,'count','36688',83,262),(118,'count','35614',84,262),(62,'count','1750',86,262),(241,'count','39319',87,262),(285,'count','61341',3,263),(41,'count','139630',41,263),(23,'count','1192',57,263),(67,'count','182789',58,263),(54,'count','156901',65,263),(235,'count','37259',66,263),(53,'count','154618',67,263),(15,'count','113511',68,263),(288,'count','6421',69,263),(13,'count','111719',70,263),(265,'count','51798',78,263),(68,'count','186792',79,263),(321,'count','709',80,263),(436,'count','9859',82,263),(34,'count','127595',83,263),(14,'count','111912',84,263),(249,'count','4379',86,263),(278,'count','57568',87,263),(47,'count','1485',3,264),(264,'count','5130',41,264),(75,'count','200',57,264),(326,'count','7421',58,264),(2,'count','10283',65,264),(295,'count','6770',66,264),(284,'count','6127',67,264),(86,'count','2263',68,264),(99,'count','281',69,264),(81,'count','2217',70,264),(432,'count','905',78,264),(237,'count','37738',79,264),(126,'count','37',80,264),(282,'count','606',82,264),(94,'count','2543',83,264),(243,'count','4224',84,264),(286,'count','634',86,264),(258,'count','4743',87,264),(112,'count','3138',3,265),(291,'count','6547',41,265),(124,'count','368',57,265),(430,'count','8985',58,265),(434,'count','9329',65,265),(80,'count','2127',66,265),(332,'count','7763',67,265),(117,'count','3390',68,265),(329,'count','753',69,265),(239,'count','3845',70,265),(79,'count','2125',78,265),(28,'count','12414',79,265),(27,'count','123',80,265),(236,'count','375',82,265),(119,'count','3602',83,265),(266,'count','5285',84,265),(333,'count','846',86,265),(277,'count','5702',87,265),(273,'count','55961',3,266),(55,'count','160042',41,266),(238,'count','3840',57,266),(96,'count','272581',58,266),(60,'count','171823',65,266),(111,'count','31357',66,266),(66,'count','179495',67,266),(4,'count','105242',68,266),(331,'count','7712',69,266),(6,'count','105690',70,266),(240,'count','38695',78,266),(110,'count','310969',79,266),(87,'count','2266',80,266),(61,'count','17408',82,266),(431,'count','90137',83,266),(33,'count','126755',84,266),(85,'count','22422',86,266),(437,'count','99223',87,266),(298,'count','697',28,270),(299,'count','697',28,271),(300,'count','697',28,272),(301,'count','697',28,273),(302,'count','697',28,274),(303,'count','697',28,275),(304,'count','697',28,277),(305,'count','697',28,278),(306,'count','697',28,280),(307,'count','697',28,281),(308,'count','697',28,283),(309,'count','697',28,284),(310,'count','697',28,285),(311,'count','697',28,286),(312,'count','697',28,287),(313,'count','697',28,288),(314,'count','697',28,289),(315,'count','697',28,290),(316,'count','697',28,291),(317,'count','697',28,293),(318,'count','697',28,294),(319,'count','697',28,295),(320,'count','697',28,296),(69,'count','189249',27,297),(20,'count','117344',72,298),(271,'count','54702',100,299),(106,'count','2969676',27,300),(269,'count','5367525',76,301),(250,'count','4534000',75,302),(43,'count','1407631',100,303),(429,'count','8662',27,304),(323,'count','722',72,305),(113,'count','3210',100,306),(22,'count','11885427',27,307),(287,'count','6398156',73,308),(279,'count','5881638',74,309),(257,'count','46964350',85,310),(270,'count','5456614',100,311),(253,'count','460',56,312),(40,'count','13740376',59,313),(115,'count','33318',2,314),(292,'count','65614',11,315),(100,'count','28142',12,316),(38,'count','13435',13,317),(322,'count','7090',14,318),(42,'count','13993',15,319),(297,'count','6951',16,320),(45,'count','14192',17,321),(325,'count','7326',18,322),(21,'count','11817',19,323),(289,'count','6526',20,324),(433,'count','9165',21,325),(263,'count','4938',22,326),(98,'count','27639',23,327),(46,'count','14483',24,328),(109,'count','30179',32,329),(283,'count','61061',71,330),(73,'count','196423',1,331),(56,'count','161537',61,332),(102,'count','284536',52,333),(566,'name','Adipose RNAseq alignments',77,334),(567,'name','Adrenal RNAseq alignments',77,334),(568,'name','Blood RNAseq alignments',77,334),(569,'name','Brain RNAseq alignments',77,334),(570,'name','Breast RNAseq alignments',77,334),(571,'name','Colon RNAseq alignments',77,334),(572,'name','Heart RNAseq alignments',77,334),(573,'name','Kidney RNAseq alignments',77,334),(574,'name','Liver RNAseq alignments',77,334),(575,'name','Lung RNAseq alignments',77,334),(576,'name','Lymph RNAseq alignments',77,334),(577,'name','Merged RNAseq alignments',77,334),(578,'name','Ovary RNAseq alignments',77,334),(579,'name','Pooled normalized polyA RNAseq alignments',77,334),(580,'name','pooled ribofree RNAseq alignments',77,334),(581,'name','Pooled RNAseq alignments',77,334),(582,'name','Prostate RNAseq alignments',77,334),(583,'name','Skeletal muscle RNAseq alignments',77,334),(584,'name','Testes RNAseq alignments',77,334),(585,'name','Thyroid RNAseq alignments',77,334);
/*!40000 ALTER TABLE `dataset_attribute` ENABLE KEYS */;
UNLOCK TABLES;

--
-- Table structure for table `dataset_source`
--

DROP TABLE IF EXISTS `dataset_source`;
/*!40101 SET @saved_cs_client     = @@character_set_client */;
/*!40101 SET character_set_client = utf8 */;
CREATE TABLE `dataset_source` (
  `dataset_source_id` int(11) NOT NULL AUTO_INCREMENT,
  `type` varchar(32) NOT NULL,
  `name` varchar(255) NOT NULL,
  PRIMARY KEY (`dataset_source_id`),
  UNIQUE KEY `name` (`name`)
) ENGINE=InnoDB AUTO_INCREMENT=17 DEFAULT CHARSET=latin1 ROW_FORMAT=COMPACT;
/*!40101 SET character_set_client = @saved_cs_client */;

--
-- Dumping data for table `dataset_source`
--

LOCK TABLES `dataset_source` WRITE;
/*!40000 ALTER TABLE `dataset_source` DISABLE KEYS */;
INSERT INTO `dataset_source` (`dataset_source_id`, `type`, `name`) VALUES (1,'core','bacteria_0_collection_core_51_104_1'),(2,'core','caenorhabditis_elegans_core_51_104_269'),(3,'funcgen','caenorhabditis_elegans_funcgen_51_104_269'),(4,'core','homo_sapiens_core_104_38'),(5,'funcgen','homo_sapiens_funcgen_104_38'),(6,'otherfeatures','homo_sapiens_otherfeatures_104_38'),(7,'rnaseq','homo_sapiens_rnaseq_104_38'),(8,'variation','homo_sapiens_variation_104_38'),(9,'core','plasmodium_falciparum_core_51_104_1'),(10,'core','saccharomyces_cerevisiae_core_51_104_4'),(11,'funcgen','saccharomyces_cerevisiae_funcgen_51_104_4'),(12,'core','triticum_aestivum_core_51_104_4'),(13,'funcgen','triticum_aestivum_funcgen_51_104_4'),(14,'otherfeatures','triticum_aestivum_otherfeatures_51_104_4'),(15,'variation','triticum_aestivum_variation_51_104_4'),(16,'core','homo_sapiens_core_104_37');
/*!40000 ALTER TABLE `dataset_source` ENABLE KEYS */;
UNLOCK TABLES;

--
-- Table structure for table `dataset_type`
--

DROP TABLE IF EXISTS `dataset_type`;
/*!40101 SET @saved_cs_client     = @@character_set_client */;
/*!40101 SET character_set_client = utf8 */;
CREATE TABLE `dataset_type` (
  `dataset_type_id` int(11) NOT NULL AUTO_INCREMENT,
  `name` varchar(32) NOT NULL,
  `label` varchar(128) NOT NULL,
  `topic` varchar(32) NOT NULL,
  `description` varchar(255) DEFAULT NULL,
  `details_uri` varchar(255) DEFAULT NULL,
  PRIMARY KEY (`dataset_type_id`)
) ENGINE=InnoDB AUTO_INCREMENT=44 DEFAULT CHARSET=latin1 ROW_FORMAT=COMPACT;
/*!40101 SET character_set_client = @saved_cs_client */;

--
-- Dumping data for table `dataset_type`
--

LOCK TABLES `dataset_type` WRITE;
/*!40000 ALTER TABLE `dataset_type` DISABLE KEYS */;
INSERT INTO `dataset_type` (`dataset_type_id`, `name`, `label`, `topic`, `description`, `details_uri`) VALUES (1,'assembly','Genomic assembly','assembly',NULL,NULL),(2,'checksum_xrefs','Cross-references','geneset_annotation','Cross-references assigned by checksum (i.e. sequence identity)',NULL),(3,'alignment_xrefs','Cross-references','geneset_annotation','Cross-references assigned by alignment (i.e. sequence similarity)',NULL),(4,'dependent_xrefs','Cross-references','geneset_annotation','Cross-references assigned via an intermediate annotation',NULL),(5,'direct_xrefs','Cross-references','geneset_annotation','Cross-references imported from external annotation',NULL),(6,'dna_alignments','DNA alignments','assembly_annotation','Features aligned against the genome',NULL),(7,'geneset','Geneset','geneset_annotation',NULL,NULL),(8,'gene_families','Gene families','comparative',NULL,NULL),(9,'gene_trees','Gene trees','comparative',NULL,NULL),(10,'multiple_alignment','Multiple genome alignment','comparative',NULL,NULL),(11,'pairwise_alignment','Pairwise genome alignment','comparative',NULL,NULL),(12,'go_terms','GO terms','geneset_annotation',NULL,NULL),(13,'homologies','Homologies','comparative',NULL,NULL),(14,'microarrays','Microarrays','geneset_annotation',NULL,NULL),(15,'phenotypes','Phenotypes','variation',NULL,NULL),(16,'protein_alignments','Protein alignments','geneset_annotation','Features aligned against proteins',NULL),(17,'protein_features','Protein domains and features','geneset_annotation',NULL,NULL),(18,'repeat_features','Repeat features','assembly_annotation',NULL,NULL),(19,'rnaseq_alignments','RNAseq alignments','assembly_annotation','RNAseq data aligned against the genome',NULL),(20,'syntenies','Syntenies','comparative',NULL,NULL),(21,'variants','Variants','variation',NULL,NULL),(22,'assembly','Genomic assembly','assembly',NULL,NULL),(23,'checksum_xrefs','Cross-references','geneset_annotation','Cross-references assigned by checksum (i.e. sequence identity)',NULL),(24,'alignment_xrefs','Cross-references','geneset_annotation','Cross-references assigned by alignment (i.e. sequence similarity)',NULL),(25,'dependent_xrefs','Cross-references','geneset_annotation','Cross-references assigned via an intermediate annotation',NULL),(26,'direct_xrefs','Cross-references','geneset_annotation','Cross-references imported from external annotation',NULL),(27,'dna_alignments','DNA alignments','assembly_annotation','Features aligned against the genome',NULL),(28,'geneset','Geneset','geneset_annotation',NULL,NULL),(29,'gene_families','Gene families','comparative',NULL,NULL),(30,'gene_trees','Gene trees','comparative',NULL,NULL),(31,'multiple_alignment','Multiple genome alignment','comparative',NULL,NULL),(32,'pairwise_alignment','Pairwise genome alignment','comparative',NULL,NULL),(33,'go_terms','GO terms','geneset_annotation',NULL,NULL),(34,'homologies','Homologies','comparative',NULL,NULL),(35,'microarrays','Microarrays','geneset_annotation',NULL,NULL),(36,'phenotypes','Phenotypes','variation',NULL,NULL),(37,'protein_alignments','Protein alignments','geneset_annotation','Features aligned against proteins',NULL),(38,'protein_features','Protein domains and features','geneset_annotation',NULL,NULL),(39,'repeat_features','Repeat features','assembly_annotation',NULL,NULL),(40,'rnaseq_alignments','RNAseq alignments','assembly_annotation','RNAseq data aligned against the genome',NULL),(41,'syntenies','Syntenies','comparative',NULL,NULL),(42,'variants','Variants','variation',NULL,NULL),(43,'genebuild','Genebuild','genebuild',NULL,NULL);
/*!40000 ALTER TABLE `dataset_type` ENABLE KEYS */;
UNLOCK TABLES;

--
-- Table structure for table `ensembl_release`
--

DROP TABLE IF EXISTS `ensembl_release`;
/*!40101 SET @saved_cs_client     = @@character_set_client */;
/*!40101 SET character_set_client = utf8 */;
CREATE TABLE `ensembl_release` (
  `release_id` int(11) NOT NULL AUTO_INCREMENT,
  `version` decimal(10,1) NOT NULL,
  `release_date` date NOT NULL,
  `label` varchar(64) DEFAULT NULL,
  `is_current` tinyint(1) NOT NULL,
  `site_id` int(11) DEFAULT NULL,
  `release_type` varchar(16) NOT NULL,
  PRIMARY KEY (`release_id`),
  UNIQUE KEY `ensembl_release_version_site_id_b743399a_uniq` (`version`,`site_id`),
  KEY `ensembl_release_site_id_7c2f537a_fk_ensembl_site_site_id` (`site_id`),
  CONSTRAINT `ensembl_release_site_id_7c2f537a_fk_ensembl_site_site_id` FOREIGN KEY (`site_id`) REFERENCES `ensembl_site` (`site_id`) ON DELETE CASCADE ON UPDATE CASCADE
) ENGINE=InnoDB AUTO_INCREMENT=6 DEFAULT CHARSET=latin1 ROW_FORMAT=COMPACT;
/*!40101 SET character_set_client = @saved_cs_client */;

--
-- Dumping data for table `ensembl_release`
--

LOCK TABLES `ensembl_release` WRITE;
/*!40000 ALTER TABLE `ensembl_release` DISABLE KEYS */;
INSERT INTO `ensembl_release` (`release_id`, `version`, `release_date`, `label`, `is_current`, `site_id`, `release_type`) VALUES (1,2018.0,'2021-04-01','2020 MAP 7 species',0,9,'partial'),(2,2019.0,'2022-02-01','2020 MAP 7 species',0,9,'partial'),(3,2019.1,'2022-03-02','2020 MAP 7 species',0,9,'partial'),(4,2019.2,'2022-03-15','2020 MAP 7 species',0,9,'full'),(5,2020.0,'2022-04-01','2020 MAP 7 species',1,9,'partial');
/*!40000 ALTER TABLE `ensembl_release` ENABLE KEYS */;
UNLOCK TABLES;

--
-- Table structure for table `ensembl_site`
--

DROP TABLE IF EXISTS `ensembl_site`;
/*!40101 SET @saved_cs_client     = @@character_set_client */;
/*!40101 SET character_set_client = utf8 */;
CREATE TABLE `ensembl_site` (
  `site_id` int(11) NOT NULL AUTO_INCREMENT,
  `name` varchar(64) NOT NULL,
  `label` varchar(64) NOT NULL,
  `uri` varchar(64) NOT NULL,
  PRIMARY KEY (`site_id`)
) ENGINE=InnoDB AUTO_INCREMENT=10 DEFAULT CHARSET=latin1 ROW_FORMAT=COMPACT;
/*!40101 SET character_set_client = @saved_cs_client */;

--
-- Dumping data for table `ensembl_site`
--

LOCK TABLES `ensembl_site` WRITE;
/*!40000 ALTER TABLE `ensembl_site` DISABLE KEYS */;
INSERT INTO `ensembl_site` (`site_id`, `name`, `label`, `uri`) VALUES (1,'vertebrates','Ensembl','https://ensembl.org/'),(2,'bacteria','Ensembl Bacteria','https://bacteria.ensembl.org/'),(3,'fungi','Ensembl Fungi','https://fungi.ensembl.org/'),(4,'metazoa','Ensembl Metazoa','https://metazoa.ensembl.org/'),(5,'protists','Ensembl Protists','https://protists.ensembl.org/'),(6,'plants','Ensembl Plants','https://plants.ensembl.org/'),(7,'rapid','Rapid Release','https://rapid.ensembl.org/'),(8,'covid-19','COVID-19','https://covid-19.ensembl.org/'),(9,'2020-map','2020-MAP','https://2020.ensembl.org/');
/*!40000 ALTER TABLE `ensembl_site` ENABLE KEYS */;
UNLOCK TABLES;

--
-- Table structure for table `genome`
--

DROP TABLE IF EXISTS `genome`;
/*!40101 SET @saved_cs_client     = @@character_set_client */;
/*!40101 SET character_set_client = utf8 */;
CREATE TABLE `genome` (
  `genome_id` int(11) NOT NULL AUTO_INCREMENT,
  `genome_uuid` varchar(128) NOT NULL,
  `assembly_id` int(11) NOT NULL,
  `organism_id` int(11) NOT NULL,
  `created` datetime(6) NOT NULL,
  PRIMARY KEY (`genome_id`),
  UNIQUE KEY `genome_uuid` (`genome_uuid`),
  KEY `genome_assembly_id_0a748388_fk_assembly_assembly_id` (`assembly_id`),
  KEY `genome_organism_id_99ad7f35_fk_organism_organism_id` (`organism_id`),
  CONSTRAINT `genome_assembly_id_0a748388_fk_assembly_assembly_id` FOREIGN KEY (`assembly_id`) REFERENCES `assembly` (`assembly_id`) ON DELETE CASCADE ON UPDATE CASCADE,
  CONSTRAINT `genome_organism_id_99ad7f35_fk_organism_organism_id` FOREIGN KEY (`organism_id`) REFERENCES `organism` (`organism_id`) ON DELETE CASCADE ON UPDATE CASCADE
) ENGINE=InnoDB AUTO_INCREMENT=10 DEFAULT CHARSET=latin1 ROW_FORMAT=COMPACT;
/*!40101 SET character_set_client = @saved_cs_client */;

--
-- Dumping data for table `genome`
--

LOCK TABLES `genome` WRITE;
/*!40000 ALTER TABLE `genome` DISABLE KEYS */;
INSERT INTO `genome` (`genome_id`, `genome_uuid`, `assembly_id`, `organism_id`, `created`) VALUES (1,'a73351f7-93e7-11ec-a39d-005056b38ce3',1,2,'2022-01-26 17:46:20.000000'),(2,'a733550b-93e7-11ec-a39d-005056b38ce3',2,1,'2022-01-26 17:59:38.000000'),(3,'a7335667-93e7-11ec-a39d-005056b38ce3',3,3,'2022-01-26 18:43:00.000000'),(4,'a73356e1-93e7-11ec-a39d-005056b38ce3',4,4,'2022-01-27 07:59:56.000000'),(5,'a733574a-93e7-11ec-a39d-005056b38ce3',5,5,'2022-01-27 08:03:06.000000'),(6,'a73357ab-93e7-11ec-a39d-005056b38ce3',6,6,'2022-01-27 08:24:42.000000'),(9,'3704ceb1-948d-11ec-a39d-005056b38ce3',8,3,'2022-02-22 16:50:48.000000');
/*!40000 ALTER TABLE `genome` ENABLE KEYS */;
UNLOCK TABLES;

--
-- Table structure for table `genome_dataset`
--

DROP TABLE IF EXISTS `genome_dataset`;
/*!40101 SET @saved_cs_client     = @@character_set_client */;
/*!40101 SET character_set_client = utf8 */;
CREATE TABLE `genome_dataset` (
  `genome_dataset_id` int(11) NOT NULL AUTO_INCREMENT,
  `dataset_id` int(11) NOT NULL,
  `genome_id` int(11) NOT NULL,
  `release_id` int(11) DEFAULT NULL,
  `is_current` tinyint(1) NOT NULL,
  PRIMARY KEY (`genome_dataset_id`),
  KEY `ensembl_metadata_gen_dataset_id_26d7bac7_fk_dataset_d` (`dataset_id`),
  KEY `ensembl_metadata_gen_genome_id_7670a2c5_fk_genome_ge` (`genome_id`),
  KEY `ensembl_metadata_gen_release_id_c5440b9a_fk_ensembl_r` (`release_id`),
  CONSTRAINT `ensembl_metadata_gen_dataset_id_26d7bac7_fk_dataset_d` FOREIGN KEY (`dataset_id`) REFERENCES `dataset` (`dataset_id`) ON DELETE CASCADE ON UPDATE CASCADE,
  CONSTRAINT `ensembl_metadata_gen_genome_id_7670a2c5_fk_genome_ge` FOREIGN KEY (`genome_id`) REFERENCES `genome` (`genome_id`) ON DELETE CASCADE ON UPDATE CASCADE,
  CONSTRAINT `ensembl_metadata_gen_release_id_c5440b9a_fk_ensembl_r` FOREIGN KEY (`release_id`) REFERENCES `ensembl_release` (`release_id`) ON DELETE CASCADE ON UPDATE CASCADE
) ENGINE=InnoDB AUTO_INCREMENT=928 DEFAULT CHARSET=latin1 ROW_FORMAT=COMPACT;
/*!40101 SET character_set_client = @saved_cs_client */;

--
-- Dumping data for table `genome_dataset`
--

LOCK TABLES `genome_dataset` WRITE;
/*!40000 ALTER TABLE `genome_dataset` DISABLE KEYS */;
INSERT INTO `genome_dataset` (`genome_dataset_id`, `dataset_id`, `genome_id`, `release_id`, `is_current`) VALUES (1,4,1,1,1),(2,3,2,1,1),(3,1,3,1,1),(4,2,4,1,1),(5,5,5,1,1),(6,6,6,1,1),(8,12,1,1,1),(9,13,2,1,1),(10,8,3,1,1),(11,9,4,1,1),(12,11,5,1,1),(13,10,6,1,1),(15,15,3,1,1),(16,16,3,1,1),(17,17,4,1,1),(18,18,6,1,1),(19,19,2,1,1),(20,20,2,1,1),(21,21,3,1,1),(22,22,3,1,1),(23,23,4,1,1),(24,24,5,1,1),(25,25,6,1,1),(26,26,2,1,1),(27,27,2,1,1),(28,28,3,1,1),(29,29,3,1,1),(30,30,4,1,1),(31,31,4,1,1),(32,32,5,1,1),(33,33,5,1,1),(34,34,6,1,1),(35,35,6,1,1),(36,36,2,1,1),(37,37,3,1,1),(38,38,3,1,1),(39,39,5,1,1),(40,40,6,1,1),(41,41,1,1,1),(42,42,1,1,1),(43,43,1,1,1),(44,44,1,1,1),(45,45,1,1,1),(46,46,1,1,1),(47,47,1,1,1),(48,48,1,1,1),(49,49,1,1,1),(50,50,1,1,1),(51,51,1,1,1),(52,52,1,1,1),(53,53,1,1,1),(54,54,1,1,1),(55,55,1,1,1),(56,56,1,1,1),(57,57,1,1,1),(58,58,1,1,1),(59,59,1,1,1),(60,60,1,1,1),(61,61,1,1,1),(62,62,1,1,1),(63,63,1,1,1),(64,64,1,1,1),(65,65,1,1,1),(66,66,1,1,1),(67,67,1,1,1),(68,68,1,1,1),(69,69,1,1,1),(70,70,1,1,1),(71,71,1,1,1),(72,72,1,1,1),(73,73,1,1,1),(74,74,1,1,1),(75,75,1,1,1),(76,76,1,1,1),(77,77,1,1,1),(78,78,1,1,1),(79,79,1,1,1),(80,80,1,1,1),(81,81,1,1,1),(82,82,1,1,1),(83,83,1,1,1),(84,84,1,1,1),(85,85,1,1,1),(86,86,1,1,1),(87,87,1,1,1),(88,88,1,1,1),(89,89,1,1,1),(90,90,1,1,1),(91,91,1,1,1),(92,92,1,1,1),(93,93,1,1,1),(94,94,1,1,1),(95,95,1,1,1),(96,96,1,1,1),(97,97,1,1,1),(98,98,1,1,1),(99,99,1,1,1),(100,100,1,1,1),(101,101,1,1,1),(102,102,1,1,1),(103,103,1,1,1),(104,104,1,1,1),(105,105,1,1,1),(106,106,1,1,1),(107,107,1,1,1),(108,108,1,1,1),(109,109,1,1,1),(110,110,1,1,1),(111,111,1,1,1),(112,112,1,1,1),(113,113,1,1,1),(114,114,1,1,1),(115,115,1,1,1),(116,116,1,1,1),(117,117,1,1,1),(118,118,1,1,1),(119,119,1,1,1),(120,120,1,1,1),(121,121,1,1,1),(122,122,1,1,1),(123,123,1,1,1),(124,124,1,1,1),(125,125,1,1,1),(126,126,1,1,1),(127,127,1,1,1),(128,128,1,1,1),(129,129,1,1,1),(130,130,1,1,1),(131,131,1,1,1),(132,132,1,1,1),(133,133,1,1,1),(134,134,1,1,1),(135,135,1,1,1),(136,136,1,1,1),(137,137,1,1,1),(138,138,1,1,1),(139,139,1,1,1),(140,140,1,1,1),(141,141,1,1,1),(142,142,1,1,1),(143,143,1,1,1),(144,144,1,1,1),(145,145,1,1,1),(146,146,1,1,1),(147,147,1,1,1),(148,148,1,1,1),(149,149,1,1,1),(150,150,1,1,1),(151,151,1,1,1),(152,152,1,1,1),(153,153,1,1,1),(154,154,1,1,1),(155,155,1,1,1),(156,156,1,1,1),(157,157,1,1,1),(158,158,1,1,1),(159,159,1,1,1),(160,160,1,1,1),(161,161,1,1,1),(162,162,1,1,1),(163,163,1,1,1),(164,164,1,1,1),(165,165,1,1,1),(166,166,1,1,1),(167,167,1,1,1),(168,168,1,1,1),(169,169,1,1,1),(170,170,1,1,1),(171,171,1,1,1),(172,172,1,1,1),(173,173,1,1,1),(174,174,1,1,1),(175,175,1,1,1),(176,176,1,1,1),(177,177,1,1,1),(178,178,1,1,1),(179,179,1,1,1),(180,180,1,1,1),(181,181,1,1,1),(182,182,1,1,1),(183,183,1,1,1),(184,184,1,1,1),(185,185,1,1,1),(186,186,1,1,1),(187,187,1,1,1),(188,188,1,1,1),(189,189,1,1,1),(190,190,1,1,1),(191,191,1,1,1),(192,192,1,1,1),(193,193,1,1,1),(194,194,1,1,1),(195,195,1,1,1),(196,196,1,1,1),(197,197,1,1,1),(198,198,1,1,1),(199,199,1,1,1),(200,200,1,1,1),(201,201,1,1,1),(202,202,1,1,1),(203,203,1,1,1),(204,204,1,1,1),(205,205,1,1,1),(206,206,1,1,1),(207,207,1,1,1),(208,208,1,1,1),(209,209,1,1,1),(210,210,1,1,1),(211,211,1,1,1),(212,212,1,1,1),(213,213,1,1,1),(214,214,1,1,1),(215,215,1,1,1),(216,216,1,1,1),(217,217,1,1,1),(218,218,1,1,1),(219,219,1,1,1),(220,220,1,1,1),(221,221,1,1,1),(222,222,1,1,1),(223,223,1,1,1),(224,224,1,1,1),(225,225,1,1,1),(226,226,1,1,1),(227,227,1,1,1),(228,228,1,1,1),(229,229,1,1,1),(230,230,1,1,1),(231,231,1,1,1),(232,232,1,1,1),(233,233,1,1,1),(234,234,1,1,1),(235,235,1,1,1),(236,236,1,1,1),(237,237,1,1,1),(238,238,1,1,1),(239,239,1,1,1),(240,240,1,1,1),(241,241,1,1,1),(242,242,1,1,1),(243,243,1,1,1),(244,244,3,1,1),(245,245,3,1,1),(246,246,5,1,1),(247,247,5,1,1),(248,248,6,1,1),(249,249,6,1,1),(250,250,6,1,1),(251,251,6,1,1),(252,252,2,1,1),(253,253,2,1,1),(254,254,3,1,1),(255,255,3,1,1),(256,256,4,1,1),(257,257,4,1,1),(258,258,5,1,1),(259,259,5,1,1),(260,260,6,1,1),(261,261,6,1,1),(262,262,2,1,1),(263,263,3,1,1),(264,264,4,1,1),(265,265,5,1,1),(266,266,6,1,1),(267,267,1,1,1),(268,268,1,1,1),(269,269,1,1,1),(270,270,1,1,1),(271,271,1,1,1),(272,272,1,1,1),(273,273,1,1,1),(274,274,1,1,1),(275,275,1,1,1),(276,276,1,1,1),(277,277,1,1,1),(278,278,1,1,1),(279,279,1,1,1),(280,280,1,1,1),(281,281,1,1,1),(282,282,1,1,1),(283,283,1,1,1),(284,284,1,1,1),(285,285,1,1,1),(286,286,1,1,1),(287,287,1,1,1),(288,288,1,1,1),(289,289,1,1,1),(290,290,1,1,1),(291,291,1,1,1),(292,292,1,1,1),(293,293,1,1,1),(294,294,1,1,1),(295,295,1,1,1),(296,296,1,1,1),(297,297,2,1,1),(298,298,2,1,1),(299,299,2,1,1),(300,300,3,1,1),(301,301,3,1,1),(302,302,3,1,1),(303,303,3,1,1),(304,304,5,1,1),(305,305,5,1,1),(306,306,5,1,1),(307,307,6,1,1),(308,308,6,1,1),(309,309,6,1,1),(310,310,6,1,1),(311,311,6,1,1),(312,312,3,1,1),(313,313,3,1,1),(314,314,3,1,1),(315,315,3,1,1),(316,316,3,1,1),(317,317,3,1,1),(318,318,3,1,1),(319,319,3,1,1),(320,320,3,1,1),(321,321,3,1,1),(322,322,3,1,1),(323,323,3,1,1),(324,324,3,1,1),(325,325,3,1,1),(326,326,3,1,1),(327,327,3,1,1),(328,328,3,1,1),(329,329,3,1,1),(330,330,3,1,1),(331,331,6,1,1),(332,332,6,1,1),(333,333,3,1,1),(334,334,3,1,1),(526,526,9,1,1),(527,527,9,1,1),(529,529,9,1,1),(530,530,9,1,1),(532,41,1,1,1),(533,42,1,1,1),(534,43,1,1,1),(535,44,1,1,1),(536,45,1,1,1),(537,46,1,1,1),(538,47,1,1,1),(539,48,1,1,1),(540,49,1,1,1),(541,50,1,1,1),(542,51,1,1,1),(543,52,1,1,1),(544,53,1,1,1),(545,54,1,1,1),(546,55,1,1,1),(547,56,1,1,1),(548,57,1,1,1),(549,58,1,1,1),(550,59,1,1,1),(551,60,1,1,1),(552,61,1,1,1),(553,62,1,1,1),(554,63,1,1,1),(555,64,1,1,1),(556,65,1,1,1),(557,66,1,1,1),(558,67,1,1,1),(559,68,1,1,1),(560,69,1,1,1),(561,70,1,1,1),(562,71,1,1,1),(563,72,1,1,1),(564,73,1,1,1),(565,74,1,1,1),(566,75,1,1,1),(567,76,1,1,1),(568,77,1,1,1),(569,78,1,1,1),(570,79,1,1,1),(571,80,1,1,1),(572,81,1,1,1),(573,82,1,1,1),(574,83,1,1,1),(575,84,1,1,1),(576,85,1,1,1),(577,86,1,1,1),(578,87,1,1,1),(579,88,1,1,1),(580,89,1,1,1),(581,90,1,1,1),(582,91,1,1,1),(583,92,1,1,1),(584,93,1,1,1),(585,94,1,1,1),(586,95,1,1,1),(587,96,1,1,1),(588,97,1,1,1),(589,98,1,1,1),(590,99,1,1,1),(591,100,1,1,1),(592,101,1,1,1),(593,102,1,1,1),(594,103,1,1,1),(595,104,1,1,1),(596,105,1,1,1),(597,106,1,1,1),(598,107,1,1,1),(599,108,1,1,1),(600,109,1,1,1),(601,110,1,1,1),(602,111,1,1,1),(603,112,1,1,1),(604,113,1,1,1),(605,114,1,1,1),(606,115,1,1,1),(607,116,1,1,1),(608,117,1,1,1),(609,118,1,1,1),(610,119,1,1,1),(611,120,1,1,1),(612,121,1,1,1),(613,122,1,1,1),(614,123,1,1,1),(615,124,1,1,1),(616,125,1,1,1),(617,126,1,1,1),(618,127,1,1,1),(619,128,1,1,1),(620,129,1,1,1),(621,130,1,1,1),(622,131,1,1,1),(623,132,1,1,1),(624,133,1,1,1),(625,134,1,1,1),(626,135,1,1,1),(627,136,1,1,1),(628,137,1,1,1),(629,138,1,1,1),(630,139,1,1,1),(631,140,1,1,1),(632,141,1,1,1),(633,142,1,1,1),(634,143,1,1,1),(635,144,1,1,1),(636,145,1,1,1),(637,146,1,1,1),(638,147,1,1,1),(639,148,1,1,1),(640,149,1,1,1),(641,150,1,1,1),(642,151,1,1,1),(643,152,1,1,1),(644,153,1,1,1),(645,154,1,1,1),(646,155,1,1,1),(647,156,1,1,1),(648,157,1,1,1),(649,158,1,1,1),(650,159,1,1,1),(651,160,1,1,1),(652,161,1,1,1),(653,162,1,1,1),(654,163,1,1,1),(655,164,1,1,1),(656,165,1,1,1),(657,166,1,1,1),(658,167,1,1,1),(659,168,1,1,1),(660,169,1,1,1),(661,170,1,1,1),(662,171,1,1,1),(663,172,1,1,1),(664,173,1,1,1),(665,174,1,1,1),(666,175,1,1,1),(667,176,1,1,1),(668,177,1,1,1),(669,178,1,1,1),(670,179,1,1,1),(671,180,1,1,1),(672,181,1,1,1),(673,182,1,1,1),(674,183,1,1,1),(675,184,1,1,1),(676,185,1,1,1),(677,186,1,1,1),(678,187,1,1,1),(679,188,1,1,1),(680,189,1,1,1),(681,190,1,1,1),(682,191,1,1,1),(683,192,1,1,1),(684,193,1,1,1),(685,194,1,1,1),(686,195,1,1,1),(687,196,1,1,1),(688,197,1,1,1),(689,198,1,1,1),(690,199,1,1,1),(691,200,1,1,1),(692,201,1,1,1),(693,202,1,1,1),(694,203,1,1,1),(695,204,1,1,1),(696,205,1,1,1),(697,206,1,1,1),(698,207,1,1,1),(699,208,1,1,1),(700,209,1,1,1),(701,210,1,1,1),(702,211,1,1,1),(703,212,1,1,1),(704,213,1,1,1),(705,214,1,1,1),(706,215,1,1,1),(707,216,1,1,1),(708,217,1,1,1),(709,218,1,1,1),(710,219,1,1,1),(711,220,1,1,1),(712,221,1,1,1),(713,222,1,1,1),(714,223,1,1,1),(715,224,1,1,1),(716,225,1,1,1),(717,226,1,1,1),(718,227,1,1,1),(719,228,1,1,1),(720,229,1,1,1),(721,230,1,1,1),(722,231,1,1,1),(723,232,1,1,1),(724,233,1,1,1),(725,234,1,1,1),(726,235,1,1,1),(727,236,1,1,1),(728,237,1,1,1),(729,238,1,1,1),(730,239,1,1,1),(731,240,1,1,1),(732,241,1,1,1),(733,242,1,1,1),(734,243,1,1,1),(735,267,1,1,1),(736,268,1,1,1),(737,269,1,1,1),(738,270,1,1,1),(739,271,1,1,1),(740,272,1,1,1),(741,273,1,1,1),(742,274,1,1,1),(743,275,1,1,1),(744,276,1,1,1),(745,277,1,1,1),(746,278,1,1,1),(747,279,1,1,1),(748,280,1,1,1),(749,281,1,1,1),(750,282,1,1,1),(751,283,1,1,1),(752,284,1,1,1),(753,285,1,1,1),(754,286,1,1,1),(755,287,1,1,1),(756,288,1,1,1),(757,289,1,1,1),(758,290,1,1,1),(759,291,1,1,1),(760,292,1,1,1),(761,293,1,1,1),(762,294,1,1,1),(763,295,1,1,1),(764,296,1,1,1),(765,19,2,1,1),(766,20,2,1,1),(767,26,2,1,1),(768,27,2,1,1),(769,36,2,1,1),(770,252,2,1,1),(771,253,2,1,1),(772,262,2,1,1),(773,297,2,1,1),(774,298,2,1,1),(775,299,2,1,1),(776,15,3,1,1),(777,16,3,1,1),(778,21,3,1,1),(779,22,3,1,1),(780,28,3,1,1),(781,29,3,1,1),(782,37,3,1,1),(783,38,3,1,1),(784,244,3,1,1),(785,245,3,1,1),(786,254,3,1,1),(787,255,3,1,1),(788,263,3,1,1),(789,300,3,1,1),(790,301,3,1,1),(791,302,3,1,1),(792,303,3,1,1),(793,595,3,1,1),(794,596,3,1,1),(795,597,3,1,1),(796,598,3,1,1),(797,599,3,1,1),(798,600,3,1,1),(799,601,3,1,1),(800,602,3,1,1),(801,603,3,1,1),(802,604,3,1,1),(803,625,3,1,1),(804,626,3,1,1),(805,627,3,1,1),(806,628,3,1,1),(807,629,3,1,1),(808,630,3,1,1),(809,631,3,1,1),(810,633,3,1,1),(811,634,3,1,1),(812,635,3,1,1),(813,636,3,1,1),(814,637,3,1,1),(815,638,3,1,1),(816,639,3,1,1),(817,640,3,1,1),(818,641,3,1,1),(819,642,3,1,1),(820,663,3,1,1),(821,664,3,1,1),(822,665,3,1,1),(823,666,3,1,1),(824,667,3,1,1),(825,668,3,1,1),(826,669,3,1,1),(827,312,3,1,1),(828,313,3,1,1),(829,314,3,1,1),(830,315,3,1,1),(831,316,3,1,1),(832,317,3,1,1),(833,318,3,1,1),(834,319,3,1,1),(835,320,3,1,1),(836,321,3,1,1),(837,322,3,1,1),(838,323,3,1,1),(839,324,3,1,1),(840,325,3,1,1),(841,326,3,1,1),(842,327,3,1,1),(843,328,3,1,1),(844,329,3,1,1),(845,330,3,1,1),(846,605,3,1,1),(847,606,3,1,1),(848,607,3,1,1),(849,608,3,1,1),(850,609,3,1,1),(851,610,3,1,1),(852,611,3,1,1),(853,612,3,1,1),(854,613,3,1,1),(855,614,3,1,1),(856,615,3,1,1),(857,616,3,1,1),(858,617,3,1,1),(859,618,3,1,1),(860,619,3,1,1),(861,620,3,1,1),(862,621,3,1,1),(863,622,3,1,1),(864,623,3,1,1),(865,643,3,1,1),(866,644,3,1,1),(867,645,3,1,1),(868,646,3,1,1),(869,647,3,1,1),(870,648,3,1,1),(871,649,3,1,1),(872,650,3,1,1),(873,651,3,1,1),(874,652,3,1,1),(875,653,3,1,1),(876,654,3,1,1),(877,655,3,1,1),(878,656,3,1,1),(879,657,3,1,1),(880,658,3,1,1),(881,659,3,1,1),(882,660,3,1,1),(883,661,3,1,1),(884,333,3,1,1),(885,334,3,1,1),(886,624,3,1,1),(887,632,3,1,1),(888,662,3,1,1),(889,670,3,1,1),(890,17,4,1,1),(891,23,4,1,1),(892,30,4,1,1),(893,31,4,1,1),(894,256,4,1,1),(895,257,4,1,1),(896,264,4,1,1),(897,24,5,1,1),(898,32,5,1,1),(899,33,5,1,1),(900,39,5,1,1),(901,246,5,1,1),(902,247,5,1,1),(903,258,5,1,1),(904,259,5,1,1),(905,265,5,1,1),(906,304,5,1,1),(907,305,5,1,1),(908,306,5,1,1),(909,18,6,1,1),(910,25,6,1,1),(911,34,6,1,1),(912,35,6,1,1),(913,40,6,1,1),(914,248,6,1,1),(915,249,6,1,1),(916,250,6,1,1),(917,251,6,1,1),(918,260,6,1,1),(919,261,6,1,1),(920,266,6,1,1),(921,307,6,1,1),(922,308,6,1,1),(923,309,6,1,1),(924,310,6,1,1),(925,311,6,1,1),(926,331,6,1,1),(927,332,6,1,1);
/*!40000 ALTER TABLE `genome_dataset` ENABLE KEYS */;
UNLOCK TABLES;

--
-- Table structure for table `genome_release`
--

DROP TABLE IF EXISTS `genome_release`;
/*!40101 SET @saved_cs_client     = @@character_set_client */;
/*!40101 SET character_set_client = utf8 */;
CREATE TABLE `genome_release` (
  `genome_release_id` int(11) NOT NULL AUTO_INCREMENT,
  `genome_id` int(11) NOT NULL,
  `release_id` int(11) NOT NULL,
  `is_current` tinyint(1) NOT NULL,
  PRIMARY KEY (`genome_release_id`),
  KEY `genome_release_genome_id_3e45dc04_fk` (`genome_id`),
  KEY `genome_release_release_id_bca7e1e5_fk_ensembl_release_release_id` (`release_id`),
  CONSTRAINT `genome_release_genome_id_3e45dc04_fk` FOREIGN KEY (`genome_id`) REFERENCES `genome` (`genome_id`) ON DELETE CASCADE ON UPDATE CASCADE,
  CONSTRAINT `genome_release_release_id_bca7e1e5_fk_ensembl_release_release_id` FOREIGN KEY (`release_id`) REFERENCES `ensembl_release` (`release_id`) ON DELETE CASCADE ON UPDATE CASCADE
) ENGINE=InnoDB AUTO_INCREMENT=15 DEFAULT CHARSET=latin1 ROW_FORMAT=COMPACT;
/*!40101 SET character_set_client = @saved_cs_client */;

--
-- Dumping data for table `genome_release`
--

LOCK TABLES `genome_release` WRITE;
/*!40000 ALTER TABLE `genome_release` DISABLE KEYS */;
INSERT INTO `genome_release` (`genome_release_id`, `genome_id`, `release_id`, `is_current`) VALUES (1,1,1,1),(4,4,1,1),(5,5,1,1),(6,6,1,1),(9,2,1,1),(10,3,1,1),(14,9,1,1);
/*!40000 ALTER TABLE `genome_release` ENABLE KEYS */;
UNLOCK TABLES;

--
-- Table structure for table `organism`
--

DROP TABLE IF EXISTS `organism`;
/*!40101 SET @saved_cs_client     = @@character_set_client */;
/*!40101 SET character_set_client = utf8 */;
CREATE TABLE `organism` (
  `organism_id` int(11) NOT NULL AUTO_INCREMENT,
  `taxonomy_id` int(11) NOT NULL,
  `species_taxonomy_id` int(11) DEFAULT NULL,
  `display_name` varchar(128) NOT NULL,
  `strain` varchar(128) DEFAULT NULL,
  `scientific_name` varchar(128) DEFAULT NULL,
  `url_name` varchar(128) NOT NULL,
  `ensembl_name` varchar(128) NOT NULL,
  `scientific_parlance_name` varchar(255) DEFAULT NULL,
  PRIMARY KEY (`organism_id`),
  UNIQUE KEY `ensembl_name` (`ensembl_name`)
) ENGINE=InnoDB AUTO_INCREMENT=7 DEFAULT CHARSET=latin1 ROW_FORMAT=COMPACT;
/*!40101 SET character_set_client = @saved_cs_client */;

--
-- Dumping data for table `organism`
--

LOCK TABLES `organism` WRITE;
/*!40000 ALTER TABLE `organism` DISABLE KEYS */;
INSERT INTO `organism` (`organism_id`, `taxonomy_id`, `species_taxonomy_id`, `display_name`, `strain`, `scientific_name`, `url_name`, `ensembl_name`, `scientific_parlance_name`) VALUES (1,6239,6239,'Caenorhabditis elegans','N2','Caenorhabditis elegans','Caenorhabditis_elegans','caenorhabditis_elegans',NULL),(2,511145,562,'Escherichia coli str. K-12 substr. MG1655 str. K12 (GCA_000005845)',NULL,'Escherichia coli str. K-12 substr. MG1655 str. K12','Escherichia_coli_str_k_12_substr_mg1655_gca_000005845','escherichia_coli_str_k_12_substr_mg1655_gca_000005845',NULL),(3,9606,9606,'Human',NULL,'Homo sapiens','Homo_sapiens','homo_sapiens','Human'),(4,36329,5833,'Plasmodium falciparum 3D7',NULL,'Plasmodium falciparum 3D7','Plasmodium_falciparum','plasmodium_falciparum',NULL),(5,559292,4932,'Saccharomyces cerevisiae','S288C','Saccharomyces cerevisiae S288c','Saccharomyces_cerevisiae','saccharomyces_cerevisiae',NULL),(6,4565,4565,'Triticum aestivum','reference (Chinese spring)','Triticum aestivum','Triticum_aestivum','triticum_aestivum',NULL);
/*!40000 ALTER TABLE `organism` ENABLE KEYS */;
UNLOCK TABLES;

--
-- Table structure for table `organism_group`
--

DROP TABLE IF EXISTS `organism_group`;
/*!40101 SET @saved_cs_client     = @@character_set_client */;
/*!40101 SET character_set_client = utf8 */;
CREATE TABLE `organism_group` (
  `organism_group_id` int(11) NOT NULL AUTO_INCREMENT,
  `type` varchar(32) NOT NULL,
  `name` varchar(255) NOT NULL,
  `code` varchar(48) DEFAULT NULL,
  PRIMARY KEY (`organism_group_id`),
  UNIQUE KEY `group_type_name_63c2f6ac_uniq` (`type`,`name`),
  UNIQUE KEY `organism_group_code_uindex` (`code`)
) ENGINE=InnoDB AUTO_INCREMENT=7 DEFAULT CHARSET=latin1 ROW_FORMAT=COMPACT;
/*!40101 SET character_set_client = @saved_cs_client */;

--
-- Dumping data for table `organism_group`
--

LOCK TABLES `organism_group` WRITE;
/*!40000 ALTER TABLE `organism_group` DISABLE KEYS */;
INSERT INTO `organism_group` (`organism_group_id`, `type`, `name`, `code`) VALUES (1,'breeds','Dog breeds',NULL),(2,'division','EnsemblVertebrates','2'),(3,'division','EnsemblPlants','3'),(4,'division','EnsemblBacteria','4'),(5,'division','EnsemblMetazoa','5'),(6,'division','EnsemblFungi','6');
/*!40000 ALTER TABLE `organism_group` ENABLE KEYS */;
UNLOCK TABLES;

--
-- Table structure for table `organism_group_member`
--

DROP TABLE IF EXISTS `organism_group_member`;
/*!40101 SET @saved_cs_client     = @@character_set_client */;
/*!40101 SET character_set_client = utf8 */;
CREATE TABLE `organism_group_member` (
  `organism_group_member_id` int(11) NOT NULL AUTO_INCREMENT,
  `is_reference` tinyint(1) NOT NULL,
  `organism_id` int(11) NOT NULL,
  `organism_group_id` int(11) NOT NULL,
  PRIMARY KEY (`organism_group_member_id`),
  UNIQUE KEY `organism_group_member_organism_id_organism_gro_fe8f49ac_uniq` (`organism_id`,`organism_group_id`),
  KEY `organism_group_membe_organism_group_id_533ca128_fk_organism_` (`organism_group_id`),
  CONSTRAINT `organism_group_membe_organism_group_id_533ca128_fk_organism_` FOREIGN KEY (`organism_group_id`) REFERENCES `organism_group` (`organism_group_id`) ON DELETE CASCADE ON UPDATE CASCADE,
  CONSTRAINT `organism_group_membe_organism_id_2808252e_fk_organism_` FOREIGN KEY (`organism_id`) REFERENCES `organism` (`organism_id`) ON DELETE CASCADE ON UPDATE CASCADE
) ENGINE=InnoDB AUTO_INCREMENT=4 DEFAULT CHARSET=latin1 ROW_FORMAT=COMPACT;
/*!40101 SET character_set_client = @saved_cs_client */;

--
-- Dumping data for table `organism_group_member`
--

LOCK TABLES `organism_group_member` WRITE;
/*!40000 ALTER TABLE `organism_group_member` DISABLE KEYS */;
INSERT INTO `organism_group_member` (`organism_group_member_id`, `is_reference`, `organism_id`, `organism_group_id`) VALUES (1,0,2,4),(2,0,3,2),(3,0,6,3);
/*!40000 ALTER TABLE `organism_group_member` ENABLE KEYS */;
UNLOCK TABLES;
/*!40103 SET TIME_ZONE=@OLD_TIME_ZONE */;

/*!40101 SET SQL_MODE=@OLD_SQL_MODE */;
/*!40014 SET FOREIGN_KEY_CHECKS=@OLD_FOREIGN_KEY_CHECKS */;
/*!40014 SET UNIQUE_CHECKS=@OLD_UNIQUE_CHECKS */;
/*!40101 SET CHARACTER_SET_CLIENT=@OLD_CHARACTER_SET_CLIENT */;
/*!40101 SET CHARACTER_SET_RESULTS=@OLD_CHARACTER_SET_RESULTS */;
/*!40101 SET COLLATION_CONNECTION=@OLD_COLLATION_CONNECTION */;
/*!40111 SET SQL_NOTES=@OLD_SQL_NOTES */;

-- Dump completed on 2023-04-27 13:29:25
